"instructor","idx","q1","q2","q3","q4","q5","q6","q7","q8","q9","q10"
"(ENSMINGER) O'BRIEN,ANN R","0","","","","","","","","","",""
"AARON,JESSI ELANA","1","","","","","","","","","",""
"AARON,TIFFANY S","2","","","","","","","","","",""
"AASHEIM,CHERYL LYNN","3","4.068323","4.114907","4.13354","4.13354","4.18125","4.3875","4.4125","4.5125","4.31875","4.621875"
"ABAIR,ALEXANDER LEE","4","3.946237","3.946237","3.849462","3.924731","4.282609","4.228261","4.619565","4.608696","4.423913","4.586957"
"ABAROA HURTADO,EDUARDO","5","4.666667","4.5","4.666667","4.666667","4.666667","4.5","4.833333","4.333333","4.5","5"
"ABBITT III,JOHN D","6","3.883019","3.928302","3.456604","4.011321","3.350943","3.498113","3.796226","3.984906","3.626415","4.196226"
"ABBITT,PATRICIA L","7","4.261905","4.142857","4.130952","4.107143","4.231884","4.173913","4.275362","4.188406","4.26087","4.275362"
"ABD-ELRAHMAN,AMR H","8","4.294278","4.26158","3.934605","4.305177","4.191257","4.371585","4.404372","4.584699","4.166667","4.472678"
"ABDELMONEM,MOSTAFA","9","4.461538","4.384615","4.769231","4.692308","4.692308","4.846154","4.923077","4.923077","4.846154","4.923077"
"ABDULHAMEED,NADER","10","4.479167","4.3125","4.3125","4.354167","4.425532","4.446809","4.574468","4.361702","4.510638","4.659574"
"ABEDI,HESAM","11","3.469388","3.469388","3.244898","3.77551","3.25","3.354167","3.520833","3.75","3.583333","3.5625"
"ABELLA FERNANDEZ,TANIA","12","4.846154","4.769231","4.846154","4.769231","5","5","5","5","5","5"
"ABELY,PATRICIA K","13","4.521739","4.26087","4.347826","4.304348","4.565217","4.434783","4.608696","4.608696","4.652174","4.652174"
"ABERNATHY,CAMMY","14","4.5625","4.4375","4.625","4.46875","4.75","4.4375","4.75","4.59375","4.59375","4.59375"
"ABIL,ZHANAR","15","3.946667","3.973333","3.72","4.066667","3.613333","3.68","4.106667","4.306667","3.706667","4.32"
"ABISAMBRA,JOSE FRANCISCO","16","4.152542","3.915254","4.033898","4.101695","4.206897","4.137931","4.206897","4.206897","4.275862","4.293103"
"ABOLVERDI,ZACHARY A","17","4.69697","4.757576","4.666667","4.727273","4.757576","4.545455","4.909091","4.454545","4.757576","4.909091"
"ABOUJAOUDE JR,ROCK ADEL","18","3.981481","3.888889","3.87037","3.962963","3.744186","3.883721","4.27907","4.209302","3.767442","4.581395"
"ABRACZINSKAS,MICHELLE","19","4.426471","4.529412","4.522059","4.441176","4.70229","4.717557","4.740458","4.78626","4.687023","4.694656"
"ABRAMOWITZ,BRIAN","20","4.714286","4.642857","4.214286","4.357143","4.642857","4.714286","4.857143","4.928571","4.571429","4.714286"
"ABRAMSON,MATTHEW DANIEL","21","4.939394","4.878788","4.909091","4.878788","4.878788","4.878788","4.909091","4.878788","4.848485","4.939394"
"ABRANCHES,JACQUELINE","22","4.425926","4.333333","4.277778","4.425926","4.660377","4.641509","4.679245","4.716981","4.660377","4.754717"
"ABREU,ROBERTO L","23","4.5","4.558824","4.588235","4.588235","4.617647","4.558824","4.823529","4.823529","4.617647","4.852941"
"ABU ARQUB,SARAH H","24","4.324324","4.216216","4.391892","4.337838","4.297297","4.324324","4.378378","4.391892","4.324324","4.77027"
"ABUFAUR,BELKIS","25","4.357401","4.3213","3.924188","4.368231","4.347826","4.476364","4.561594","4.630435","4.429091","4.561594"
"ABUKHALAF,AMER HAMAD ISSA","26","3.8125","3.875","3.958333","4.020833","3.595745","3.553191","4.042553","4.021277","4.12766","4.12766"
"ACEVEDO-CHARRY,ORLANDO","27","4.64","4.64","4.52","4.52","4.72","4.44","4.84","4.6","4.48","4.92"
"ACEVEDO,DAVID LEONARDO","28","4.4","4.4","4.6","4.4","4.4","4.4","4.2","4.6","4.8","5"
"ACEVEDO,GABRIELA","29","4.418103","4.241379","3.991379","4.37069","4.629956","4.687225","4.735683","4.77533","4.629956","4.784141"
"ACEVEDO,MIGUEL A","30","4.758333","4.758333","4.775","4.683333","4.8","4.686441","4.891667","4.783333","4.833333","4.933333"
"ACOSTA GANDUR,DANIEL EDUARDO","31","4.44878","4.42439","4.292683","4.395122","4.585366","4.712195","4.741463","4.790244","4.609756","4.770732"
"ACOSTA,LAURA JANE","32","4.56167","4.512334","4.533207","4.504744","4.709865","4.727273","4.83559","4.791103","4.820116","4.883946"
"ADAMS-MITCHELL,CANDICE JAMIA","33","4.322581","4.200717","4.154122","4.379928","4.166052","4.177122","4.376384","4.247232","4.287823","4.571956"
"ADAMS,ABRAHAM","34","4.555556","4.466667","4.733333","4.377778","4.75","4.840909","4.931818","4.681818","4.681818","4.886364"
"ADAMS,ALISON EVE","35","4.441489","4.430851","4.345745","4.43617","4.545455","4.521505","4.776596","4.606383","4.638298","4.824468"
"ADAMS,ALYSON JOYCE","36","4.75","4.75","4.625","4.8125","4.8125","5","4.875","4.9375","4.8125","4.9375"
"ADAMS,CARRIE REINHARDT","37","4.586466","4.458647","4.195489","4.533835","4.639098","4.518797","4.721805","4.654135","4.691729","4.842105"
"ADAMS,DANEEN MARIE","38","3.88806","3.865672","3.477612","3.970149","3.873134","4.06015","4.104478","4.345865","3.977612","4.156716"
"ADAMS,DANIE","39","4.287671","4.164384","4.493151","4.328767","4.625","4.708333","4.791667","4.75","4.722222","4.763889"
"ADAMS,DENISE SUZANNE","40","4.472222","4.416667","4.222222","4.416667","4.472222","4.722222","4.75","4.805556","4.611111","4.75"
"ADAMS,DUSTIN","41","4.555556","4.666667","4.777778","4.555556","4.888889","4.888889","4.888889","4.777778","4.666667","4.777778"
"ADAMS,GEORGE","42","4.198113","4.179245","4.141509","4.235849","4.216981","4.301887","4.367925","4.745283","4.311321","4.603774"
"ADAMS,HAYLEY REBECCA","43","4.401709","4.290598","3.82906","4.470085","4.299145","4.179487","4.452991","4.529915","4.57265","4.547009"
"ADAMS,HENRY","44","4.698113","4.641509","4.792453","4.660377","4.811321","4.924528","4.943396","5","4.849057","4.867925"
"ADAMS,JOHNNY L","45","3.3","3.75","3.283333","3.783333","2.949153","3.423729","3.813559","3.915254","3.186441","3.898305"
"ADAMS,JONATHAN","46","4.633333","4.683333","4.716667","4.566667","4.783333","4.583333","4.833333","4.833333","4.65","4.916667"
"ADAMS,KYLE","47","4.22381","4.209524","3.590476","4.304762","4.753165","4.772152","4.797468","4.78481","4.803797","4.791139"
"ADAMS,OLIVIA ROSE","48","4.573333","4.506667","4.4","4.54","4.72","4.76","4.786667","4.78","4.773333","4.826667"
"ADAMS,PETER N","49","4.409449","4.314961","4.307087","4.370079","4.479167","4.438776","4.639175","4.561224","4.53125","4.639175"
"ADAMS,SEAN","50","4.45283","4.314465","4.125786","4.408805","4.641509","4.449367","4.761006","4.748428","4.735849","4.867925"
"ADAMS,STEPHEN CHARLES","51","4.8","5","4.8","4.8","5","5","5","5","4.8","5"
"ADAMS,STEPHEN M","52","4.394371","4.400375","3.900563","4.412383","4.451057","4.204367","4.442897","4.529444","4.533408","4.485237"
"ADAMS,TODD C","53","4.607143","4.464286","4.428571","4.571429","4.535714","4.785714","4.464286","4.642857","4.571429","4.75"
"ADARYUKOV,LEO","54","4.264317","4.281938","3.806167","4.264317","4.205357","4.488789","4.59375","4.6875","4.401786","4.700893"
"ADDAE,NAARAH-MORIAH","55","3.703704","3.740741","3.814815","3.592593","4.576923","4.653846","4.730769","4.730769","4.653846","4.807692"
"ADDIE,YEWANDE O","56","4.041237","4.154639","3.71134","4.206186","3.947917","4.114583","4.2","4.322917","4.114583","4.319588"
"ADEDEJI,OLUWABUKUNMI THOMAS","57","4.264516","4.329032","3.787097","4.335484","4","4.282609","4.391304","4.369565","4.086331","4.492754"
"ADEJUMO,VINCENT EDWARD","58","4.009709","3.92233","3.31068","4.087379","3.446602","3.446602","3.84466","3.796117","3.68932","3.970874"
"ADEOJO,MOSUNMOLA OMOWUNMI","59","3.42623","3.491803","3.032787","3.688525","3.183333","3.3","3.816667","3.786885","3.557377","3.721311"
"ADEWUMI,ABIMBOLA O","60","4.4","4.4","4.4","4.4","4","4.2","4.4","4.2","4.2","4.2"
"ADHIKARY,RAJ","61","4.147059","4.117647","4.352941","4.088235","4.030303","3.757576","4.382353","4.088235","4.235294","4.382353"
"ADIN,CHRISTOPHER A","62","4.566667","4.422222","4.5","4.455556","4.866667","4.840909","4.877778","4.811111","4.888889","4.922222"
"ADIN,DARCY BRITTAIN","63","4.570248","4.560331","4.542149","4.560331","4.552083","4.496868","4.608333","4.552083","4.558333","4.636929"
"ADIPUTERA,YUNIZAR","64","4.23913","4.195652","3.652174","4.282609","4.102564","4.179487","4.282051","4.368421","4.179487","4.230769"
"ADISA,ISMAILA OLUWADAMILARE","65","4.714286","4.535714","4.857143","4.607143","4.75","4.714286","4.892857","4.714286","4.392857","4.964286"
"ADKINS,LAUREN","66","4.882353","4.470588","4.823529","4.823529","4.647059","4.411765","4.882353","4.823529","4.529412","4.882353"
"ADKINS,MARY E","67","4.218182","4.254545","4.381818","4.072727","4.384615","4.307692","4.5","4.461538","4.346154","4.653846"
"ADLER,JEFFREY S","68","4.217143","4.16","4.074286","4.16","4.331429","4.268571","4.382857","4.6","4.428571","4.72"
"ADOLPHS,MAX","69","4.477024","4.274252","3.884026","4.412837","4.557664","4.30095","4.527007","4.417518","4.59927","4.720438"
"ADOU,BABA SALEM","70","3.666667","3.333333","3.666667","3.666667","3.333333","3","3.666667","3.666667","3.333333","3.666667"
"AFFLECK,PIERCE","71","4.125","4.375","4.375","4.3125","5","4.9375","4.9375","4.8125","4.875","4.8125"
"AFFONSO,FELIPE M","72","4.076923","4.230769","4.230769","4.230769","4.461538","4.692308","4.692308","4.846154","4.461538","4.615385"
"AFRIT,BRAHIM","73","4.196078","4.137255","4.117647","4.058824","4.1","4.28","4.2","4.36","4.08","4.58"
"AGARWAL,SHUBHI","74","4.295455","4.318182","4.25","4.409091","4.159091","4.25","4.409091","4.795455","4.113636","4.818182"
"AGBOOLA,FOLUSO O","75","4.857143","4.714286","4.714286","4.857143","4.857143","4.285714","4.857143","4.857143","4.857143","4.714286"
"AGGARWAL,ASHISH","76","4.423358","4.426676","3.889184","4.339748","4.216234","4.161441","4.514362","4.557333","4.413839","4.573236"
"AGHABEIGI,SHARMAGH","77","4.782609","4.608696","4.782609","4.695652","4.956522","4.913043","4.956522","4.913043","4.956522","4.956522"
"AGNELLI,SARA","78","4.538462","4.384615","4.769231","4.538462","4.384615","4.307692","4.230769","4.384615","4.230769","4.923077"
"AGOES,PASHA","79","4.430052","4.34715","4.544041","4.42487","4.533679","4.409326","4.715026","4.606218","4.642487","4.829016"
"AGUILAR,MARIA LUCIA","80","4.42515","4.407186","4.437126","4.413174","4.487654","4.574074","4.604938","4.54321","4.37037","4.777778"
"AGUINALDE,PAULINE GUIEB","81","4.407895","4.263158","4.434211","4.302632","4.513158","4.578947","4.723684","4.763158","4.486842","4.697368"
"AGUIRRE,JOSE I","82","4.173333","4.013333","4.26","4.14","4.473333","4.413333","4.653333","4.573333","4.473333","4.813333"
"AGUNBIADE,TOLULOPE","83","3.574899","3.582996","3.299595","3.781377","3.647773","3.699187","3.926829","3.94332","3.894737","4.101215"
"AGYAPONG,GODFRED","84","5","5","5","4.8","5","5","5","5","5","5"
"AHAMED,SUHANA JAMIL","85","4.296296","4.092593","3.703704","4.351852","2.792453","3.226415","3.226415","3.490566","2.924528","4.132075"
"AHERNE,MICHAEL","86","4.542398","4.526316","4.527778","4.527778","4.657729","4.56761","4.676101","4.61478","4.677673","4.688679"
"AHLBERG,JAIME","87","4","4.017544","4.333333","4.140351","4.122807","4.053571","4.375","4.392857","4.298246","4.614035"
"AHLGREN (SHE/HER),JOSLYN","88","4.639068","4.484727","4.438907","4.52492","4.732633","4.678226","4.858065","4.868548","4.745968","4.964516"
"AHMED,FIROZ","89","4.092593","4.009259","4.037037","3.981481","3.8625","4.15","4.2","4.2375","3.9625","4.3375"
"AHMED,SHAKEEL","90","4.463277","4.426554","4.39548","4.40678","4.668555","4.654391","4.68272","4.708215","4.671388","4.745042"
"AHN,RACHAEL JUNGWON","91","4","4","4","5","5","5","5","5","5","5"
"AHN,SOOHYOUN","92","4.330749","4.155039","3.848579","4.343669","4.480809","4.466009","4.606642","4.663207","4.639523","4.65544"
"AHOSSIN,CAROLE FLORENCE","93","4.32","4.12","3.52","4.52","3.56","4.28","4.04","4.16","4","4.44"
"AHRENS,ANGELICA P","94","4.05569","4.150121","4.179177","4.070218","4.058394","3.934466","4.466019","4.276699","4.206311","4.786408"
"AHUMADA HERNANDEZ,LAURA CAROLINA","95","4.333333","4.333333","4.5","4.333333","4.333333","4.666667","4.833333","4.666667","4.166667","4.5"
"AIFANTIS,KATERINA","96","4.131868","4.186813","3.945055","4.32967","3.967033","3.857143","4.32967","4.395604","4.241758","4.505495"
"AIMINO,KAILA","97","4.2","3.95","4.4","3.95","4.6","4.75","4.6","4.65","4.55","4.65"
"AINSWORTH,ROBERT M","98","4.526316","4.460526","4.315789","4.447368","4.421053","4.565789","4.315789","4.697368","4.539474","4.289474"
"AISA,JOSEP","99","4.180851","4.159574","4.180851","4.148936","4.7125","4.7125","4.775","4.7125","4.7875","4.85"
"AITKALIYEVA,ASSEL","100","4.55","4.325","4.425","4.375","4.575","4.65","4.7","4.8","4.475","4.65"
"AITKEN,KELLY J","101","4.566667","4.5","4.666667","4.4","5","5","5","5","5","5"
"AITSAHLIA,FARID","102","3.950617","4.037037","3.737654","4.101852","3.929012","4.23839","4.089506","4.402477","4.027778","4.41358"
"AIVALIS,THEODOSIOS","103","4.372727","4.3","3.827273","4.463636","4.090909","4.427273","4.572727","4.518182","4.181818","4.5"
"AIYA,FAITH OZEMEBHOYA","104","4.121795","4.070513","4.365385","4.083333","4","4.30719","4.414474","4.348684","4.14","4.38"
"AJIBADE,BISOLA JOY","105","5","5","5","4.5","5","5","5","5","5","5"
"AJOSEH,SEUN MAUTON","106","4.4","4.288889","4.311111","4.466667","4.348837","4.372093","4.55814","4.465116","4.44186","4.511628"
"AJOSEH,SOLOMON OLUWADAMILARE","107","3.777778","3.857143","4.174603","3.746032","3.319149","3.553191","3.531915","3.574468","3.382979","3.574468"
"AKANBI,FRANCIS TEMIDAYO","108","4.166667","4.133333","4.566667","4.033333","4.433333","4.566667","4.666667","4.633333","4.3","4.8"
"AKCALI,ELIF","109","4.403846","4.307692","4.230769","4.269231","4.403846","4.019608","4.576923","3.942308","4.461538","4.865385"
"AKELLA,SAMEERA VIRAJA","110","4.306122","4.22449","3.979592","4.367347","4.061224","4.125","4.428571","4.387755","4.285714","4.428571"
"AKIELY,FARAH","111","3.714602","3.692478","3.15708","3.882743","3.412946","3.701559","3.734967","3.95302","3.667411","3.743875"
"AKINDELE,ABDULQAYYUM OLALEKAN","112","4.083333","4.25","4.416667","4.25","4.166667","4.416667","4.083333","4.25","3.666667","4.666667"
"AKINMADE,HABIB OLUMIDE","113","4.5","4.5","4.4","4.6","4.6","4.6","4.6","4.6","4.6","4.6"
"AKINNOLA,ILERIOLUWA","114","4.474359","4.25641","4.576923","4.333333","4.538462","4.602564","4.820513","4.807692","4.653846","4.820513"
"AKINOLA,FATIMA ABDULWAHEED","115","4.038724","4.070615","3.469248","4.091116","3.792818","4.030055","4.052486","4.256198","3.916898","4.063712"
"AKL,HODA","116","3.793814","3.876289","3.226804","3.896907","3.533333","3.822222","3.933333","4.222222","3.955056","3.922222"
"AKLEMAN,CEM L","117","4.652174","4.608696","4.608696","4.565217","4.565217","4.434783","4.565217","4.695652","4.478261","4.608696"
"AKPAN,UWEM C","118","4.827586","4.862069","4.931034","4.655172","4.793103","4.758621","4.965517","4.827586","4.896552","5"
"AKTER,AIRIN","119","4.031818","4.072727","3.581818","4.131818","3.620192","3.927885","3.971014","4.125","3.830097","3.956522"
"AKYAPI,BERKAY","120","4.423858","4.423858","4.296954","4.413706","4.487245","4.513995","4.617347","4.73028","4.40458","4.664122"
"AL-MANSOUR,ZEINA A","121","3.727273","3.090909","2.909091","3.818182","3.333333","3.333333","3.5","3.5","3.5","3.5"
"AL-RABEAH,HAYTHAM REYADH","122","4.32","4.28","3.8","4.16","3.88","4.08","4.32","4.36","4.12","4.32"
"AL-SAAD,MOHAMMAD","123","4.412262","4.382664","4.067653","4.403101","4.363765","4.336872","4.548478","4.620495","4.443029","4.644272"
"ALAKE,GIDEON C","124","4","3.8125","3.958333","4.020833","3.864583","4.09375","4.385417","4.3125","4","4.75"
"ALAKSHENDRA,ABHINAV","125","4.284091","4.340909","4.386364","4.159091","4.318182","3.818182","4.488636","4.193182","4.272727","4.602273"
"ALAM,MD. SHAHARIER","126","4.043668","4.082969","3.572052","4.104803","4.01","4.120603","4.226131","4.326633","4.190955","4.19598"
"ALAMOUDI,YAZAN MOHAMMED","127","4.355731","4.335968","3.822134","4.328063","4.022222","4.077348","4.172222","4.160221","4.022222","4.261111"
"ALAPPATTU,MERYL","128","4.276423","4.341463","4.243902","4.247967","4.567347","4.528689","4.654472","4.681633","4.64898","4.714286"
"ALARIAN,HANNAH M","129","4.595745","4.585106","4.62766","4.595745","4.585106","4.623656","4.744681","4.702128","4.680851","4.819149"
"ALAUKIK,ABHAY","130","4.131579","3.855263","3.855263","3.960526","4.16129","4.28125","4.428571","4.52381","4.238095","4.4375"
"ALAWODE,OLUWATOBI ABEL","131","4.3125","4.205357","4.285714","4.3125","4.258929","4.169643","4.375","4.446429","4.410714","4.633929"
"ALBA,JOSEPH W","132","4.441441","4.288288","4.216216","4.306306","4.54955","4.288288","4.558559","4.558559","4.630631","4.864865"
"ALBERT FERRANDO,LORENA","133","4.354839","4.16129","4.451613","4.16129","4.548387","4.451613","4.677419","4.580645","4.451613","4.612903"
"ALCAIDE-GARCIA,NURIA","134","4.493902","4.408537","4.664634","4.292683","4.719512","4.756098","4.817073","4.810976","4.695122","4.926829"
"ALDRICH,JANE V","135","4.323944","4.239437","4.098592","4.338028","4.528571","4.463768","4.542857","4.550725","4.528571","4.585714"
"ALEKSIUN,NATALIA","136","4.52","4.4","4.18","4.4","4.54","4.32","4.72","4.4","4.58","4.94"
"ALEM,BELAY WORKU","137","4.2","4.1","4.1","4.1","4.4","4.4","4.5","4.5","4.5","4.6"
"ALEMAN,MIREILLE J","138","4.224227","4.028351","3.943299","4.195876","4.095484","4.107097","4.32","4.432258","4.090323","4.580645"
"ALEMAN,RAMON","139","4.677966","4.508475","4.59322","4.372881","4.830508","4.694915","4.898305","4.711864","4.898305","4.915254"
"ALEXANDER,AMY B","140","4.623301","4.584466","4.582524","4.561165","4.752273","4.709091","4.840909","4.770455","4.840909","4.879545"
"ALEXANDER,BRADY LINN","141","3.538462","3.461538","4.384615","3.692308","3.846154","3.461538","4.615385","3.615385","4.230769","4.153846"
"ALEXANDER,KAITLIN M","142","4.455814","4.427907","4.437209","4.427907","4.660465","4.660465","4.674419","4.665116","4.646512","4.683721"
"ALEXANDER,SHANNON R","143","4.8","4.6","4.2","4.6","4.6","4.6","5","4.6","4.8","4.8"
"ALEXANDRINO BORGES,DANIA","144","4.547619","4.547619","4.52381","4.214286","4.571429","4.452381","4.666667","4.571429","4.547619","4.761905"
"ALFONSO,ZOE ZI CHEN","145","4.666667","4.444444","4.111111","4.555556","4.444444","4.555556","4.666667","4.666667","4.666667","4.666667"
"ALGABLI,SALAH AHMED ALI","146","4.6121","4.427046","4.633452","4.476868","4.711744","4.688172","4.907473","4.729537","4.654804","4.946619"
"ALGUIRE,EBEN PATRICK","147","3.555556","3.777778","4.111111","3.777778","4.375","4.25","4.5","4.25","4.25","4.875"
"ALHADDADEH,HADEEL SAMEH FARID","148","4.333333","4.392157","4.54902","4.294118","4.607843","4.588235","4.784314","4.705882","4.607843","4.784314"
"ALHATEM,HAMAD A","149","4.539683","4.428571","4.031746","4.531746","4.238095","4.452381","4.563492","4.563492","4.460317","4.515873"
"ALHILOU,AHMED","150","4.205405","4.183784","4.172973","4.237838","4.173184","4.184358","4.089385","4.234637","4.340782","4.402235"
"ALI,AFSAR","151","3.872727","3.9","3.354545","4.027273","3.718182","3.836364","3.981818","3.854545","3.763636","4.218182"
"ALI,ZAINAB","152","4.264808","4.209059","3.916376","4.334495","4.216028","4.383275","4.473868","4.609756","4.397213","4.505226"
"ALICHE,OBIANUJU","153","3.878788","3.818182","3.424242","3.939394","3.69697","3.939394","3.939394","4.090909","4.151515","4.030303"
"ALIMOHAMADI,PARISA","154","4.073171","4.317073","4.317073","4.195122","4.707317","4.829268","4.756098","4.780488","4.634146","4.585366"
"ALLADI,KRISHNASWAMI","155","4.439024","4.243902","3.902439","4.292683","4.47561","4.463415","4.54878","4.47561","4.414634","4.853659"
"ALLEN-DURRANCE,ASHLEY E","156","4.640884","4.585635","4.535912","4.530387","4.634021","4.570681","4.642487","4.605263","4.677083","4.731959"
"ALLEN-MITCHELL,ACQUEL","157","4.423729","4.288136","3.966102","4.372881","4.288136","4.559322","4.491525","4.559322","4.305085","4.423729"
"ALLEN,JESSICA L","158","4.156682","4.202765","4.023041","4.24424","4.179724","4.032258","4.285714","4.400922","4.198157","4.451613"
"ALLEN,JOHN M","159","4.28642","4.192593","4.355556","4.135802","4.391089","4.344059","4.584158","4.409877","4.316049","4.664198"
"ALLEN,JOSEPHINE","160","4.569444","4.472222","4.25","4.583333","4.56338","4.422535","4.830986","4.513889","4.690141","4.875"
"ALLEN,KYLE DOUGLAS","161","4.4375","4.421875","4.421875","4.40625","4.375","4.125","4.515625","4.359375","4.390625","4.734375"
"ALLEN,MARK ANDERSON","162","4.509434","4.603774","4.54717","4.45283","4.679245","4.698113","4.792453","4.754717","4.509434","4.811321"
"ALLEN,PHILIP C","163","4.64","4.4","4.8","4.36","4.68","4.92","4.88","4.92","4.84","4.92"
"ALLEN,STACCIE A","164","4.45","4.366667","4.166667","4.333333","4.561404","4.491228","4.684211","4.666667","4.614035","4.754386"
"ALLEN,WILLIAM L","165","4.12844","4.073394","4.385321","4.100917","4.38835","4.252427","4.524272","4.36","4.475728","4.553398"
"ALLEY,MAGGIE","166","4.316832","4.237624","4.118812","4.257426","4.376238","4.316832","4.584158","4.514851","4.50495","4.485149"
"ALLI,ABDEL A","167","4.234568","4.222222","4","4.197531","4.369295","4.485477","4.55","4.589958","4.473029","4.551867"
"ALLISON,ANDREW B","168","4.857143","4.785714","4.642857","4.714286","4.642857","4.642857","4.642857","4.642857","4.571429","4.642857"
"ALLISON,AUSTIN JAMES","169","4.8","4.8","4.8","5","4.2","4.2","4.2","4.4","4.2","4.6"
"ALLISON,KYLE","170","4.412698","4.349206","3.952381","4.365079","4.142857","4.365079","4.52381","4.571429","4.387097","4.460317"
"ALLRED,DAVID R","171","2.666667","2.69697","3.363636","2.727273","2.727273","3.454545","3.454545","3.878788","2.69697","3.606061"
"ALLRED,KATHYRN ""KATIE"" J","172","3.913043","3.956522","3.362319","3.956522","3.507246","4.014493","3.971014","4.057971","3.867647","3.898551"
"ALMEYDA,TRIANA","173","4.644444","4.644444","4.644444","4.533333","4.615385","4.615385","4.653846","4.615385","4.423077","4.730769"
"ALMOND,SARAH S","174","4.125","4.125","4.5","3.875","3.25","3.375","3.125","3.75","3.375","3.625"
"ALPERGIN,DILAN SU","175","4.823529","4.764706","4.705882","4.647059","4.823529","4.941176","4.941176","5","4.882353","4.941176"
"ALQABBAA,MOHAMMED HAMOUD","176","4.333333","4.333333","4.222222","4.333333","4.444444","4.777778","4.777778","4.555556","4.333333","4.777778"
"ALQASEM,ABDULMAJEED QASEM S","177","4.25","4.326087","3.793478","4.282609","3.703297","4.10989","4.087912","4.362637","3.868132","4.285714"
"ALREAD,JASON","178","4.7875","4.6875","4.6625","4.6375","4.911392","4.860759","4.886076","4.860759","4.8625","4.962025"
"ALRUZUQ,ALI RASHED","179","4.333333","3.916667","4.138889","4.194444","3.333333","4.181818","4.181818","4.242424","3.636364","4.242424"
"ALTIERI,ANDREW HARLAN","180","4.629032","4.532258","4.612903","4.435484","3.868852","3.52459","4.180328","3.737705","4.032787","4.180328"
"ALTMEYER,TIM","181","4.776471","4.764706","4.788235","4.717647","4.905882","4.870588","4.835294","4.823529","4.858824","4.917647"
"ALTO,BARRY WILMER","182","4.320988","4.123457","3.580247","4.283951","4.189873","4.253165","4.379747","4.455696","4.43038","4.43038"
"ALTPETER,FREDY","183","4.051282","4.064103","3.74359","4.089744","4.487179","4.545455","4.525641","4.551282","4.423077","4.525641"
"ALVARADO,DIEGO","184","4.251962","4.183958","3.913688","4.259808","4.315009","4.39476","4.63986","4.636681","4.547993","4.744978"
"ALVARADO,MICHELLE","185","4.493333","4.493333","4.413333","4.466667","4.706667","4.733333","4.746667","4.72","4.706667","4.706667"
"ALVAREZ III,ESTEBAN RAFAEL","186","5","5","5","5","5","5","5","5","5","5"
"ALVAREZ-CASTRO,LUIS","187","4.5","4.375","4.5","4.5","5","5","5","5","5","5"
"ALVAREZ,ERIN","188","4.537313","4.447761","4.313433","4.477612","4.567164","4.149254","4.716418","4.462687","4.686567","4.761194"
"ALVAREZ,HERNAN GONZALO","189","3.803922","3.823529","3.686275","3.882353","4.078431","4.215686","4.411765","4.470588","4.313725","4.294118"
"ALVAREZ,ISMELDA","190","4.403226","4.177419","4.419355","4.403226","4.741935","4.709677","4.822581","4.83871","4.806452","4.83871"
"ALVERO,AJ","191","4.539683","4.539683","4.650794","4.492063","4.634921","4.587302","4.761905","4.714286","4.666667","4.761905"
"ALVINA,KARINA A","192","3.8","3.76","4.16","3.82","3.681818","3.738095","4.133333","4.139535","3.888889","4.25"
"ALWISY,ALADDIN","193","4.477679","4.397321","4.459821","4.379464","4.67713","4.686099","4.762332","4.713004","4.641256","4.843049"
"AMAN,JANE","194","4.265625","4.328125","4.421875","4.125","4.412698","4.619048","4.677419","4.645161","4.59375","4.765625"
"AMANAMBU,AMOBICHUKWU CHUKWUDI","195","4.126582","4.113924","3.493671","4.202532","3.818182","3.87013","4.090909","4.12987","3.986842","4.064935"
"AMANI,MONIJA","196","3.777778","3.555556","4.222222","3.833333","3.2","3.666667","4","3.8","3.733333","4.066667"
"AMBERSON,DEBORAH","197","4.816667","4.75","4.866667","4.766667","4.95","4.883333","4.966667","4.95","4.95","4.983333"
"AMBRISTER,EDRICO P","198","4.388889","4.5","4.722222","4.611111","4.722222","4.777778","4.888889","4.888889","4.833333","4.888889"
"AMEIN,CAROLINE GRACE","199","4.321429","4.053571","4.160714","4.089286","4.607143","4.696429","4.75","4.660714","4.625","4.75"
"AMEKLI,MABEL","200","3.888889","4.111111","4.111111","3.777778","3.222222","3.333333","3.444444","3.444444","3.111111","4.222222"
"AMINI,LEO HAMED","201","3.873737","3.949495","3.462121","4.010101","3.770992","4.020356","4.010204","4.234694","3.979644","4.155216"
"AMIRSULTAN,SOPHIA S","202","4.692593","4.637037","4.577778","4.588889","4.798319","4.752137","4.805085","4.694915","4.771186","4.805085"
"AMOKO,APOLLO OBONYO","203","4.789474","4.684211","4.842105","4.736842","4.833333","4.722222","4.944444","4.263158","4.333333","5"
"AMOUZOU,MARCELLINE","204","4.358974","4.333333","3.769231","4.461538","3.88","4.24","4.12","4.16","4","4.12"
"AMPATZIDIS,YIANNIS","205","4.857143","4.857143","4.571429","4.857143","4.857143","4.714286","4.857143","4.857143","4.857143","4.857143"
"AN,YUTING","206","3.727273","3.727273","2.909091","3.727273","3.363636","3.909091","3.7","4.272727","3.5","3.8"
"ANANTHARAM,ANITA","207","4.223443","4.238095","3.978022","4.271062","4.252918","4.34375","4.525292","4.647287","4.486381","4.669261"
"ANDEL,MELISSA J","208","4.85","4.75","4.45","4.85","4.95","4.75","4.9","4.9","4.85","4.95"
"ANDERSON JR,THOMAS M","209","4.611111","4.555556","4.444444","4.611111","4.647059","4.588235","4.777778","4.764706","4.666667","4.777778"
"ANDERSON,AVA COCO","210","4.588235","4.529412","4.235294","4.470588","4.294118","4.588235","4.529412","4.588235","4.352941","4.352941"
"ANDERSON,BENJAMIN","211","4.037037","4.092593","4.185185","4.240741","4.296296","3.611111","4.481481","4.148148","4.5","4.685185"
"ANDERSON,CATHY YOUNG","212","5","4.8","4.8","5","4.6","5","5","5","5","4.8"
"ANDERSON,HANNAH GRACE","213","3.545455","3.623377","3.08658","3.735931","3.325792","3.636364","3.901345","4.022523","3.572727","3.730942"
"ANDERSON,KATIE","214","3.813333","3.72","3.333333","3.893333","3.310345","3.491525","3.534483","3.551724","3.482759","3.728814"
"ANDERSON,LESLIE ELIN","215","4.464286","4.5","4.678571","4.5","4.5","4.214286","4.821429","4.357143","4.75","4.892857"
"ANDERSON,MCKINNA JILLIAN","216","5","5","5","5","5","5","5","5","5","5"
"ANDERSON,RICHARD D","217","4.821429","4.75","4.892857","4.714286","4.928571","4.714286","4.964286","4.714286","4.857143","4.964286"
"ANDERSON,RYAN","218","4.692308","4.512821","4.410256","4.589744","4.837838","4.891892","4.864865","4.891892","4.756757","4.837838"
"ANDERSON,SARAH","219","4.333333","4.222222","4.555556","4","5","5","5","4.888889","4.888889","5"
"ANDERSON,TRAVIS JAMES","220","4.034483","4","3.948276","4.189655","3.586207","3.793103","3.948276","4.517241","3.448276","4.431034"
"ANDERSON,WILLIAM BLAKE","221","4.224806","4.266667","3.868217","4.165891","4.258165","4.430793","4.448598","4.524106","4.328149","4.699844"
"ANDRADE,JEANETTE MARY","222","4.220339","4.118644","4.177966","4.144068","4.440678","4.466102","4.584746","4.542373","4.584746","4.754237"
"ANDRADE,JUAN EMILIO","223","4.598361","4.467213","4.459016","4.516393","4.631148","4.655738","4.745902","4.745902","4.508197","4.827869"
"ANDREU,MICHAEL G","224","4.577778","4.481481","4.37037","4.481481","4.455285","4.435484","4.569106","4.419355","4.483871","4.653226"
"ANDREW,JENNIFER","225","4.591241","4.510949","4.189781","4.474453","4.569343","4.423358","4.625","4.786765","4.625","4.882353"
"ANDREWS,ALLISON MICHE","226","4.533333","4.6","4.666667","4.333333","4.642857","4.642857","4.642857","4.714286","4.571429","4.714286"
"ANDREWS,JEFFREY J","227","4.322581","4.387097","4.258065","4.33871","4.129032","3.951613","4.596774","4.33871","4.274194","4.564516"
"ANDRIOLLO,GABRIEL LEONARDO","228","3.555556","3.444444","3.777778","3.777778","3.555556","3.444444","3.888889","4","3.777778","4.555556"
"ANDUJAR,MARVIN J","229","3.234043","3.255319","3.27234","3.4","2.782979","2.761702","3.417021","3.514894","2.86383","4.13617"
"ANGELILLO,JOSEPH CHARLES","230","4.488189","4.370079","4.566929","4.440945","4.650794","4.65873","4.761905","4.777778","4.761905","4.904762"
"ANGELINI,CHRISTINE","231","4.551282","4.551282","4.551282","4.461538","4.276923","4.138462","4.538462","4.307692","4.446154","4.692308"
"ANGELINI,THOMAS ETTOR","232","4.244755","4.216783","3.993007","4.174825","4.293706","4.272727","4.461538","4.314685","4.286713","4.615385"
"ANGERHOFER,ALEXANDER","233","4.561453","4.547486","4.460894","4.435754","4.53352","4.621849","4.756983","4.821229","4.50838","4.885475"
"ANGERHOFER,ETHAN TOBIAS","234","4.166667","4.333333","4.166667","4.166667","4.166667","4.5","4.5","4.666667","4.166667","4.5"
"ANGLIN,JEREMIAH DEVONTE","235","3.782609","3.945652","3.804348","3.923913","3.880435","4.130435","4.130435","4.23913","3.891304","4.065217"
"ANIRUDHAN,VARSHA","236","3.894737","4.052632","3.842105","3.736842","4.263158","4.526316","4.578947","4.631579","4.368421","4.263158"
"ANNABLE,MICHAEL D","237","4.47012","4.454183","4.306773","4.326693","3.300847","3.464135","3.59322","3.813559","3.29661","3.679325"
"ANOKWU,AGATHA OLUCHUKWU","238","3.257576","3.484848","3.212121","3.530303","2.863636","3.272727","3.606061","3.636364","3.015152","3.80303"
"ANSELL,MARGARET","239","4.2","4.133333","4.333333","4.333333","4.133333","3.8","4.266667","4.266667","4.333333","4.666667"
"ANTES,THERESA A","240","4.684211","4.578947","4.747368","4.6","4.810526","4.894737","4.873684","4.894737","4.863158","4.894737"
"ANTHONY,CHRISTOPHER JAMES","241","4.666667","4.546667","4.626667","4.546667","4.893333","4.92","4.92","4.946667","4.786667","4.893333"
"ANTHONY,EVELYN YOUNG","242","4.8","4.8","4.8","5","4.25","4.25","4.25","4.25","4.25","4.25"
"ANTHONY,LISA","243","3.813953","3.930233","3.674419","3.976744","3.738095","3.785714","4.046512","4.116279","3.883721","3.953488"
"ANTON,STEPHEN","244","4.466667","4.3","4.4","4.366667","4.566667","4.533333","4.7","4.566667","4.5","4.566667"
"ANTONELLI,JOSEPH L","245","4.494253","4.482759","4.183908","4.425287","4.494253","4.551724","4.54023","4.735632","4.551724","4.770115"
"ANTONENKO,PAVLO","246","4.72043","4.688172","4.591398","4.645161","4.677419","4.763441","4.817204","4.784946","4.731183","4.795699"
"ANTUNES,AGHANE","247","4.243523","4.243523","3.84456","4.331606","4.068063","4.298429","4.507853","4.560209","4.324607","4.528796"
"APAYDIN,ERIC ANDREW","248","4.272727","4.181818","4.363636","4.090909","4.6","4.636364","4.545455","4.727273","4.545455","4.727273"
"APONTE UTANI,ALEXANDRA PAOLA","249","4.363636","4.454545","4.454545","4.272727","4.636364","4.545455","4.545455","4.636364","4.818182","4.545455"
"APPLE,ALYSSA","250","4","4.5","4.5","4","4.25","4","4.75","4.25","4.5","4.5"
"APPLEBAUM,JENNIFER W","251","4.689655","4.724138","4.310345","4.551724","4.62069","4.678571","4.821429","4.928571","4.642857","4.714286"
"APRAIZ,KRISTEN","252","4.683544","4.632911","4.772152","4.481013","4.777778","4.888889","4.753425","4.805556","4.722222","4.90411"
"ARAKAWA,JASMIN","253","4.8","4.866667","4.866667","4.866667","4.866667","4.8","4.8","4.866667","4.866667","4.933333"
"ARAKERE,NAGARAJ KESHAVAMURTHY","254","4.342857","4.228571","3.957143","4.271429","4.2","4.028571","4.271429","4.521739","4.185714","4.385714"
"ARCE,LAUREN","255","4.571429","4.714286","4.428571","4.428571","4.714286","4.857143","4.857143","4.857143","4.857143","5"
"ARCHAMBEAU,LINDY","256","3.718909","3.661802","3.12151","3.861358","3.343393","3.489023","3.84679","4.035623","3.75","3.989199"
"ARDELT,MONIKA","257","4.390244","4.317073","4.430894","4.317073","4.373984","4.319672","4.422764","4.617886","4.471545","4.861789"
"ARDISSONE,LEXI","258","3.573141","3.657074","2.94964","3.594724","3.307692","3.311881","3.643564","3.715347","3.461347","3.813433"
"ARENDALL,DENA","259","4.207207","4.162162","4.099099","4.216216","4.243243","4.351351","4.648649","4.225225","4.27027","4.666667"
"ARFI,BADREDINE","260","4.112766","3.92766","3.570213","3.991489","3.878205","3.831533","4.33049","4.411514","3.959488","4.754797"
"ARGOTE,YOAN MANUEL","261","3.4375","3.5625","3.75","3.53125","3.419355","3.516129","4","3.870968","3.16129","4.225806"
"ARI,ANISAH","262","4.266667","4.266667","4.533333","3.933333","4.533333","4.866667","4.733333","4.8","4.666667","4.866667"
"ARIAS,FRANCHESCA","263","3.5","3.5","3.8125","3.8125","4","2.625","4.4375","3.3125","4.1875","4.9375"
"ARIS,JOHN PHILLIP","264","4.415254","4.334746","4.228814","4.440678","4.582979","4.560345","4.609442","4.660944","4.604255","4.67382"
"ARJOONSINGH,AVIN","265","4.595331","4.595331","4.55642","4.540856","4.787097","4.794702","4.883871","4.836601","4.858065","4.851613"
"ARKOUDIS,EFTIHIA","266","3.714286","3.857143","4.714286","3.571429","4","3.857143","4.285714","4.142857","4","4.714286"
"ARMAGHANI,BAHAR","267","4.580645","4.5","4.629032","4.532258","4.741935","4.693548","4.741935","4.580645","4.564516","4.854839"
"ARMAS,KRISTIE","268","4.779221","4.662338","4.727273","4.688312","4.722222","4.694444","4.805556","4.722222","4.777778","4.861111"
"ARMON,SHIFRA","269","4.461538","4.461538","4.538462","4.538462","4.692308","4.307692","4.538462","4.769231","4.461538","5"
"ARMSTRONG,MADELEINE","270","5","5","4.8","4.6","5","5","5","5","5","5"
"ARNAU,ARIADNA","271","3.984127","3.936508","4.269841","4.031746","3.483871","3.548387","4.048387","4.096774","3.5","4.451613"
"ARNEY,GIANNINA","272","4.60396","4.485149","4.435644","4.49505","4.732673","4.90099","4.861386","4.930693","4.772277","4.950495"
"ARNOLD-TOLBERT,MIRANDA","273","4","4","3.25","3.75","4","3.25","4.25","3.5","4.25","4.5"
"ARNOLD,DAVID P","274","4.787879","4.651515","4.712121","4.621212","4.818182","4.742424","4.878788","4.848485","4.787879","4.909091"
"ARNOLD,THOMAS RICHARD","275","4.333333","4.466667","4.4","4.466667","4.466667","4.8","4.4","4.666667","4.266667","4.733333"
"ARNOW-RICHMAN,RACHEL","276","4.609756","4.597561","4.609756","4.52439","4.573171","4.45122","4.634146","4.52439","4.536585","4.743902"
"ARPIN,DAVID JAMES","277","4.44186","4.395349","4.418605","4.465116","4.395349","4.465116","4.511628","4.674419","4.44186","4.418605"
"ARRAZOLA DIAZGRANADOS,ISABELLA","278","4.9","4.8","4.9","4.75","4.95","4.9","4.95","5","5","5"
"ARREOLA,MANUEL MUNOZ","279","4.319728","4.095238","4.088435","4.244898","4.227586","4.166667","4.351724","4.317241","4.234483","4.537931"
"ARROYO,EDUARDO","280","4.246154","4.269231","4.384615","4.2","4.434109","4.341085","4.48062","4.51938","4.317829","4.604651"
"ARROYO,JOSHUA EVAN","281","4.221344","4.233202","3.628458","4.272727","3.970874","4.207729","4.246377","4.36715","4.253659","4.179612"
"ARTHINGTON,JOHN DAVID","282","4.4","4.7","4.7","4.3","3.9","4.2","4.1","4.2","4.1","4.2"
"ARTIGA,KEVIN","283","4.38806","4.373134","4.462687","4.238806","4.522388","4.38806","4.58209","4.447761","4.447761","4.731343"
"ARUON,AVINASH","284","4.73913","4.695652","4.73913","4.73913","4.913043","4.913043","4.913043","4.913043","4.782609","4.956522"
"ASADI ZANJANI,NAVID","285","3.864407","3.99435","3.497175","3.988701","3.76","3.785235","3.94","4.087248","3.906667","3.9"
"ASARE,STEPHEN K","286","3.964646","3.89899","3.873737","3.989899","3.585859","3.772727","4.126263","4.257576","3.792929","4.484848"
"ASCHE,FRANK","287","4.555556","4.333333","4.055556","4.611111","4.666667","4.444444","4.777778","4.833333","4.611111","4.777778"
"ASGHARI,KARIM","288","4.152907","3.962791","3.576163","4.087791","3.962165","4.03378","4.240396","4.454281","4.045402","4.401048"
"ASH,KEVIN D","289","4.684211","4.701754","4.552632","4.640351","4.672566","4.787611","4.778761","4.80531","4.743363","4.79646"
"ASHER,TAMMI","290","4.523013","4.376569","4.451883","4.372385","4.220472","4.393701","4.322835","4.488189","4.220472","4.472441"
"ASHKANAZI,GLENN STEVEN","291","4.257143","4.185714","3.828571","4.271429","3.971429","4.185714","4.257143","4.414286","4.314286","4.471429"
"ASKEN,BRETON","292","4.586207","4.310345","4.482759","4.482759","4.730769","4.64","4.730769","4.72","4.653846","4.769231"
"ASLAM,GADHAUN","293","3.814815","4.296296","4","4","3.851852","3.888889","4.407407","4.333333","4.037037","4.481481"
"ASOREY,NATALIE MERCEDES","294","4.395349","4.412791","4.389535","4.412791","4.660819","4.707602","4.725146","4.730994","4.71345","4.842105"
"ASSAO NEINO,BACHIR","295","4.220126","4.194969","3.842767","4.257862","3.925532","4.073684","4.2","4.252632","4.010526","4.178947"
"ASSARZADEGAN,NAZIHEH","296","4.261905","4.142857","4.130952","4.107143","4.178082","4.138889","4.232877","4.138889","4.205479","4.219178"
"ASTENGO,HANK","297","4.545455","4.454545","4.590909","4.5","4.571429","4.52381","4.857143","4.666667","4.47619","4.904762"
"ASTLEFORD,TED BRADY","298","4.421053","4.447368","4.565789","4.315789","4.210526","4.44","4.473684","4.565789","4.342105","4.473684"
"ASTUDILLO MANOSALVA,DANIEL FRANCISCO","299","4.533333","4.533333","4.466667","4.6","4.2","4.266667","4.466667","4.466667","4.2","4.666667"
"ATEYAH,WAFAA A","300","4.25","4.125","3.65625","4.21875","3.90625","4.0625","4.3125","4.1875","4.21875","4.3125"
"ATHEARN,LISA JONIAK","301","4.465753","4.417808","4.630137","4.445205","4.684932","4.684932","4.719178","4.794521","4.794521","4.952055"
"ATHIENITIS,DEMETRIS J","302","3.888631","4.020882","3.798144","4.037123","3.605568","3.969838","3.99536","4.37819","3.603248","4.440835"
"ATILES-LOPEZ,JOYNER","303","3.857143","4","4.428571","4.142857","4.714286","4.714286","5","5","4.857143","4.714286"
"ATKINS,CAROL ANN","304","4.093023","4.093023","4.162791","4.046512","4.571429","4.666667","4.666667","4.619048","4.650794","4.603175"
"ATKINSON,CARL","305","4.52381","4.52381","4.285714","4.47619","4.45","4.45","4.55","4.4","4.55","4.45"
"ATRIA,CATHERINE G","306","4.6875","4.5625","4.75","4.625","4.875","4.875","4.9375","5","4.9375","4.9375"
"ATWATER,ANN","307","3.512195","3.756098","3.731707","3.865854","3.036585","3.506173","3.756098","4.170732","2.756098","4.231707"
"ATWEH,JAD","308","3.785714","3.857143","3.955357","4.035714","3.54955","3.891892","3.294643","4.27027","3.5625","4.636364"
"AUFMUTH,JOSEPH L","309","4.619048","4.571429","4.571429","4.666667","4.809524","4.809524","4.809524","4.904762","4.761905","4.857143"
"AULETTA,ANTHONY","310","4.617647","4.447964","4.554299","4.38914","4.725118","4.542654","4.879147","4.800948","4.78436","4.931442"
"AULL,MICHAEL T","311","4.543253","4.411765","4.474048","4.442907","4.708955","4.743494","4.784387","4.788104","4.735075","4.769517"
"AUSTIN III,ROGER Q","312","4.5","4.44403","4.55597","4.436567","4.645522","4.597015","4.813433","4.69403","4.66791","4.86194"
"AUSTIN-DATTA,REBECCA JANE","313","4.176471","4.04902","4.254902","4.313725","4.333333","4.627451","4.470588","4.754902","4.382353","4.823529"
"AUSTIN,CHRISTIAN THOMAS","314","4.331034","4.344828","3.641379","4.296552","4.069444","4.340278","4.458333","4.527778","4.409722","4.534722"
"AUSTIN,JAMES D","315","3.740741","3.777778","3.407407","4.037037","3.203704","3.185185","3.537037","3.962963","3.111111","3.722222"
"AUSTIN,SHARON D","316","4.373239","4.288732","3.960094","4.377934","4.386256","4.415677","4.555819","4.614657","4.610849","4.63357"
"AVELINO,ALEX","317","4.637681","4.623188","4.565217","4.57971","4.681159","4.710145","4.826087","4.724638","4.73913","4.855072"
"AVELINO,ANGIE","318","4","3.764706","4.529412","3.941176","4.176471","4.235294","4.705882","4.352941","4.235294","4.941176"
"AVERA,ASHTON LYNN","319","4.401786","4.3125","3.973214","4.455357","4.333333","4.468468","4.581818","4.618182","4.594595","4.585586"
"AVERESCH,NILS JONATHAN HELMUTH","320","4.222222","4.111111","3.460317","4.428571","3.984127","4.031746","4.253968","4.396825","4.269841","4.190476"
"AVERETTE,MORGAN","321","4.419355","4.290323","4.516129","4.258065","4.387097","4.096774","4.806452","4.612903","4.483871","4.903226"
"AVERY,BRIAN DAVID","322","4.498818","4.453901","4.439716","4.416076","4.64133","4.622328","4.714964","4.679335","4.63658","4.800475"
"AVILA,JACKELYN","323","3.72973","3.513514","3.513514","3.918919","3.162162","3.702703","4.054054","4.405405","3.486486","3.72973"
"AWAD,NADIA I","324","4","4","4","4","4","4","4","4","4","4"
"AWALE,PRATIKSHA PRANIL","325","4.580645","4.548387","4.548387","4.354839","3.966667","4.2","4.3","4.033333","4.133333","4.2"
"AWUKU,ALEX","326","5","5","4.666667","4.666667","4.666667","4.666667","4.666667","4.666667","4.666667","4.666667"
"AYE-GBOYIN,SAMUEL","327","4.296296","4.185185","4.333333","4.259259","3.962963","4.333333","4.62963","4.111111","4","4.814815"
"AYTUG,HALDUN","328","4.345291","4.318386","4.295964","4.246637","4.349776","4.488789","4.524664","4.627803","4.251121","4.73991"
"AZAD,HASSAN","329","4.154255","4.143617","4.010638","4.132979","4.606383","4.526596","4.728723","4.68617","4.632979","4.792553"
"AZEREDO,FRANCINE JOHANSSON","330","4.458333","4.458333","4.458333","4.458333","4.708333","4.583333","4.666667","4.708333","4.75","4.833333"
"AZIZI,PARISA","331","4.248804","4.272727","3.722488","4.325359","2.864078","3.412621","3.68932","3.776699","2.859223","3.572816"
"AZUBUIKE,CHIDIMMA DORIS","332","4.228571","4.085714","4","4.171429","3.529412","3.6875","3.8125","3.8125","3.647059","3.588235"
"BABAEE,MARYAM","333","4","4.083333","4.083333","4","4.166667","4.583333","4.25","4.5","4.416667","4.583333"
"BABAEIAN,EBRAHIM","334","4.344828","4.275862","4.172414","4.275862","4.206897","4.517241","4.034483","4.586207","3.931034","4.448276"
"BABANIKOS,JAMES","335","4.617647","4.5","4.588235","4.352941","4.705882","4.705882","4.735294","4.794118","4.705882","4.852941"
"BABAR,MD ALI","336","3.795341","3.795341","3.34609","3.983361","3.494176","3.833611","3.775374","4.174709","3.600666","3.926789"
"BABOR,JILL T","337","3.162162","3.331081","2.513514","3.351351","2.714286","2.835714","3.064286","3.192857","2.898551","3.309353"
"BACHARZ,KELSEY C","338","4.391304","4.347826","4.434783","4.347826","4.652174","4.608696","4.652174","4.695652","4.565217","4.695652"
"BACHELOR,JANE L","339","4.5","4.5","4.423077","4.576923","4.807692","4.884615","4.961538","4.961538","4.846154","4.884615"
"BACHER,RHONDA","340","4.113636","4.340909","3.886364","4.136364","4.022727","4.159091","4.386364","4.409091","3.977273","4.363636"
"BACIAK,JAMES EDWARD","341","4.47619","4.571429","4.428571","4.571429","4.428571","4.238095","4.52381","4.571429","4.190476","4.571429"
"BACON,ALLAN","342","4.797619","4.761905","4.77381","4.690476","4.869048","4.714286","4.940476","4.809524","4.857143","4.940476"
"BACSIK,ANGELA HARRISON","343","4.271186","4.224576","4.355932","4.292373","4.402542","4.165254","4.584746","4.478814","4.470339","4.737288"
"BACUSMO,JO MARIE","344","4.050808","3.964203","3.382217","4.073903","3.608343","3.810905","3.996524","4.150637","3.91657","4.162225"
"BADALAMENTI,JOHN L","345","4.666667","4.166667","4.5","4.333333","4.333333","4","4.5","4","4.333333","5"
"BADIO,KOREE SIMMONE","346","4.375","4.34375","4.53125","4.3125","4.25","4.25","4.75","4.375","4.46875","4.6875"
"BAE,HWANGBO","347","3.833333","3.833333","3.833333","3.666667","4.166667","4.333333","4.333333","4.333333","4","4.333333"
"BAE,JAEHAN","348","4.381579","4.276316","4.092105","4.289474","4.447368","4.289474","4.644737","4.710526","4.342105","4.736842"
"BAECHER,JOSEPH ALEX","349","4.375","4.375","4.625","4.5","5","4.625","5","4.75","4.875","4.875"
"BAER,CHARLES","350","3.694737","3.655263","3.494737","3.826316","3.271053","3.439474","3.939474","3.984211","3.35","4.136842"
"BAGLEY,KAYLEIGH MAE","351","4.107595","4.126582","3.610759","4.234177","3.930159","4.191693","4.387302","4.447619","4.296178","4.28254"
"BAHRI,ADRIAN MUNTHER","352","4.21875","4.3125","4.390625","4.171875","4.671875","4.734375","4.65625","4.765625","4.765625","4.65625"
"BAI,XIAOFEI","353","4.44843","4.35426","4.134529","4.538117","4.459459","4.563063","4.635135","4.761261","4.376682","4.699552"
"BAILEY,AUSTIN C","354","3.888889","3.5","3.111111","3.5","4","4","5","5","5","5"
"BAILEY,BRIAN KELLY","355","4.52","4.4","4.64","4.48","4.48","4.72","4.8","4.76","4.36","4.76"
"BAILEY,CHRIS","356","4.333333","4.2","4.6","4.6","4.4","4.533333","4.666667","4.6","4.6","4.666667"
"BAILEY,HOUSTON","357","4.215686","4.039216","4.254902","4.176471","4.45","4.475","4.525","4.525","4.5","4.475"
"BAILEY,IAN WYNDHAM","358","4.352941","4.235294","4.235294","4.294118","4.588235","4.588235","4.647059","4.588235","4.529412","4.647059"
"BAILEY,JEREMY","359","4.222222","4","4.555556","4.111111","4.222222","3.888889","4.333333","4.444444","4.444444","4.333333"
"BAISER,BENJAMIN H","360","4.516129","4.469758","4.199597","4.487903","4.479079","4.407563","4.582809","4.621849","4.477083","4.648536"
"BAISLEY,AMIE","361","4.23756","4.34992","4.35313","4.245586","3.924194","4.31562","4.516908","4.648953","4.016129","4.573269"
"BAJALIA FITZSIMMONS,ALEXIS","362","4.285714","4.142857","3.857143","4.214286","4.142857","4.428571","4.285714","4.428571","4.357143","4.571429"
"BAKER,BRIDGET","363","4.492308","4.394872","4.307692","4.476923","4.548718","4.635897","4.733333","4.717949","4.625641","4.692308"
"BAKER,CARRIE","364","4.2","4.225","4.55","4.1","4.75","4.775","4.825","4.725","4.675","4.775"
"BAKER,LAURI M","365","4.357143","4.285714","4.071429","4.357143","4.692308","4.692308","4.692308","4.692308","4.714286","4.642857"
"BAKER,MICHELLE","366","4.307692","4.371795","3.884615","4.410256","4.24359","4.589744","4.435897","4.705128","4.282051","4.358974"
"BAKER,OSHNEIL SANUKI","367","4.75","4.625","4.875","4.75","4.875","4.75","5","5","5","5"
"BAKER,PATRICK KELLY","368","4.4","4.2","3.685714","4.485714","4.542857","4.457143","4.457143","4.457143","4.6","4.6"
"BAKER,SHIRLEY M","369","4.605442","4.462585","4.496599","4.598639","4.746269","4.746269","4.828358","4.843284","4.822222","4.866667"
"BAKER,TRACIE R","370","4.207317","4.170732","4","4.213415","4.117284","4.191358","4.333333","4.432099","4.253086","4.296296"
"BAKIRI,DORINA","371","3.666667","3.666667","4","4.333333","3.333333","3.666667","4","4.666667","3.666667","4.333333"
"BAKIRI,ELEONORA","372","4.514667","4.466667","4.469333","4.498667","4.581333","4.562667","4.48","4.565333","4.554667","4.65508"
"BALACHANDAR,SIVARAMAKRISHNAN","373","4.666667","4.583333","4.666667","4.5","4.833333","4.5","4.958333","4.833333","4.791667","4.916667"
"BALASUBRAMANIAN,LAKSHMI","374","4.2","4.4","4.8","4.4","4.4","4.7","4.8","4.5","4.2","5"
"BALCHUNAS,JENNIFER RUTH","375","4.333333","4.166667","4.666667","4.5","4.333333","4.5","4.666667","4.666667","4.666667","4.5"
"BALD,EMILY K","376","4.613333","4.562667","4.589333","4.554667","4.733333","4.812834","4.853333","4.842667","4.746667","4.853333"
"BALDWIN,MICHELLE","377","3.75","3.5","3.75","3.666667","3.75","3.916667","4","4.333333","3.833333","3.916667"
"BALDWIN,REBECCA W","378","4.350416","4.193906","4.043629","4.285319","4.424011","4.277276","4.649513","4.417361","4.568056","4.872917"
"BALESTRIERE,GIANFRANCO","379","4.936709","4.772152","4.936709","4.797468","4.949367","4.898734","4.962025","4.886076","4.911392","4.949367"
"BALIAN,PATRICK","380","4.411765","4.414322","4.491049","4.414322","4.434783","4.460358","4.570332","4.531969","4.475703","4.55243"
"BALKCOM,CEARIE A","381","4.727273","4.727273","4.636364","4.727273","4.818182","4.818182","4.818182","4.818182","4.818182","4.818182"
"BALL,LOUISE M","382","4.28","4","3.88","4.32","4.318182","4.238095","4.409091","4.454545","4.318182","4.545455"
"BALLARD,JUSTIN","383","4","4","4","4","4","4","4","4","5","5"
"BALLARD,SARAH","384","4.521739","4.382609","4.626087","4.356522","4.608696","4.165217","4.834783","4.721739","4.46087","4.965217"
"BALMANT,KELLY MAYRINK","385","4.510638","4.414894","4.478723","4.425532","4.446809","4.170213","4.691489","4.404255","4.425532","4.691489"
"BALSER,WALTER F","386","4.711111","4.62963","4.525926","4.614815","4.770992","4.526718","4.877863","4.725191","4.801527","4.938931"
"BAMBAUER,DEREK","387","4.714286","4.585714","4.571429","4.571429","4.814286","4.7","4.885714","4.814286","4.757143","4.985714"
"BAMBAUER,JANE","388","4.459459","4.27027","4.297297","4.351351","4.405405","4.391892","4.702703","4.594595","4.418919","4.851351"
"BAMBERGER,PETER","389","3.550388","3.620155","3.457364","3.612403","3.581395","3.837209","3.782946","4.054264","3.705426","4.046512"
"BANDARA,CHIRANTHA PIYAMAL THARUSHA","390","4.297297","4.27027","3.766585","4.339066","3.867133","4.027972","4.104895","4.20979","4.091549","4.125874"
"BANDYOPADHYAY,AVRAJIT","391","3.928571","3.785714","3.8","4.028571","3.928571","3.9","4.114286","4.275362","4.114286","4.657143"
"BANDYOPADHYAY,SEEMA","392","4.323171","4.341463","4.233232","4.367378","4.35474","4.370031","4.274119","4.67075","4.477863","4.483969"
"BANDYOPADHYAY,SUBHAJYOTI","393","4.267176","4.316794","4.339695","4.282443","4.55","4.603846","4.723077","4.747126","4.517241","4.770115"
"BANERJEE,ARUNAVA","394","4.113924","4.172996","3.723629","4.170886","4.016913","4.031712","4.376321","4.347458","4.215645","4.675847"
"BANK,JULIE","395","4.541667","4.541667","4.541667","4.583333","4.625","4.583333","4.708333","4.75","4.541667","4.75"
"BANKO,JOHN C","396","3.418233","3.454652","2.78078","3.403195","2.808471","3.132422","3.376883","4.028538","3.115448","3.859864"
"BANKS,SCOTT ARTHUR","397","4.348837","4.325581","4.139535","4.395349","4.674419","4.55814","4.790698","4.674419","4.55814","4.930233"
"BANNON,VICTORIA M","398","4.5625","4.3125","4.03125","4.59375","4.59375","4.71875","4.8125","4.6875","4.625","4.75"
"BAO,WENHAN","399","3.625","3.75","2.75","3.375","2.875","4.125","3.375","4","3.25","3.5"
"BAQUERO MELO,JAIRO","400","4.7","4.6","4.5","4.6","4.7","4.6","4.7","4.7","4.7","4.9"
"BARAKA,JEANCY","401","4.704545","4.590909","4.636364","4.659091","4.585366","4.634146","4.560976","4.609756","4.634146","4.609756"
"BARASOAIN,DAVID","402","4.871795","4.74359","4.794872","4.666667","4.923077","4.923077","4.897436","4.769231","4.641026","4.948718"
"BARBAZUK,WILLIAM BRADLEY","403","4.736842","4.631579","4.684211","4.578947","4.842105","4.473684","4.894737","4.842105","4.842105","4.947368"
"BARBONE,ERIK A","404","4.333333","4.5","4.416667","4.25","4.458333","4.375","4.625","4.541667","4.5","4.583333"
"BARDHAN,JAYETRI","405","3.591667","3.6","3.241667","3.675","3.35","3.716667","3.741667","4","3.516949","3.666667"
"BARKOV,HEATHER","406","4.263158","4.263158","4.210526","4.184211","4.5","4.342105","4.552632","4.552632","4.578947","4.552632"
"BARKSDALE,PATRICIA DUFFY","407","4.904762","4.857143","4.857143","4.809524","4.904762","4.857143","5","4.857143","4.904762","4.952381"
"BARMPOUTIS,ANGELOS","408","4.698113","4.603774","4.698113","4.603774","4.471698","4.603774","4.679245","4.679245","4.471698","4.811321"
"BARNARD,ALISON M","409","4.580247","4.518519","4.62963","4.419753","4.925","4.95","4.95","4.9375","4.9","4.9375"
"BARNARD,OLIVIA R","410","4.444444","4.222222","4.481481","4.259259","4.592593","4.444444","4.777778","4.62963","4.777778","4.814815"
"BARNAS,FRANK ANTHONY","411","4.175676","4.189189","3.662162","4.256757","3.945946","4.405405","4.243243","4.310811","4.243243","4.189189"
"BARNES IVEY,SAMESHA","412","4.142857","4.071429","4.642857","3.785714","4.785714","4.642857","4.857143","4.714286","4.857143","4.928571"
"BARNES,DAVID G","413","4.530864","4.493827","4.469136","4.493827","4.818182","4.818182","4.844156","4.818182","4.818182","4.792208"
"BARNES,FIONA R","414","4.202532","4.177215","4.265823","4.113924","4.468354","4.544304","4.455696","4.683544","4.417722","4.873418"
"BARNES,RICHÉ J. DANIEL","415","4.642857","4.482143","4.392857","4.625","4.642857","3.821429","4.857143","4.339286","4.660714","4.767857"
"BARNETT,CAROLINE P","416","4.731481","4.694444","4.638889","4.657407","4.299065","4.514019","4.542056","4.542056","4.439252","4.560748"
"BARNETT,CYNTHIA LYNN","417","4.87013","4.805195","4.87013","4.74026","4.935065","4.857143","4.987013","4.844156","4.857143","4.974026"
"BARNIDGE,MATTHEW","418","4.583333","4.541667","4.666667","4.583333","4.75","4.583333","4.791667","4.583333","4.541667","4.833333"
"BARRAS,ELISE","419","4.75","4.75","4.75","4.75","4.75","4.75","4.75","4.75","4.75","4.75"
"BARRERA GARCIA,AVE","420","5","5","5","5","5","5","5","5","5","5"
"BARRERAS,GABRIELA","421","3","3.05","2.7","3.53","3.217391","3.404255","3.456522","3.565217","3.413043","3.695652"
"BARRETO,IZABELLA L","422","4.666667","4.636364","4.666667","4.636364","4.787879","4.787879","4.848485","4.636364","4.818182","4.848485"
"BARRETT,JOANNE R","423","4.742268","4.649485","4.536082","4.639175","4.742268","4.84375","4.822917","4.8125","4.783505","4.835052"
"BARRINGER,FAITH C","424","4.457143","4.314286","4.342857","4.4","4.657143","4.428571","4.657143","4.685714","4.714286","4.771429"
"BARRIOS SOLANO,MARLON","425","1","1","1","2","2","2","3","4","5","5"
"BARRY-BLOCKER,JONATHAN M","426","4.684211","4.684211","4.842105","4.605263","4.736842","4.631579","4.894737","4.684211","4.815789","4.921053"
"BARRY,DEBRA","427","4.625","4.535714","4.392857","4.464286","4.571429","4.696429","4.732143","4.785714","4.678571","4.821429"
"BARRY,JACK","428","4.625","4.625","4.40625","4.5","4.625","4.53125","4.65625","4.65625","4.5625","4.75"
"BARTLETT,ROD","429","4.169492","3.932203","3.864407","3.966102","4.086957","4.130435","4.23913","4.086957","4.152174","4.23913"
"BARTLEY,EMILY J","430","4.059299","4.053908","4.045822","4.03504","4.360947","4.405325","4.405325","4.431953","4.423077","4.420118"
"BARTMAN,JAKE","431","4.8","4.8","4.8","4.4","4.8","4.8","5","4.8","5","5"
"BARTOLOTTI TOMAS,ALVARO","432","4.186441","4.322034","3.779661","4.220339","4.052632","3.710526","4.368421","4.236842","4.078947","4.342105"
"BARTON,ELISABETH R","433","4.75","4.583333","4.75","4.666667","4.916667","4.833333","5","5","4.916667","5"
"BARTON,HARRIS LEE","434","4.394495","4.385321","3.752294","4.40367","4.401869","4.598131","4.616822","4.766355","4.700935","4.570093"
"BARTON,KELSEY ANN","435","4.666667","4.666667","4.666667","4.666667","5","5","5","5","5","5"
"BARTOS,IMRE","436","3.142157","3.392157","3.171569","3.401961","3.08867","3.221675","3.674877","3.778325","3.285714","4.024631"
"BARTOSOVA,DANA","437","4.52381","4.619048","4.333333","4.47619","4.47619","4.52381","4.761905","4.714286","4.333333","4.809524"
"BARTZ,EMILY RACHEL","438","4.404348","4.356522","3.865217","4.447826","4.226087","4.456522","4.473913","4.556522","4.491304","4.456522"
"BASHIR,AQSA","439","4.184211","4.140351","3.815789","4.192982","4","4.196429","4.176991","4.159292","4.061947","4.230088"
"BASINGER-ELLIS,KATIE LEANNE","440","4.10356","4.130259","3.657767","4.140777","3.995951","3.989457","4.231579","4.37034","4.055916","4.343851"
"BASLER,PAUL","441","4.8","4.733333","4.8","4.733333","5","5","5","5","5","5"
"BASSET,GILLES J","442","4.75","4.833333","4.833333","4.75","4.956522","4.695652","4.956522","4.913043","4.916667","5"
"BASSETT,TAYLOR E","443","4.775281","4.764045","4.775281","4.651685","4.816327","4.816327","4.836735","4.770833","4.857143","4.77551"
"BASSIL,DESSARAE","444","4.15625","4.3125","4.53125","4.21875","4.15625","4.516129","4.65625","4.40625","4.1875","4.375"
"BASTABLE,KIM","445","4.428571","4.428571","4.214286","4.428571","4.410714","4.517857","4.589286","4.553571","4.464286","4.660714"
"BASU,SHAMBADEB","446","3.459916","3.383966","2.721519","3.540084","3.169118","3.227941","3.330882","3.360294","3.316176","3.360294"
"BATES JR,JAMES IRA","447","4.952381","4.857143","4.952381","4.857143","5","5","5","5","5","5"
"BATHURST,COREY R","448","3.404762","3.642857","3.5","3.595238","3.575","3.625","3.875","3.6","3.575","3.775"
"BATISTEL,FERNANDA","449","4.595331","4.490272","4.416342","4.568093","4.605469","4.589844","4.761719","4.664062","4.570312","4.828125"
"BATOVA,DARI ANNE","450","3.693878","3.632653","3.408163","3.897959","4.241379","4.366667","4.166667","4.310345","4.206897","4.206897"
"BAUCK,ANJE G","451","4.365789","4.281579","4.384211","4.342105","4.604811","4.557093","4.597938","4.586207","4.656357","4.656357"
"BAUER-MITCHELL,MEREDITH","452","4.463415","4.536585","4.390244","4.487805","4.560976","4.585366","4.682927","4.731707","4.512195","4.707317"
"BAUER,ETHAN A","453","4.470588","4.411765","4.529412","4.470588","4.764706","4.764706","4.823529","4.823529","4.823529","4.823529"
"BAUER,JENNIFER L","454","4.666667","4.555556","4.648148","4.574074","4.666667","4.740741","4.759259","4.722222","4.388889","4.888889"
"BAUER,WILLIAM I","455","4.454545","4.329545","4.204545","4.375","4.390805","4.522727","4.647727","4.715909","4.590909","4.655172"
"BAUMAN,ERIC","456","4.941176","4.882353","4.882353","4.882353","5","5","5","5","5","4.941176"
"BAUMGART,STEPHANIE LYNN","457","4.736842","4.578947","4.842105","4.631579","4","4.052632","4.263158","4.052632","4.105263","4.421053"
"BAUTISTA,ADRIENNE C","458","4.25","4.25","4.25","4.25","4.333333","4.333333","4.333333","4.333333","4.333333","4.333333"
"BAUTISTA,ZACHARY","459","4.794118","4.735294","4.764706","4.794118","4.735294","4.764706","4.764706","4.764706","4.764706","4.735294"
"BAWEJA,VANDANA","460","3.372123","3.347826","3.736573","3.508951","3.37468","3.394602","3.496799","3.962868","3.470588","4.350384"
"BAXLEY,TAYLOR GREY","461","4.75","4.75","4.5","4.5","4.75","5","5","5","5","5"
"BAYABIL,HAIMANOTE","462","4.375","4.625","4.75","4.125","4.25","4.5","4.75","4.875","4.125","4.625"
"BAYER,ALLISON","463","4.518519","4.481481","4.333333","4.518519","4.62963","4.62963","4.62963","4.666667","4.666667","4.666667"
"BAYLIS,CAMILLE","464","2.941176","3.470588","2.470588","3.352941","2.529412","2.588235","3.294118","2.941176","2.882353","3.352941"
"BAYNE,HANNAH B","465","5","5","5","5","5","5","5","5","5","5"
"BAYOL,SAM","466","4.714286","4.642857","4.714286","4.714286","4.714286","4.785714","4.928571","4.857143","4.785714","4.785714"
"BAYSAL,ASLI","467","4.248","4.112","4.4","4.28","4.198347","3.61157","4.598361","3.859504","4.165289","4.745902"
"BAZAN,DALE","468","4.666667","4.5","4","4.833333","4","4","4.5","4.333333","4.166667","4.166667"
"BAZO,NICHOLAS EDWARD","469","4.625","4.625","5","4.5","5","4.875","5","5","5","5"
"BEACH,KIM","470","4.461538","4.384615","4.653846","4.461538","4.461538","4.615385","4.769231","4.730769","4.692308","4.807692"
"BEAL,STACY GUREVITZ","471","4.320312","4.179688","4.15625","4.242188","4.409449","4.385827","4.456693","4.401575","4.440945","4.480315"
"BEAN,CHLOE KAY INEZ","472","4.357143","4.214286","4.142857","4.357143","4.214286","4.5","4.428571","4.5","4.285714","4.357143"
"BEASLEY,GENIE L","473","4.261905","4.142857","4.130952","4.107143","4.419753","4.341772","4.469136","4.4375","4.432099","4.518519"
"BEATTIE,CARSON T","474","4.440476","4.369048","4.166667","4.428571","4.405063","4.341772","4.556962","4.607595","4.506329","4.594937"
"BEATTIE,PEYTON N","475","4.25","4.25","3.9375","4.25","4","4.4375","4.3125","4.375","4.3125","4.25"
"BEATTY,GARRETT F","476","4.363281","4.289062","3.912109","4.34375","4.381139","4.255403","4.56778","4.498031","4.506876","4.610236"
"BEATTY,MEGHAN","477","5","5","5","5","5","5","5","5","5","4.5"
"BEAU DE ROCHARS,VALERY E","478","3.638095","3.685714","3.304762","3.895238","3.295238","3.514286","3.828571","3.647619","3.333333","3.819048"
"BEAUCHAMP,MARY DIANNE","479","4.489362","4.425532","4.382979","4.382979","4.684211","4.684211","4.736842","4.736842","4.842105","4.894737"
"BEAUDRIE,MIKAYLA","480","4.472527","4.32967","4.043956","4.285714","4.373626","4.681319","4.659341","4.648352","4.362637","4.67033"
"BEAULIEU,DIANA JOYCE","481","3.875","4","4.625","4","4.375","4.875","4.875","4.75","4.75","4.75"
"BEAUPRE,MEREDITH KNIGHT","482","4.659794","4.536082","4.71134","4.56701","4.71134","4.463918","4.762887","4.742268","4.814433","4.824742"
"BECERRA,ZAIN","483","4.351648","4.32967","4.549451","4.274725","3.963415","4.378049","4.385542","4.373494","4.308642","4.433735"
"BECHTEL,SANDRA MARIE","484","4.166667","4.136364","4.212121","4.181818","4.468085","4.425532","4.510638","4.531915","4.617021","4.638298"
"BECHTOL,JANINE ELIZABETH","485","4.666667","4.555556","4.666667","4.555556","4.666667","4.777778","4.666667","4.666667","4.666667","4.777778"
"BECK,AMANDA","486","3.952381","4.095238","4.285714","4.142857","4.789474","4.894737","4.631579","4.789474","4.578947","4.789474"
"BECK,MICHAEL","487","4.552632","4.421053","4.5","4.421053","4.815789","4.763158","4.921053","4.736842","4.842105","4.815789"
"BECKER,ANNA LEAH","488","3.608696","3.634783","3.023188","3.692754","3.383085","3.59204","3.651741","3.791045","3.59204","3.751244"
"BECKER,CHRISTOPHER","489","3.052632","3.263158","3.842105","3.184211","4.236842","4.473684","4.552632","4.552632","4.342105","4.605263"
"BECKER,MALLORY KELLY","490","4.428571","4.285714","3.571429","3.857143","4","4.285714","4.142857","4","3.714286","4.285714"
"BECKER,TIM","491","4.315789","4.289474","4.289474","4.236842","4.105263","3.789474","4.184211","4.263158","3.868421","4.5"
"BECKETT,BLAKE MICKLE","492","4.212766","4.219858","4.460993","4.205674","4.560284","4.758865","4.70922","4.829787","4.687943","4.921986"
"BECKMAN,LINDA","493","4.28","4.253333","3.973333","4.333333","4.186667","4.546667","4.48","4.573333","4.386667","4.493333"
"BECKWITH,THOMAS","494","4.216216","4.081081","4.351351","4.351351","4.351351","4.351351","4.594595","4.540541","4.621622","4.567568"
"BEDDOR,ROBERT","495","4.421622","4.427027","4.52973","4.383784","4.651934","4.536313","4.779006","4.696133","4.751381","4.856354"
"BEDELL,TODD F","496","5","5","5","5","5","5","5","5","5","5"
"BEDENBAUGH,MICHELLE N","497","4.5","4.4375","4.625","4.4375","4.333333","4.071429","4.733333","4.214286","4.733333","4.8"
"BEECKMAN,THERESA","498","3.875","3.875","3.875","3.9375","4.1875","4.1875","4.3125","4.0625","4.3125","4.375"
"BEGCY,KEVIN","499","4.774648","4.71831","4.690141","4.746479","4.887324","4.788732","4.915493","4.915493","4.901408","4.971831"
"BEHDAD,SARA","500","3.925926","4.055556","3.925926","4.203704","3.611111","4.092593","3.962963","4.407407","3.888889","4.12963"
"BEHM,ANTHEA","501","4.69697","4.545455","4.681818","4.560606","4.848485","4.727273","4.939394","4.833333","4.742424","4.954545"
"BEHRINGER JR,DONALD C","502","4.610687","4.541985","4.541985","4.541985","4.515385","4.469231","4.723077","4.684615","4.584615","4.869231"
"BEJLERI,ILIR","503","4.130435","4.043478","3.086957","4.217391","3.695652","3.826087","3.826087","4.043478","3.956522","3.956522"
"BELAND,ROBERT MICHAEL","504","3.724138","3.62069","3.862069","4.034483","3.793103","3.793103","4.137931","3.931034","4","4.482759"
"BELDEN,CASSANDRA ASHLEY","505","4.714286","4.428571","5","4.571429","4.571429","4.714286","4.857143","4.714286","4.714286","4.857143"
"BELESKI,DAVID G","506","4.6","4.266667","3.866667","4.6","4.066667","3.866667","4.4","4.133333","4.2","4.4"
"BELHART,COURTNEY NICOLE","507","4.514286","4.228571","4.171429","4.314286","4.75","4.75","4.75","4.75","4.75","4.75"
"BELIZAIRE,CHRIST MANE","508","4.8","4.7","4.9","4.7","4.3","4.6","4.7","4.7","4.3","4.7"
"BELL,MARK","509","4.240741","4.194444","3.388889","4.398148","3.682243","3.71028","4.009346","3.82243","3.953271","3.934579"
"BELL,ROBIN","510","4.078947","4.078947","4.236842","4.118421","4.513514","4.5","4.486486","4.459459","4.567568","4.621622"
"BELLAVER,MICHELLE LEE","511","4.791667","4.666667","4.833333","4.833333","4.875","4.791667","4.75","4.75","4.75","4.916667"
"BELLETTI,GABRIELE","512","4.883495","4.864078","4.92233","4.805825","4.970874","4.990291","5","4.990291","4.951456","4.990291"
"BELOTE,MARISA JO","513","4.272727","4.285714","4.142857","4.246753","4.454545","4.454545","4.584416","4.545455","4.519481","4.61039"
"BELTON,STEPHEN","514","3.908676","3.840183","3.429224","3.890411","3.748858","3.525114","3.721461","3.739726","3.968037","4.378995"
"BENDA,WILLIAM B","515","4.373494","4.313253","4.120482","4.277108","4.036145","4.409639","4.626506","4.674699","4.313253","4.626506"
"BENDER,STEPHEN D","516","4.021127","3.908451","4.105634","3.957746","4.198413","3.936508","4.333333","4.181102","4.166667","4.669291"
"BENDIXEN,MARION M","517","3.506329","3.632911","3.734177","3.582278","3.797468","4.088608","4.202532","4.329114","4.164557","4.139241"
"BENECIUK,JASON M","518","4.136986","4.294521","4.229452","4.243151","4.508591","4.592466","4.400685","4.708904","4.308219","4.746575"
"BENEDINI,KRISTEN MARI","519","4.210526","4.263158","4.263158","4.157895","4.578947","4.684211","4.736842","4.736842","4.736842","4.684211"
"BENGE,MATT P","520","4.358974","4.230769","4.051282","4.230769","4.542857","4.714286","4.714286","4.714286","4.6","4.685714"
"BENITEZ,ELIDA","521","4.64","4.6","4.46","4.58","4.82","4.86","4.86","4.86","4.86","4.88"
"BENITEZ,EMMANUEL CARLOS","522","3.818182","3.681818","4.272727","4.045455","4.5","4.5","4.909091","4.590909","4.818182","5"
"BENITEZ,JAIME","523","4.54386","4.464912","4.429825","4.570175","4.605263","4.798246","4.754386","4.815789","4.54386","4.859649"
"BENJAMIN DIAZ,EDUARDO J","524","4.588133","4.579407","4.553229","4.572426","4.695146","4.63301","4.72233","4.669903","4.718447","4.732039"
"BENJAMIN,JOSHUA MWENDWA","525","3.752688","3.887097","3.516129","3.903226","4.020833","4.134021","4.177083","4.208333","4.166667","4.15625"
"BENJAMIN,STACEY-ANN Y","526","3.805104","3.840371","2.891415","3.928074","3.046407","3.437625","3.597104","3.996014","3.411294","3.612662"
"BENNETT,AMANDA","527","4.647059","4.617647","4.558824","4.588235","4.545455","4.772727","4.818182","4.772727","4.727273","4.772727"
"BENNETT,ANTONETTE D","528","4.189655","4.017241","4.051724","4.189655","4.017241","4.137931","4.603448","4.62069","4","4.827586"
"BENNETT,EBONIE S","529","4.136364","4.136364","3.681818","4.318182","3.853659","4.095238","4.146341","4.146341","3.95122","4.268293"
"BENNETT,MICHAEL BROOKS","530","4.2","4.066667","3.533333","4.266667","3.846154","4.153846","4.153846","4.153846","4","4.153846"
"BENNETT,NICHOLAS","531","4.038462","3.984615","3.664103","4.182051","4.515556","4.517699","4.635556","4.597345","4.621145","4.643172"
"BENNETT,RICHARD L","532","4.3125","4.125","3.958333","4.3125","4.166667","4.195122","4.285714","4.243902","4.238095","4.261905"
"BENNINK,CHLOE JEAN","533","4.25","4.203947","3.546053","4.328947","3.815789","4.033113","4.289474","4.342105","4.092105","4.256579"
"BENOS,TAKIS","534","4.5","4.5","4.642857","4.571429","4.214286","4.285714","4.357143","4.428571","4.357143","4.428571"
"BENSALEM,SARA","535","4.25","4","4.25","4.5","4.5","4.75","4.75","4.75","4.75","5"
"BENSCHER,NOAH GABRIEL","536","4.527778","4.611111","4.777778","4.5","4","4.25","4.25","4.361111","4.222222","4.5"
"BENSLEY,SARA","537","4.306122","4.306122","4.047619","4.238095","4.435374","4.727891","4.503401","4.653061","4.445205","4.578231"
"BENSON,KEITH","538","4.063232","3.960187","4.04918","4.035129","3.884434","4.037736","4.211765","4.139151","4.016509","4.521226"
"BENTLEY,KATIE","539","4.394737","4.342105","4.105263","4.210526","4.342105","4.756757","4.815789","4.815789","4.684211","4.921053"
"BERCELI,SCOTT A","540","","","","","","","","","",""
"BERKOVICH,ALEXANDER","541","3.9375","3.958333","3.9375","4.125","3.333333","3.854167","3.875","4.479167","3.416667","4.104167"
"BERNARD,BRANDON ELIAS","542","3.978723","3.978723","4.042553","3.914894","3.978723","3.93617","4","4.212766","3.957447","4.148936"
"BERNHARD,MICHAEL","543","4.9","4.7","4.7","4.8","5","4.7","4.8","4.8","4.9","4.9"
"BERNIER,ANGELINA VALLADARES","544","","","","","","","","","",""
"BERNSTEIN,ADAM","545","4.388889","4.5","4.222222","4.277778","4.333333","4.444444","4.611111","4.555556","4.388889","4.555556"
"BERNSTEIN,SETH FRANKLIN","546","4.408284","4.319527","4.449704","4.16568","4.52381","4.511905","4.642857","4.619048","4.339286","4.85119"
"BERRY,CHRISTINE","547","4.415584","4.285714","3.922078","4.441558","4.317073","4.390244","4.414634","4.414634","4.463415","4.439024"
"BERRY,MEREDITH S","548","4.416667","4.555556","4.361111","4.305556","4.277778","4.583333","4.555556","4.527778","4.361111","4.527778"
"BERRYMAN-DAGES,MADELINE G","549","4.137931","4.103448","3.517241","4.275862","3.482759","4.310345","4.034483","4.517241","3.586207","4.172414"
"BERTHY,BRENT A","550","4.334975","4.26601","4.211823","4.369458","4.35468","4.137931","4.477833","4.448276","4.492611","4.640394"
"BERTRAN TREPAT,JUDIT","551","4.350482","4.29582","4.369775","4.234727","4.456432","4.423237","4.510288","4.460581","4.518672","4.566116"
"BERUBE,SOPHIE","552","4.461538","4.461538","4.307692","4.384615","4.692308","4.692308","4.846154","4.769231","4.769231","4.846154"
"BESOSA,CRISTINA ISABEL","553","3.25","3.75","3.75","3.25","4.25","4.5","4.75","4.666667","4.75","4.75"
"BESS,MICHAEL WILLIAM","554","4.541667","4.583333","4.625","4.541667","4.833333","4.75","4.75","4.791667","4.75","4.791667"
"BEST,CORA M","555","","","","","","","","","",""
"BEST,TODD","556","","","","","","","","","",""
"BET,CARLOS GERMAN","557","4.699115","4.699115","4.548673","4.619469","4.778761","4.787611","4.876106","4.858407","4.830357","4.902655"
"BETHART,SALLY","558","4.247253","4.247253","4.236264","4.252747","4.535912","4.629834","4.712707","4.618785","4.624309","4.767956"
"BETHEA,MAGGIE C","559","4.333333","4.111111","3.666667","4.333333","4.111111","4.222222","4.555556","4.333333","4.444444","4.222222"
"BEUCHER,COLLEEN","560","4.372671","4.354037","4.664596","4.26087","4.745342","4.664596","4.850932","4.78882","4.776398","4.937888"
"BEUZELIN,JULIEN","561","4","4","4.5","4.5","4.5","4.25","4.75","4.75","4.25","4.75"
"BEYE,MAGUETTE","562","4.126214","4.145631","3.563107","4.126214","3.5","4.059406","4.186275","4.392157","3.598039","4.470588"
"BEYER,ALEXA CHRISTINE","563","4.5","4.391304","4.586957","4.304348","4.583333","4.527778","4.685714","4.555556","4.583333","4.75"
"BHADANIYA,PARTH KAMALBHAI","564","4.046512","3.883721","3.790698","3.930233","3.883721","4","4.093023","4.093023","3.837209","4.418605"
"BHADRA,SOMNATH","565","3.92","4.02","3.8","4.12","3.714286","4.16","4.14","4.32","3.673469","4.3"
"BHANDARI,SAURABH","566","4.040816","4.040816","3.795918","4.122449","3.918367","3.877551","4.040816","4.408163","4","4.163265"
"BHAT,AMIT MAHESH","567","3.894737","3.934211","3.342105","4.078947","3.826087","3.73913","3.782609","3.956522","3.826087","3.782609"
"BHAT,SHIRISH","568","3.272727","3.659091","3.522727","3.590909","2.772727","3.25","3.181818","3.568182","2.590909","3.204545"
"BHATTACHARJEE,MAITREYO","569","4.192308","4.217949","3.602564","4.282051","2.602564","3.269231","3.384615","4","2.75641","3.858974"
"BHATTACHARJEE,SATARUPA","570","4.289855","4.347826","4.072464","4.173913","3.913043","4.15942","4.333333","4.478261","3.869565","4.681159"
"BHATTACHARYA,KAKALI","571","4.826087","4.869565","4.847826","4.782609","4.891304","4.76087","4.956522","4.695652","4.847826","4.956522"
"BHATTACHARYA,SOHOM","572","3.866667","4.013333","3.6","3.96","3.851351","3.88","3.932432","4.243243","3.84","4.213333"
"BHATTACHARYYA,INDRANEEL","573","4.830769","4.784615","4.769231","4.784615","4.892308","4.892308","4.892308","4.861538","4.907692","4.923077"
"BHAUMIK,SHUBHAGATA","574","3.444444","3.481481","3.37037","3.518519","4.814815","4.814815","4.851852","4.851852","4.888889","4.777778"
"BHIMANI,SALONI HITESH","575","4.239748","4.116719","3.684543","4.242902","4.039024","4.120192","4.126214","4.169082","4.082927","4.140777"
"BHULA,AVNI","576","4.666667","4.686275","4.627451","4.627451","4.823529","4.823529","4.823529","4.803922","4.823529","4.823529"
"BHUNIA,SWARUP","577","4.245614","4.22807","4.122807","4.140351","4.192982","4.052632","4.403509","4.140351","4.280702","4.696429"
"BHUSHAN,SHAMBHAVI","578","3.62069","3.637931","2.706897","3.689655","2.596491","3.122807","3.052632","3.368421","3.017544","3.526316"
"BIALOSKY,JOEL E","579","4.504098","4.467213","4.536885","4.430328","4.835095","4.827004","4.852321","4.833333","4.756871","4.827004"
"BIANCHI,PIETRO","580","4.745833","4.691667","4.75","4.720833","4.866667","4.707113","4.920502","4.870293","4.820833","4.966527"
"BIANCHI,THOMAS S","581","4.607143","4.464286","4.571429","4.428571","4.526316","4.631579","4.631579","4.631579","4.368421","4.947368"
"BICE,SIERRA GABRIELLE","582","4.444444","4.444444","4.444444","4.333333","4.777778","4.777778","4.777778","4.777778","4.777778","4.777778"
"BIDEAU,ADAM","583","4","3.888889","4.222222","3.888889","3.666667","4.222222","4.222222","4.666667","3.444444","4.666667"
"BIDERMAN,RACHEL ANN","584","4.522727","4.477273","4.113636","4.545455","4.568182","4.636364","4.727273","4.681818","4.613636","4.659091"
"BIEDRZYCKI,ADAM HENRY","585","4.346821","4.263006","4.387283","4.317919","4.396825","4.390374","4.449735","4.404255","4.465608","4.518519"
"BIGGART,STACY","586","4.774468","4.693617","4.782979","4.519149","4.868085","4.821277","4.902128","4.897872","4.812766","4.944681"
"BIGGERSTAFF,CANDACE CHERI","587","4.10388","4.1467","3.643994","4.104962","3.534795","3.680821","3.737517","3.849339","3.718109","3.782957"
"BILELLO,LORI A","588","3.5","3","3.5","3.5","4","4","4","4","4","4"
"BILES,BRITTANY","589","4.8","4.6","4.4","4.4","4.4","4.2","4.8","4.6","4.4","4.8"
"BILLESBACH,GLEN","590","4.688172","4.645161","4.655914","4.591398","4.752688","4.784946","4.869565","4.870968","4.784946","4.806452"
"BILLUPS,WILLIAM ROBERT","591","4.291209","4.296703","4.291209","4.285714","4.472527","4.406593","4.56044","4.60989","4.538462","4.791209"
"BINDA,MACIE ELIZABETH","592","4.326531","4.346939","4.510204","4.326531","4.666667","4.636364","4.69697","4.757576","4.636364","4.757576"
"BINDER,BRIAN ANTHONY","593","4.326923","4.326923","4.115385","4.269231","4.365385","4.461538","4.519231","4.480769","4.307692","4.519231"
"BINDSCHAEDLER,VINCENT","594","4.410359","4.310757","4.258964","4.378486","4.604","4.477912","4.696","4.72","4.668","4.74"
"BINELLI,MARIO","595","4.333333","4.166667","4.166667","4.333333","4.666667","4.333333","4.666667","4.5","4.5","4.666667"
"BINESH,NASIM","596","4.147541","4.229508","4.278689","4.229508","4.311475","4.229508","4.42623","4.393443","4.409836","4.590164"
"BINFORD,MICHAEL W","597","4.631579","4.631579","4.368421","4.631579","4.789474","4.789474","4.736842","4.842105","4.789474","4.894737"
"BIONDI,JAMES ANDREW","598","4.313253","4.108434","4.240964","4.325301","4.506024","4.373494","4.457831","4.566265","4.385542","4.698795"
"BIRD,JONATHAN","599","4.458333","4.361111","4.388889","4.375","4.646154","4.615385","4.630769","4.630769","4.646154","4.615385"
"BIRD,KEVIN","600","4.315884","4.243682","4.236462","4.355596","4.541818","4.433272","4.764065","4.671506","4.591652","4.894737"
"BIRKNER IV,ARCHIE G","601","4.555556","4.444444","4.495726","4.502137","4.702355","4.641631","4.749465","4.642398","4.760171","4.912206"
"BIRNBAUM,GREGG","602","4.736842","4.631579","4.157895","4.684211","3.947368","3.947368","4","4.157895","4.263158","4.315789"
"BIRO,JOHN I","603","4.125","4.0625","4","4.3125","3.9375","3.875","4.1875","4.25","4.25","4.375"
"BIROLI,FLAVIA","604","4","4","5","5","5","5","5","5","5","5"
"BIRON,ZOLEIKHA","605","3.939891","4.032787","3.557377","4.071038","3.666667","3.836066","4.087432","4.229508","3.879121","4.322404"
"BIRZU,GABRIEL","606","4.111111","4.222222","4.444444","4.333333","4.111111","3.777778","4.555556","3.555556","3.888889","4.888889"
"BISESI JR,JOSEPH HOPKIN","607","4.504","4.536","4.344","4.56","4.512","4.432","4.752","4.648","4.648","4.672"
"BISHOP,GEORGE","608","4.149254","4.044776","4.014925","4.029851","4.208955","4.626866","4.402985","4.656716","4.343284","4.567164"
"BISHOP,MARK DONALD","609","4.346076","4.301811","4.362173","4.243461","4.563895","4.574037","4.738337","4.630832","4.369168","4.78499"
"BISINOTTO,RAFAEL SISCONETO","610","4.096986","4.073394","4.401048","4.068152","4.444602","4.395448","4.640625","4.477273","4.394886","4.75"
"BISSAINTE,DONAL","611","4.235714","4.207143","3.914286","4.321429","4.209677","4.306452","4.4","4.52","4.33871","4.435484"
"BISWAS,AMLAN","612","4.223443","4.322344","3.992674","4.274725","4.303704","4.29368","4.648148","4.607407","4.325926","4.688889"
"BITRUS,YAKUBU GALI","613","3.916667","3.729167","4.25","3.8125","3.9375","3.875","4.375","4.145833","3.916667","4.6875"
"BITTAR,JOAO HENRIQUE JABUR","614","3.960526","3.975877","4.285088","3.927632","4.047511","4.018141","4.169683","4.09276","4.085973","4.278281"
"BITTON-BAILEY,ALEXANDRA","615","4.9","4.9","4.9","4.9","5","5","5","4.9","4.9","5"
"BIVENS,BRIANA M","616","4.676923","4.661538","4.584615","4.676923","4.723077","4.815385","4.861538","4.8","4.738462","4.815385"
"BJALOBOK,KELLY","617","4.727273","4.545455","4.727273","4.545455","4.909091","4.818182","4.909091","4.909091","4.818182","5"
"BJARNADOTTIR,RAGNHILDUR","618","3.884615","3.9","3.730769","3.938462","4.100775","3.744186","4.317829","4.116279","4.20155","4.395349"
"BJORKLUND,KELLY","619","4.324841","4.318471","3.929936","4.312102","4.127389","4.374194","4.474359","4.397436","4.442308","4.452229"
"BJORNDAL,KAREN ANNE","620","4.9375","4.9375","4.9375","4.875","5","5","5","4.9375","5","5"
"BLACK,DENNIS A","621","3","3","3","3","3.5","3.5","3.5","3.5","3.5","3.5"
"BLACK,ERIK W","622","4.453488","4.348837","4.406977","4.383721","4.72093","4.825581","4.790698","4.767442","4.686047","4.813953"
"BLACK,JOEL ELAN","623","3.914894","3.861702","3.56383","4.085106","3.537634","3.861702","3.935484","4.043011","3.869565","4.032258"
"BLACK,MARY MEGAN","624","4.198473","4.167939","4.152672","4.328244","4.090909","4.217949","4.181818","4.155844","4.116883","4.220779"
"BLACKBURN,DAVID C","625","4.68","4.6","4.76","4.6","4.74","4.7","4.84","4.68","4.74","4.84"
"BLACKBURN,JASON K","626","4.115385","4.346154","3.038462","4.346154","3.615385","3.192308","3.846154","3.384615","3.923077","4.230769"
"BLAIR-TA,JESSICA","627","4.305085","4.271186","4.118644","4.305085","4.389831","4.627119","4.627119","4.694915","4.576271","4.661017"
"BLAIR,ROGER D","628","4","3.865031","3.754601","4","3.791411","3.920245","3.92638","4.319018","3.748466","4.674847"
"BLAKNEY,SABRINA FRANCESCA","629","3.75","3.5","4.5","4","3.75","3.5","4.25","3.25","4","4"
"BLANC,KETIA","630","4.708333","4.625","4.708333","4.625","4.833333","4.791667","4.833333","4.833333","4.791667","4.875"
"BLANCHARD,ERIENNE M","631","4.546512","4.505814","4.581395","4.418605","4.447674","4.432749","4.372093","4.418605","4.55814","4.732558"
"BLANCHARD,JEREMIAH J","632","4.400729","4.347905","4.324226","4.240437","4.205769","4.007692","4.575816","4.328215","4.370441","4.769674"
"BLAND,JACKSON","633","4.456522","4.391304","4.521739","4.304348","4.73913","4.782609","4.782609","4.804348","4.717391","4.804348"
"BLANTON,DYLAN RAY","634","3.366667","3.383333","3.15","3.45","3.326923","3.769231","3.807692","4.038462","3.615385","3.980769"
"BLASCO SOLER,K","635","4.7","4.657143","4.785714","4.542857","4.898551","4.942029","4.971014","4.928571","4.885714","5"
"BLASSNECK,BRIANNA MAY","636","4.4","4.392157","4.376471","4.368627","4.470588","4.42126","4.596078","4.576471","4.537255","4.72549"
"BLAZAS,JILLIAN M","637","4.666667","4.555556","4.722222","4.666667","5","5","5","5","5","5"
"BLECHA,LAURA","638","4.538462","4.538462","4.307692","4.384615","4.461538","4.538462","4.897436","4.871795","4.615385","4.794872"
"BLITCH,KRISTIN","639","4.658537","4.569106","4.520325","4.487805","4.745902","4.813008","4.803279","4.811475","4.768595","4.860656"
"BLIZNYUK,NIKOLAY A","640","4.59322","4.59322","4.40678","4.576271","4.423729","4.288136","4.457627","4.762712","4.355932","4.813559"
"BLOCH,JONATHAN I","641","4.65","4.55","4.65","4.5","4.545455","4.363636","4.545455","4.545455","4.454545","4.909091"
"BLOCK,DAINA","642","4.2","4.228571","4.628571","4.114286","4.382353","4.441176","4.676471","4.441176","3.911765","4.882353"
"BLOCK,JEREMY ETHAN","643","5","5","5","5","5","5","5","5","5","5"
"BLONDEAU,HELENE","644","4.691358","4.604938","4.728395","4.506173","4.864198","4.814815","4.925926","4.839506","4.82716","4.901235"
"BLOOM,DAVID C","645","4.342857","4.166667","3.695238","4.347619","4.346734","4.163265","4.373737","4.30303","4.467337","4.457286"
"BLOOM,LINDA B","646","4.404494","4.168539","4.11236","4.325843","4.730337","4.629213","4.775281","4.730337","4.786517","4.786517"
"BLOOM,RORI I","647","4.158537","4.158537","4.378049","4.402439","4.390244","4.45122","4.560976","4.609756","4.487805","4.670732"
"BLOOMBERG,BROOKE","648","5","5","5","5","5","5","5","5","5","5"
"BLOUNT,HARRISON","649","3.973684","3.763158","3.868421","3.947368","4.026316","4.078947","4.368421","4.342105","4.342105","4.5"
"BLUCK,SUSAN BARBARA","650","4.226804","4.113402","3.824742","4.319588","3.927083","4.041667","4.197917","4.3125","4.125","4.427083"
"BLUM,SYLVIE E","651","4.729167","4.708333","4.78125","4.625","4.885417","4.885417","4.854167","4.895833","4.770833","4.90625"
"BLUMETTI,DAMIEN C","652","4.142857","4.142857","4.142857","3.857143","4.285714","4.571429","4.571429","4.142857","4.285714","4.571429"
"BLYTHE,ELAINE","653","4.758621","4.62069","4.431034","4.758621","4.741379","4.844828","4.844828","4.793103","4.758621","4.87931"
"BLYTHE,JAMES","654","4","3.5","4.5","4","4","3.5","3.5","3.5","4","4"
"BLYTHE,JANEEN M","655","4.041056","4.099707","4.278592","4.017595","4.458716","4.53681","4.565749","4.54321","4.544343","4.633028"
"BOBDA,CHRISTOPHE","656","4.031856","4.141274","3.655125","4.031856","3.606414","3.726608","4.061135","4.055474","3.609329","4.325073"
"BODDICKER,JENNIFER DENISE","657","4.303644","4.157895","3.615385","4.384615","4.166667","4.268293","4.447154","4.556911","4.313008","4.50813"
"BODISON,STEFANIE C","658","4.728395","4.641975","4.592593","4.54321","4.734568","4.617284","4.685185","4.703704","4.62963","4.796296"
"BODKIN,LARRY","659","4.6","4.8","4.4","4.8","4.4","4.4","4.4","4.4","4.2","4.6"
"BODLAK,NICOLE LYNN","660","4.481481","4.518519","4.407407","4.555556","4.666667","4.62963","4.814815","4.740741","4.666667","4.888889"
"BODY,ANJELICA","661","4.782609","4.608696","4.782609","4.695652","4.956522","4.913043","5","4.913043","4.956522","4.956522"
"BOEHM,SHELBY MARIE","662","4.875","4.75","4.875","4.875","4.625","4.5","5","4.75","4.875","5"
"BOGART,STEPHANIE L","663","4.464286","4.295635","4.22619","4.384921","4.571429","4.498016","4.700397","4.686508","4.698413","4.777778"
"BOHAM,NATASSJA MARI","664","4.779221","4.662338","4.727273","4.688312","4.833333","4.833333","4.833333","4.833333","4.8","4.866667"
"BOHLMAN,STEPHANIE ANN","665","4.289474","4.144737","4.263158","4.171053","3.973684","4.118421","4.381579","4.381579","4.105263","4.5"
"BOISVERT,HEIDI","666","4.285714","4.571429","4.714286","4.285714","4.857143","4.714286","4.714286","4.857143","4.714286","4.857143"
"BOLAÑOS AGUILAR,LAURA ADELINA","667","4.684783","4.619565","4.619565","4.521739","4.794872","4.763158","4.897436","4.842105","4.871795","4.923077"
"BOLCH,WESLEY EMMETT","668","4.274194","4.112903","4.092742","4.221774","4.323887","4.356275","4.493927","4.54251","4.197581","4.890688"
"BOLDS,SARA","669","4.121951","4.012195","3.865854","4.097561","3.975309","4.4125","4.325","4.444444","3.962963","4.320988"
"BOLEN,ALLICIA","670","4.120482","4.084337","4.036145","4.192771","4.195122","4.292683","4.512195","4.365854","4.341463","4.5"
"BOLGER,LEXI B","671","4.428571","4.428571","4.5","4.357143","4.428571","4.5","4.714286","4.5","4.714286","4.357143"
"BOLLICH,ELLIE MARIE","672","4.117647","4.235294","4.176471","4","4.294118","4.470588","4.411765","4.529412","4.352941","4.470588"
"BOLLINGER,AMBER K","673","4.212748","4.156761","4.421189","4.147287","4.485714","4.480952","4.632458","4.571429","4.569048","4.651551"
"BOLLINGER,AVERY EVELYN","674","4.282051","4.230769","3.974359","4.128205","4.076923","4.487179","4.512821","4.512821","4.179487","4.461538"
"BOLSER,DONALD C","675","4.301969","4.089716","4.247265","4.256018","4.285714","4.248352","4.527473","4.476923","4.197802","4.749451"
"BOMAR,CHELSEY L","676","3.275862","3.413793","3.37931","3.551724","4.307692","4.230769","4.538462","4.538462","4.461538","4.769231"
"BONA,CHRISTOPHER","677","4","4","4","4","4","4","4","4","4","4"
"BONA,MIKLOS","678","4.506667","4.4","4","4.466667","4.373333","4.24","4.306667","4.666667","4.386667","4.586667"
"BONCZEK,JAMES LEE","679","4.401554","4.301813","4.066062","4.428756","4.501956","4.291287","4.517555","4.528031","4.557143","4.611688"
"BOND,VANESSA","680","3.833333","4.166667","3.5","4.333333","4","3.833333","4.333333","3.5","3.666667","4.666667"
"BONETA,TAMARA J","681","4.480243","4.346505","4.449848","4.316109","4.535714","4.630952","4.708333","4.678571","4.541667","4.714286"
"BONILLA,JESUS ALBERTO","682","4.777778","4.777778","4.777778","4.777778","5","5","4.888889","4.777778","4.888889","5"
"BONO,JOYCE","683","4.416667","4.354167","4.4375","4.333333","4.625","4.583333","4.479167","4.708333","4.604167","4.8125"
"BONURA,CHRISTOPHER JOSEPH","684","4.571429","4.52381","4.428571","4.52381","4.55","4.55","4.7","4.85","4.7","4.7"
"BONZONGO,JEAN-CLAUDE JUSTIN","685","4.31","4.31","4.13","4.37","4.616162","4.58","4.73","4.7","4.57","4.86"
"BOOHER,JEREMY","686","4.694915","4.711864","4.576271","4.661017","4.677966","4.779661","4.847458","4.813559","4.677966","4.881356"
"BOOKER,STAJA","687","3.757576","3.787879","3.909091","3.80303","4.060606","4.136364","4.363636","4.272727","4.060606","4.590909"
"BOOTHROYD,JAMES CHRISTOPHER","688","4.428571","4.314286","4.414286","4.257143","4.392857","4.446429","4.482143","4.45614","4.553571","4.517857"
"BORDAS,CAMILLE","689","4.705882","4.588235","4.647059","4.705882","4.882353","4.823529","5","4.882353","4.941176","4.941176"
"BORDERS,KELLEY L","690","4.809524","4.809524","4.809524","4.809524","4.952381","4.952381","4.952381","4.952381","4.952381","4.952381"
"BOREN,SHAUN MICHAEL","691","5","4.916667","4.916667","4.916667","5","4.916667","5","4.916667","4.833333","4.916667"
"BORG,MARIAN J","692","4.653061","4.622449","4.408163","4.566327","4.760204","4.744898","4.811224","4.806122","4.770408","4.857143"
"BORGES,RODRIGO","693","4.187732","4.245353","4.091078","4.126394","4.159851","4.078799","4.392193","4.446097","4.198885","4.615242"
"BORICHA,SHRUTIK ARVIND","694","4.416667","4.333333","4.458333","4.166667","4.5","4.541667","4.833333","4.708333","4.666667","4.833333"
"BOROSKI,ELIZABETH LYNN","695","4.383929","4.401786","4.553571","4.294643","4.693694","4.720721","4.891892","4.81982","4.72973","4.81982"
"BOROWSKI,MEGAN","696","4.5","4.333333","4.333333","4.333333","4.5","5","5","4.833333","4.833333","5"
"BORSA,PAUL A","697","4.324503","4.049669","3.92053","4.331126","4.202658","4.139535","4.332226","4.372093","4.328904","4.488372"
"BORTOLATO,MARCO","698","4.25","4","4.083333","4.25","4.222222","4.222222","4.222222","4.222222","4.222222","4.222222"
"BORUM,PEGGY L","699","3.494565","3.548913","3.222826","3.548913","3.157609","3.472826","3.61413","3.63587","3.271739","3.940217"
"BOSCH,SHEILA","700","4.351351","4.198198","4.342342","4.342342","4.225225","4.099099","4.513514","4.315315","4.198198","4.792793"
"BOSWINKLE,KALEB","701","4.28125","4.25","4.375","4.25","4.4375","4.4375","4.625","4.5","4.3125","4.5"
"BOSWORTH III,FRANK MALING","702","","","","","","","","","",""
"BOTELHO,ANTHONY","703","4.156463","4.210884","4.122449","4.163265","4.333333","3.85034","4.564626","4.496599","4.503401","4.809524"
"BOTERO-ARIAS,ROBINSON","704","4.294872","4.294872","4.410256","4.24359","4.410256","4.5","4.679487","4.551282","4.25641","4.692308"
"BOUCHER,CHRISTINA A","705","3.855072","3.971014","3.701449","4.005797","3.569767","3.633721","3.508721","4.098837","3.639535","4.264535"
"BOUGUETTAYA,SORAYA","706","4.688525","4.5","4.721311","4.442623","4.743802","4.53719","4.768595","4.254098","4.590164","4.918033"
"BOUHNIN,MAHA","707","4.163934","4.153005","3.491803","4.180328","3.896175","3.983607","4.218579","4.36612","4.092896","4.15847"
"BOULANT,STEEVE","708","4.030303","3.94697","4.128788","3.992424","4.130769","4.361538","4.392308","4.446154","4.407692","4.607692"
"BOURASSA,AIMÉE","709","4.591837","4.55102","4.795918","4.510204","4.632653","4.755102","4.816327","4.897959","4.836735","4.938776"
"BOURNE,JUSTIN","710","4.330189","4.301887","4.396226","4.339623","4.533333","4.695238","4.838095","4.771429","4.566038","4.735849"
"BOURNE,THADDAEUS","711","4.40404","4.292929","4.565657","4.292929","4.707071","4.676768","4.808081","4.717172","4.808081","4.888889"
"BOVE,JESSICA MARIE","712","4.8","4.6","4.4","4.4","4.4","4.8","4.6","4.6","4.6","4.6"
"BOVEE,ERIC","713","4.823529","4.647059","4.823529","4.647059","4.823529","4.882353","5","4.705882","4.882353","5"
"BOWDEN,JOHN ALFRED","714","4.093023","4.069767","4.046512","4.116279","4.190476","4.428571","4.428571","4.52381","4.195122","4.595238"
"BOWE,MARKIA THOMASINA","715","3.578947","3.692308","3.696356","3.611336","3.582996","3.643725","4.129555","4.052632","3.700405","4.315789"
"BOWEN,DAVID N","716","4.133333","4.066667","3.966667","4.233333","4.333333","4.133333","4.133333","4.5","4.266667","4.6"
"BOWERMASTER,KEITH E","717","4.4","4.2","4.2","4.2","4.4","4.2","4.4","4.2","4.4","4.4"
"BOWERS,CLIFFORD RUSSELL","718","3.647059","3.647059","3.941176","3.705882","3.764706","3.705882","3.823529","4.058824","3.470588","4.235294"
"BOWERS,DAWN","719","4.6875","4.375","4.5","4.3125","4.266667","4.230769","4.8","4.769231","4.733333","4.8"
"BOWIE,MICHAEL V","720","4.380282","4.323944","4.507042","4.394366","4.666667","4.621212","4.757576","4.575758","4.712121","4.772727"
"BOWLING,TYLER","721","3.765027","3.688525","3.584699","3.775956","3.993289","4.187919","4.234899","4.33557","4.234899","4.275168"
"BOYD,ALICIA","722","4.029412","3.941176","3.558824","4.058824","3.4","3.75","3.866667","4.066667","3.6","3.8"
"BOYD,COURTNEY","723","4.724138","4.655172","4.793103","4.758621","4.862069","4.724138","4.965517","4.862069","4.896552","4.931034"
"BOYD,MEGAN E","724","3.833333","3.9","3.222222","4.077778","3.344444","3.811111","3.7","3.9","3.622222","3.877778"
"BOYER,KRISTY","725","4.05","4.15","4.35","4.05","4.1","3.9","4.4","4.368421","4.25","4.736842"
"BOYLAND,PHILIP LEWIS","726","4.004854","4.092233","3.194175","4.116505","3.580808","3.707071","3.86802","4.10101","3.822335","3.827411"
"BOYLES,JESSE V","727","3.619718","3.802817","3.732394","3.690141","3.478873","3.464789","3.380282","3.492958","3.253521","4.084507"
"BOYTE,FAITH ALLISON","728","4.655172","4.689655","4.724138","4.655172","4.793103","4.827586","4.862069","4.862069","4.793103","4.862069"
"BOZ,ZIYNET","729","4.517647","4.388235","4.6","4.070588","4.294118","4.235294","4.647059","4.305882","4.341176","4.8"
"BOZA,LELYDEYVIS","730","4.2","3.8","3.8","4.6","4.6","5","5","5","4.8","4.8"
"BOZIA,ELENI","731","4.722772","4.643564","4.594059","4.574257","4.821782","4.70297","4.891089","4.881188","4.821782","4.970297"
"BRACE,MELISSA A","732","4.431884","4.310145","4.417391","4.298551","4.457447","4.56383","4.643617","4.707447","4.484043","4.680851"
"BRACEWELL,KRIS","733","3.777778","3.777778","3.222222","4","3.777778","4.111111","4","4.444444","3.888889","4.222222"
"BRADBERY,ANGELA P","734","4.658824","4.647059","4.835294","4.576471","4.858824","4.882353","4.882353","4.835294","4.764706","5"
"BRADDOCK,JENNIFER J","735","4.16875","4.15","3.85625","4.2","4.201258","4.220126","4.396226","4.515723","4.341772","4.509434"
"BRADLEY PRATESI,LAURA","736","1","1.25","1","2","1","1.25","1","1.5","1","1.75"
"BRADLEY,SHARON MCFADDEN","737","4.252976","4.25","4.202381","4.25","4.401198","4.431138","4.520958","4.494012","4.467066","4.568862"
"BRADLEY,VICKI","738","4.26087","4.217391","4.434783","4.434783","4.521739","4.565217","4.652174","4.521739","4.652174","4.652174"
"BRADY,ALANA","739","3.84","3.68","4.48","3.92","4.2","4.44","4.76","4.84","4.76","4.68"
"BRADY,HANNAH REBECCA GENE","740","4.702128","4.638298","4.574468","4.638298","4.829787","4.87234","4.914894","4.978723","4.765957","5"
"BRADY,L JEANNINE","741","5","5","5","5","5","5","5","5","5","5"
"BRAHMA,PRATUSH","742","3.703488","3.755814","3.090116","3.825581","3.485437","3.676329","3.712195","3.757282","3.669903","3.737864"
"BRAITHWAITE, PHD, MSC,DEJANA","743","4.2","4.25","4","4.15","3.315789","3.578947","3.736842","3.684211","3.578947","3.842105"
"BRANCH,LYN CLARKE","744","4.714286","4.857143","4.857143","4.714286","4.714286","4.428571","4.428571","4.428571","4.142857","5"
"BRANDT,STEVEN ANDREW","745","4","3.860465","3.395349","4.093023","3.674419","3.767442","4.046512","4.186047","3.860465","4.186047"
"BRANHAM,MARC A","746","4.725","4.6","4.7","4.6","4.875","4.75","4.897436","4.7","4.775","4.975"
"BRASK,DAVID A","747","4.459459","4.432432","4.378378","4.459459","4.648649","4.702703","4.621622","4.810811","4.621622","4.864865"
"BRASWELL,ANNA E","748","3.75","3.75","3.25","3.5","3","3.25","3.5","3.25","3.5","3.5"
"BRAUN,EDWARD LOUIS","749","3.711111","3.511111","3.466667","3.644444","3.488889","3.711111","4.022222","4.111111","3.4","4.688889"
"BRAUN,RYAN G","750","4.777778","4.722222","4.583333","4.666667","4.916667","4.944444","4.944444","4.888889","4.944444","4.944444"
"BRAUND JR,GORDON L","751","4.222222","4","4.666667","4","4.555556","4.111111","4.666667","4.111111","4","5"
"BRAUNER,YARIV","752","4.115385","4.067308","4.201923","3.975962","4.110577","3.758454","4.269231","4.028846","3.932692","4.384615"
"BRAUTOVIC,MATO","753","4.229508","4.229508","3.737705","4.311475","4.065574","4.196721","4.377049","4.393443","4.295082","4.196721"
"BRAXTON,BRIDGET","754","4.5","4.5","4.333333","4.5","4.833333","4.833333","4.833333","4.833333","4.833333","4.833333"
"BREBION,ANDRE G","755","3.630137","3.849315","3.328767","3.890411","3.606061","3.969697","4.090909","4.090909","3.909091","4.090909"
"BRECHT,JEFFREY K","756","4.428571","4.309524","4.285714","4.5","4.571429","4.571429","4.571429","4.595238","4.642857","4.690476"
"BREED,JACK","757","4.551282","4.410256","4.397436","4.487179","4.448718","4.102564","4.564103","4.461538","4.5","4.807692"
"BREEDEN,NICHOLE","758","4.703704","4.518519","4.592593","4.481481","4.5","4.5","4.5","4","4.5","4.5"
"BREIDENBACH,MICHAEL D","759","4.333333","4.166667","4.5","4.333333","4.666667","4.666667","4.666667","4.666667","4.666667","5"
"BREITER TERRY,DEBORAH","760","4.666667","4.583333","4.666667","4.583333","4.916667","4.916667","4.916667","4.916667","4.916667","4.916667"
"BREITINGER,PETAR","761","4.354839","4.258065","4.290323","4.264516","4.332248","4.355049","4.436482","4.394137","4.338762","4.485342"
"BREKKA,PAMELA MERRILL","762","4.4375","4.4375","4.5","4.3125","4.4375","4.3125","4.875","4.375","4.6875","4.9375"
"BRENNEN,DAVID A","763","3.855072","3.811594","4.072464","4.043478","3.173913","3.521739","3.536232","3.913043","3.304348","4.014493"
"BRENNER,LYLE A","764","3.906149","4.02589","4.061489","3.938511","4.05178","4.326861","4.210356","4.474026","4.05178","4.456311"
"BRENNER,MARK","765","4.653846","4.423077","4.576923","4.576923","4.52381","4.571429","4.761905","4.714286","4.761905","5"
"BRESLIN,PATRICK C","766","4.571429","4.714286","4.714286","4.571429","5","5","5","5","4.857143","5"
"BRESSLER,PAIGE DUNNING","767","3.785714","3.803571","4.026786","4.035714","3.428571","3.642857","4.026786","3.955357","3.375","4.276786"
"BRETONES LANE,FERNANDA","768","4.12931","4.094828","4.103448","4.12931","4.258621","4.13913","4.344828","4.568966","4.422414","4.715517"
"BRETT,ANNIE","769","4.53112","4.414938","4.39834","4.419087","4.579167","4.370833","4.629167","4.595833","4.616667","4.608333"
"BREWER,CHRISTOPHER R","770","4.571429","4.785714","4.642857","4.571429","4.642857","4.428571","4.642857","4.571429","4.785714","4.928571"
"BREWSTER,MARIEL","771","4.69697","4.727273","4.69697","4.515152","4.878788","4.818182","4.878788","4.787879","4.878788","4.878788"
"BRICCETTI,ROSE","772","4.584615","4.476923","4.646154","4.369231","4.612903","4.548387","4.758065","4.483871","4.677419","4.822581"
"BRICKER, PHD, APRN, FNP-BC, FAHA,CHRISTINA M","773","4.304217","4.301205","4.120482","4.346386","4.372308","4.538462","4.56","4.606154","4.510769","4.569231"
"BRICKER,DAPHNE EDYTHE","774","4.722222","4.685185","4.666667","4.592593","4.481481","4.685185","4.722222","4.555556","4.685185","4.703704"
"BRIDGE,JENNIFER ANNE","775","4.763889","4.763889","4.597222","4.736111","4.763889","4.611111","4.763889","4.819444","4.763889","4.861111"
"BRIDGES,BRITTANY L","776","4.784314","4.686275","4.764706","4.705882","4.803922","4.784314","4.921569","4.882353","4.882353","4.882353"
"BRIDGES,JENSEN","777","4.104348","4.034783","3.695652","4.043478","4.553571","4.580357","4.705357","4.785714","4.607143","4.589286"
"BRIDGES,ROSE ELIZABETH","778","2.916667","2.958333","3.291667","3.291667","2.833333","2.875","3.083333","2.833333","2.958333","3.875"
"BRIDIS,THEODORE","779","4.591549","4.5","3.978873","4.492958","4.542254","4.260563","4.605634","4.584507","4.669014","4.767606"
"BRIENZA-LARSEN,EMILY","780","4.317073","4.341463","4.134146","4.231707","4.414634","4.731707","4.743902","4.804878","4.573171","4.756098"
"BRIGANCE,PARKER J","781","4.642857","4.642857","4.5","4.571429","4.785714","4.785714","4.785714","4.785714","4.785714","4.642857"
"BRILEY,PATRICK","782","4.421053","4.45614","4.614035","4.526316","4.517857","4.482143","4.696429","4.625","4.375","4.875"
"BRINKER,JULIE A","783","4.285714","4.333333","4.142857","4.095238","4.333333","4.571429","4.47619","4.52381","4.285714","4.47619"
"BRINSON,ANTWAN D","784","4.325581","4.325581","4.046512","4.348837","4.232558","4.395349","4.418605","4.581395","4.186047","4.511628"
"BRISOTTO,CARLA","785","4.0125","3.875","4.275","3.95","3.8875","3.95","4.4375","4.1375","3.625","4.6"
"BRISTOL,KATIE ELLEN","786","4.3","4.3","4","4.5","4.1","4.6","4.6","4.5","4.5","4.6"
"BRITLAND,JOANNE","787","4.508772","4.473684","4.701754","4.438596","4.596491","4.473684","4.701754","4.578947","4.473684","4.77193"
"BRITTON,AUSTIN RAY","788","4.227273","4.363636","4.5","4.181818","4.142857","4.380952","4.285714","4.190476","4.190476","4.428571"
"BROAD,K. L","789","4.770833","4.729167","4.708333","4.729167","4.770833","4.895833","4.895833","4.854167","4.8125","4.916667"
"BROADBENT,EBEN NORTH","790","4.359551","4.269663","4.629213","4.258427","4.573034","4.295455","4.775281","4.465909","4.449438","4.842697"
"BROADWAY,KENNETH LEE","791","4.917808","4.863014","4.945205","4.917808","4.971429","4.957143","4.985714","4.928571","4.957143","4.985714"
"BROADWELL,GEORGE AARON","792","4.857143","4.75","4.892857","4.75","4.928571","4.928571","4.928571","4.892857","4.928571","4.821429"
"BROCK MORALES,AMANDA","793","4.030303","3.909091","3.757576","4.090909","3.606061","3.875","4.212121","4.484848","3.787879","4.090909"
"BROCK,REBECCA L","794","4.909091","4.818182","4.909091","4.727273","5","5","5","5","5","5"
"BROMFIELD,JOHN","795","4.414414","4.297297","4.072072","4.459459","4.306306","4.225225","4.378378","4.405405","4.396396","4.585586"
"BROOKE,ERIKA J","796","4.43956","4.384615","4.186813","4.42033","4.471074","4.574586","4.619835","4.710744","4.586777","4.663912"
"BROOKS,CHRISTINE","797","4.5","4.4","4","4.6","4.7","4.7","4.8","4.7","4.8","4.7"
"BROOKS,ELLA ROSE MARIE","798","4","4","4","4","4","4","4.5","4","4","5"
"BROOKS,EMILY FAITH","799","3.965517","4.017241","4.310345","3.758621","4.758621","4.862069","4.913793","4.862069","4.741379","4.913793"
"BROOKS,INDIA","800","4.5","4.75","5","4.5","4.5","4.75","4.75","5","4.75","4.75"
"BROOKS,JONATHAN T","801","4.624544","4.652491","4.488457","4.569866","4.713415","4.574572","4.87439","4.80122","4.773171","4.934146"
"BROOKS,LAKEN D","802","4.239437","4.239437","4.380282","4.126761","4.408451","4.450704","4.676056","4.43662","4.605634","4.746479"
"BROOKS,SAMANTHA","803","3.981132","3.981132","3.830189","4.056604","3.849057","3.830189","4.132075","3.90566","3.962264","4.45283"
"BROPHY CERQUERA,TRISTA M","804","3.407407","3.611111","4.111111","3.648148","3.217391","3.765957","3.73913","3.913043","3.869565","3.956522"
"BROPHY,TIMOTHY S","805","4.534247","4.465753","4.69863","4.438356","4.575342","4.808219","4.849315","4.835616","4.671233","4.931507"
"BROSKY,MADELINE JOLIE","806","3.967742","3.956989","3.709677","4.021505","4","4.057143","4.086957","4.231884","4.130435","4.188406"
"BROUGHAM,JESSICA KATE","807","4.089286","4.107143","3.982143","4.107143","4.160714","4.392857","4.357143","4.589286","4.267857","4.410714"
"BROWDER,KEELEY A","808","4.414508","4.321244","4.445596","4.326425","4.73224","4.677596","4.590164","4.737705","4.743169","4.819672"
"BROWDY,ANGELEAH","809","4.132075","4.056604","3.981132","4.179245","4.068966","4.232558","4.37931","4.287356","4.103448","4.252874"
"BROWN,AMY MICHELLE","810","4.709677","4.645161","4.774194","4.709677","4.129032","4.483871","4.612903","4.322581","4.354839","4.677419"
"BROWN,ANGELA JEAN","811","4.3","4.3","4.222222","4.233333","4.458955","4.533582","4.619403","4.576208","4.529851","4.626866"
"BROWN,ANNA L","812","3.666667","4","3.266667","3.866667","3.4","2.733333","3.733333","3.466667","3.466667","3.866667"
"BROWN,CARLA-ANN R","813","4.567568","4.540541","4.432432","4.621622","4.486486","4.621622","4.702703","4.648649","4.594595","4.621622"
"BROWN,CHRISTOPHER D","814","4.613725","4.531373","4.343137","4.592157","4.559055","4.624754","4.675835","4.72888","4.676529","4.665354"
"BROWN,DANIEL R","815","4.454545","4.363636","4.272727","4.181818","4.454545","4.363636","4.454545","4.454545","4.545455","4.454545"
"BROWN,DARIUS D","816","4.226852","4.157407","4.138889","4.152778","4.253731","4.238806","4.492537","4.38806","4.32","4.606965"
"BROWN,DAVID T","817","4.509009","4.490991","4.441441","4.486486","4.581081","4.5","4.675676","4.662162","4.558559","4.810811"
"BROWN,DREW D","818","3.852542","3.9","3.79322","3.961017","3.960818","3.870242","4.235094","4.24744","4.158433","4.619454"
"BROWN,FELICIA F","819","4.875","4.75","5","4.75","4.875","4.875","5","4.875","4.875","4.875"
"BROWN,JASON","820","4.222222","4.222222","4.333333","4.222222","4.333333","4.333333","4.555556","4.444444","4.333333","4.666667"
"BROWN,JENNIFER","821","4.380952","4.428571","4.47619","4.428571","4.809524","4.809524","4.809524","4.761905","4.761905","4.904762"
"BROWN,JULIE C","822","4.634146","4.609756","4.487805","4.585366","4.743902","4.573171","4.914634","4.682927","4.756098","4.939024"
"BROWN,JUSTIN S","823","4.296296","4.259259","3.958333","4.37963","4.246512","4.488372","4.488372","4.523364","4.469767","4.418605"
"BROWN,LEON","824","3.794118","3.823529","3.617647","3.911765","3.647059","3.676471","3.911765","4.264706","3.411765","4.147059"
"BROWN,LEONARD","825","4.821429","4.75","4.892857","4.714286","4.964286","4.785714","4.964286","4.642857","4.928571","4.964286"
"BROWN,MARY B","826","3.98103","4.00813","4.127371","4.059621","4.382271","4.338889","4.546961","4.382271","4.439227","4.588398"
"BROWN,SUMMER JADE","827","4.253589","4.177033","3.889952","4.205742","3.724138","3.862069","3.954023","4","3.873563","4.022989"
"BROWN,TARYRN","828","4.383333","4.366667","4","4.383333","4.316667","4.166667","4.583333","4.3","4.383333","4.683333"
"BROWN,WILLIAM","829","4.095238","4.047619","3.904762","4.190476","4.142857","4.428571","4.428571","4.428571","4.333333","4.238095"
"BROWNE,ISABELLA GUTTUSO","830","5","5","4.75","4.75","5","4.75","4.75","4.5","5","4.75"
"BROWNELL,MARY T","831","4.8","4.8","4.8","4.7","5","5","5","5","4.9","5"
"BROWNING,SUZANNA K","832","4.119048","4.059524","4.178571","4.107143","4.341772","4.341772","4.594937","4.367089","4.518987","4.506329"
"BROWNLEE,LIZ","833","4.234604","4.093842","4.152493","4.064516","3.982249","4.175074","4.293769","4.251479","4.014793","4.343195"
"BRUCAT,PHILIP J","834","4.069444","4.152778","4.347222","4.25","3.986111","3.944444","4.027778","4.638889","3.763889","4.75"
"BRUCE,ERIN BRIGID","835","4.509317","4.434783","4.254658","4.47205","4.503145","4.487342","4.683544","4.666667","4.591195","4.72327"
"BRUCK,JULES","836","3.948276","3.775862","4.068966","3.982759","4.086207","4.258621","4.275862","4.275862","4.051724","4.603448"
"BRUIJNZEEL,ADRIAAN WILLEM","837","4.470588","4.411765","4.117647","4.235294","4","4.588235","4.588235","4.529412","4.411765","4.294118"
"BRUNA III,EMILIO MIGUEL","838","4.40625","4.40625","4.572917","4.354167","4.802083","4.489583","4.875","4.71875","4.802083","4.96875"
"BRUNDAGE,ADRIENNE LEANE","839","4.182609","3.956522","3.052174","4.173913","4.175439","3.359649","4.243478","3.719298","4.315789","4.763158"
"BRUNER,STEVEN DOUGLAS","840","2.971698","3.216981","2.858491","3.45283","2.514286","3.2","2.961905","3.552381","2.571429","3.480769"
"BRUNETTE,IAN WALKER","841","4.460784","4.343137","4.72549","4.294118","4.803922","4.823529","4.960784","4.882353","4.754902","4.892157"
"BRUNEY,TERESA SALLAS","842","4.573333","4.493333","4.28","4.546667","4.693333","4.546667","4.88","4.72","4.8","4.933333"
"BRUNNIG,SARAH D","843","4.165301","4.036885","4.118852","4.131148","4.035763","4.202201","4.339286","4.421703","4.122253","4.666209"
"BRUNO,KATELYN A","844","4.26087","4.043478","4.130435","4.26087","4.26087","4.347826","4.608696","4.652174","4.608696","4.782609"
"BRUNSTING,NELSON CARL","845","4.464286","4.392857","4.428571","4.321429","4.642857","4.785714","4.928571","4.678571","4.607143","4.928571"
"BRUSKO,MAIGAN A","846","4.4375","4.375","4.4375","4.25","4.466667","4.5","4.6","4.666667","4.6","4.6"
"BRUSKO,TODD M","847","4","4","3.5","4","3","3.5","4","3.5","3.5","4"
"BRYAN,ELIZABETH L","848","4","4","5","5","5","5","5","5","5","5"
"BRYAN,GLENN EARL","849","4.6","4.7","4.7","4.5","4.9","4.9","4.9","4.9","4.9","4.9"
"BRYAN,JOSIE LUCRETIA","850","4.512195","4.560976","4.780488","4.609756","4.634146","4.780488","4.731707","4.853659","4.707317","4.829268"
"BRYANT,MARSHA C","851","4.414286","4.435714","4.621429","4.564286","4.592857","4.628571","4.764286","4.764286","4.614286","4.892857"
"BRYSON,ROSE","852","4.690476","4.5","4.380952","4.642857","4.785714","4.642857","4.761905","4.761905","4.761905","4.880952"
"BU,YUHENG","853","4.093333","4.08","3.946667","4.106667","4.081081","4.24","4.28","4.573333","3.906667","4.48"
"BUBENHEIMER,LORI LEAH","854","5","5","5","5","5","5","5","5","5","5"
"BUBENIK,PETER","855","4.536585","4.463415","4.390244","4.414634","4.585366","4.658537","4.682927","4.560976","4.512195","4.780488"
"BUCAN,CHRISTINE","856","4.621196","4.516264","4.453305","4.55404","4.76607","4.694268","4.861814","4.818374","4.832278","4.91254"
"BUCHANAN,BRITTANEY L","857","3.91716","3.976331","4.088757","3.822485","4.540541","4.506757","4.614865","4.581081","4.574324","4.608108"
"BUCHANAN,CORRINE FAYE","858","4.510029","4.441261","4.252149","4.464183","4.559078","4.706052","4.734104","4.714697","4.653179","4.742775"
"BUCHANAN,NEIL H","859","4.090909","4.090909","4.181818","4.272727","4.454545","4.545455","4.363636","4.727273","4.454545","4.727273"
"BUCKLEY,CHRISTEN","860","4.454545","4.409091","4.522727","4.386364","4.604651","4.627907","4.860465","4.790698","4.72093","4.837209"
"BUCKLEY,GARETH JAMES","861","4.57971","4.521739","4.521739","4.463768","4.8","4.8","4.8","4.8","5","5"
"BUCKLEY,TARYN RIVERA","862","4.490566","4.410377","3.867925","4.457547","4.308057","4.509524","4.578199","4.663507","4.49763","4.56872"
"BUCKNER,CAMERON","863","4.476744","4.488372","4.372093","4.406977","4.44186","4.430233","4.569767","4.523256","4.511628","4.697674"
"BUCKNOFF,MELISSA CARRIE","864","4.65798","4.586319","4.534202","4.540717","4.585714","4.550725","4.57971","4.565217","4.652174","4.691176"
"BUDDEMEYER,ANDREW J","865","3.857143","3.952381","3.952381","4.238095","3.714286","4.333333","3.857143","4.52381","4","4.380952"
"BUDWICK,JORDAN MICHAEL","866","4.591489","4.378723","4.557447","4.302128","4.572414","4.662069","4.751724","4.77931","4.551724","4.731034"
"BUEKER,JAMI G","867","4.714286","4.571429","4.714286","4.714286","5","5","5","5","5","5"
"BULITTA,JÜRGEN","868","4.428571","4.285714","4.5","4.357143","4.785714","4.846154","4.857143","4.928571","4.857143","4.928571"
"BULLOCK,OLIVIA M","869","4.384615","4.353846","4.630769","4.230769","4.5625","4.578125","4.78125","4.75","4.65625","4.875"
"BUMBACH,MICHAEL D","870","4.195219","4.159363","3.848606","4.247012","3.97479","4.291139","4.306723","4.455696","4.142259","4.407563"
"BUMGARNER,BENJAMIN M","871","4.5","4.5","4.5","4.4","4.85","4.8","4.95","4.95","4.85","4.95"
"BUNCH,JAMES CHARLES","872","4.483333","4.4","4.25","4.508333","4.478992","4.445378","4.663866","4.689076","4.579832","4.739496"
"BUNGERT,JORG","873","4.52","4.293333","4.253333","4.44","4.626667","4.626667","4.76","4.733333","4.52","4.8"
"BUNNELL,AMELIA A","874","4.6","4.6","4.527273","4.6","4.545455","4.472727","4.581818","4.636364","4.618182","4.781818"
"BUONO,STEPHEN","875","4.578947","4.526316","4.789474","4.368421","4.526316","4.894737","4.736842","4.578947","4.684211","4.842105"
"BURAK,ALEXANDER LVOVICH","876","4.454545","4.318182","4.590909","4.363636","4.386364","4.522727","4.636364","4.545455","4.5","4.863636"
"BURCH,ALLISON H","877","4.789474","4.789474","4.736842","4.789474","4.842105","4.894737","5","4.947368","5","4.947368"
"BURCHFIELD,RACHEL","878","5","5","5","5","5","5","5","5","5","5"
"BURDETTE,DEREK S","879","4.191218","4.18272","3.771955","4.259207","4.177396","4.212034","4.48784","4.465812","4.485021","4.540656"
"BURG,JAMIE JANEL","880","4.388889","4.166667","4.611111","4.388889","4.5","4.444444","4.722222","4.666667","4.5","4.833333"
"BURGESS,EDWIN R","881","4.673575","4.518135","4.481865","4.601036","4.748691","4.643979","4.748691","4.753927","4.706806","4.858639"
"BURGOON,BRIAN D","882","4.904762","4.904762","4.904762","4.857143","4.904762","4.65","4.904762","4.857143","4.809524","4.904762"
"BURING,SHAUNA","883","4.383459","4.383459","4.330827","4.413534","4.242424","4.295455","4.5","4.44697","4.401515","4.5"
"BURINI KOJIN,BIANCA","884","4.888889","4.888889","5","4.777778","4.888889","4.888889","5","5","5","5"
"BURKE,KAREN C","885","4.318471","4.312102","4.324841","4.401274","4.292994","4.282051","4.496815","4.55414","4.248408","4.719745"
"BURKE,SARA NICOLE","886","4.125","3.910714","4.178571","4.125","4.734694","4.638298","4.76","4.77551","4.76","4.78"
"BURKES,ROSLYN RENEE","887","4.459459","4.297297","4.594595","4.486486","4.675676","4.702703","4.918919","4.756757","4.837838","4.837838"
"BURKETT-CADENA,NATHAN DANIEL","888","4.633333","4.533333","4.011111","4.611111","4.466667","4.333333","4.533333","4.544444","4.611111","4.588889"
"BURKHALTER,BROOKE MATTMAN","889","4.4","4.36","4.32","4.36","4.705882","4.533333","4.764706","4.529412","4.823529","4.882353"
"BURKLEW,JAKE","890","4.75","4.75","4.5","5","4.5","5","4.75","5","4.5","4.5"
"BURKS,THOMAS FRANCIS","891","4.146341","4.121951","3.95122","4.268293","3.585366","4.02439","4.02439","4.317073","3.682927","4.146341"
"BURLEIGH,BECKY","892","4.706294","4.636364","4.713287","4.587413","4.84507","4.908451","4.915493","4.866197","4.838028","4.929577"
"BURLEIGH,GORDON","893","4.283981","4.041262","3.815534","4.101942","4.246341","4.222494","4.543902","4.521951","4.42439","4.709756"
"BURLEY,XAN","894","4.6875","4.625","4.6875","4.640625","4.875","4.796875","4.875","4.828125","4.875","4.875"
"BURNETT,LIVY","895","4.051724","4.12069","4.482759","4.206897","4.275862","4.5","4.482759","4.603448","4.517241","4.568966"
"BURNS,KIMBERLY","896","4.315789","4.210526","4.526316","4.473684","4.105263","4.315789","4.368421","4.105263","4.210526","4.473684"
"BURNS,MATTHEW KEVIN","897","4.675676","4.621622","4.459459","4.675676","4.783784","4.648649","4.72973","4.648649","4.72973","4.918919"
"BURNS,MATTHEW ROBERT","898","4.596154","4.5","4.576923","4.576923","4.531915","4.531915","4.531915","4.531915","4.531915","4.531915"
"BURNSIDE,RACHEL D","899","4.25","4.25","4.25","4.25","4.75","4.75","4.75","4.75","4.75","4.75"
"BURRIS,THOMAS P","900","4.411765","4.352941","4.176471","4.588235","4.352941","4.470588","4.705882","4.764706","4.352941","4.411765"
"BURT,RICHARD","901","4.5","4.57","4.65","4.52","4.41","4.36","4.68","4.33","4.19","4.85"
"BURTCH,TAYLOR M","902","4.25","4.125","3.875","4.125","4.375","4.5","4.625","4.875","4.375","4.375"
"BURTON,COREY ALLEN","903","3.827957","3.870968","3.623656","3.860215","4","4.333333","4.333333","4.428571","4.190476","4.349206"
"BURTON,LEE","904","4.310924","4.243697","3.512605","4.403361","4.161017","3.941176","4.211864","4.338983","4.29661","4.542373"
"BURTON,REBECCA L","905","4.666667","4.611111","4.888889","4.444444","4.833333","4.777778","4.944444","4.888889","4.5","4.888889"
"BURTON,SYDNEY MARIE","906","3.5","3.5","3.5","3","4","5","4","4.5","4","3.5"
"BURUKINA,IRINA","907","4.454545","4.545455","4.636364","4.454545","4.909091","4.727273","4.909091","4.909091","4.272727","5"
"BUSCH,TYLER ANN","908","4.577778","4.555556","4.511111","4.444444","4.755556","4.866667","4.866667","4.888889","4.711111","4.866667"
"BUSCHMAN,JASON","909","4.73913","4.73913","4.804348","4.695652","4.869565","4.847826","4.847826","4.826087","4.847826","4.956522"
"BUSH,JOHNATHAN","910","4.431034","4.293103","4.482759","4.37931","4.482759","4.534483","4.775862","4.810345","4.396552","4.775862"
"BUSH,SARAH A","911","4.448485","4.454545","4.593939","4.381818","4.733333","4.775758","4.824242","4.739394","4.727273","4.812121"
"BUSHEY,SARAH A","912","3.812057","3.925532","3.670213","3.929078","3.948148","4.103704","4.111111","4.177778","4.088889","4.074074"
"BUSS,EILEEN AMBER","913","4.424242","4.363636","3.787879","4.393939","4.181818","4.272727","4.333333","4.454545","4.30303","4.484848"
"BUSS,LYLE J","914","4.8","4.8","4.733333","4.733333","4.933333","4.733333","4.866667","4.933333","4.933333","4.866667"
"BUSSIERE,COREY LIONEL","915","4.235294","4.176471","3.352941","4.294118","3.647059","4","4.352941","4.235294","4.176471","4.176471"
"BUSTAMANTE,TIFFANY ALEXANDRA","916","5","5","5","5","5","5","5","5","5","5"
"BUSTIKOVA,LENKA","917","4.5","4.5","4.5","4.5","4.5","5","4.5","4","5","4.5"
"BUSTILLO,ERIC I","918","4.888889","4.777778","4.777778","4.777778","5","5","5","5","5","5"
"BUSTO V,ALEJANDRO TOMAS","919","4.26087","4.434783","4.304348","4.347826","4.913043","4.956522","4.956522","4.913043","4.956522","4.913043"
"BUTALA,MEGAN M","920","4.283186","4.345133","4.238938","4.353982","4.318584","4.168142","4.610619","4.522124","4.238938","4.619469"
"BUTARIC,LAUREN NICOLE","921","4.185185","3.896296","3.488889","4.140741","4.09901","4.237624","4.257426","4.284314","4.138614","4.323529"
"BUTCHER,GARY DAVID","922","4.833333","4.833333","4.944444","4.777778","4.944444","4.888889","4.944444","4.888889","4.722222","5"
"BUTCHER,REBECCA ANN","923","4.579545","4.5","4.25","4.613636","4.511364","4.431818","4.488636","4.738636","4.556818","4.670455"
"BUTERA,VIVIENNE SOFIA DIANNE","924","4.47619","4.357143","4.452381","4.261905","4.682927","4.829268","4.853659","4.902439","4.780488","4.780488"
"BUTLER,EMILY RINE","925","4.719512","4.597561","4.658537","4.621951","4.780488","4.390244","4.865854","4.682927","4.804878","4.939024"
"BUTLER,JASON E","926","4.2","4.188235","3.776471","4.2","3.988235","3.905882","3.611765","4.411765","3.964706","4.494118"
"BUTLER,KEVIN","927","4.466667","4.4","4.2","4.253333","4.573333","4.44","4.64","4.52","4.64","4.653333"
"BUTLER,TYRAN WRIGHT","928","4.222222","4.148148","3.592593","4.148148","3.740741","3.703704","4.333333","4.074074","4.148148","4.37037"
"BUTTEL,MEGAN P","929","4.195122","4.182927","4.231707","4.109756","4.47561","4.52439","4.621951","4.609756","4.45122","4.609756"
"BUTTO,AUBREY ISABELLA","930","4","4.076923","4.153846","3.769231","4.384615","4.230769","4.538462","4.615385","4.615385","4.384615"
"BUTTROS,VICTOR HUGO","931","4.481481","4.481481","4.703704","4.481481","4.296296","4.37037","4.555556","4.444444","4.333333","4.740741"
"BUTTS,SHANNON MARIE","932","4.466667","4.333333","4.066667","4.4","4.733333","4.666667","4.714286","4.666667","4.714286","4.666667"
"BUZZANCA,KATHERINE ELAINE","933","4.174658","4.304795","4.270548","4.256849","4.39726","4.606164","4.60274","4.571918","4.410959","4.606164"
"BWENGE,CHARLES MUTTABAZI","934","5","5","5","5","5","5","5","5","5","5"
"BYLUND,CARMA L","935","4.396825","4.333333","4.333333","4.380952","4.698413","4.730159","4.761905","4.746032","4.777778","4.809524"
"BYRD,DANIEL T","936","4.323077","4.246154","4.346154","4.230769","4.661538","4.692308","4.753846","4.8","4.692308","4.738462"
"BYRD,JASON H","937","4.329268","4.195122","3.585366","4.256098","3.833333","3.777778","3.944444","3.890909","3.944444","4.12963"
"BYRON,LINDSAY","938","3.896296","3.955556","3.703704","4.125926","3.746269","3.291045","4.149254","3.548872","4.074627","4.380597"
"BYRON,MORGAN ASHLEE","939","5","5","5","5","5","5","5","4.857143","5","5"
"BYRUM,STEVEN RAY","940","4.1","4.078571","4.028571","4.107143","3.75","3.75","3.919355","4.040323","3.822581","3.983871"
"CABALLERO,JUAN P","941","4.57971","4.608696","4.652174","4.434783","4.666667","4.594203","4.710145","4.666667","4.623188","4.869565"
"CABALLERO,MARICE","942","4.84","4.8","4.84","4.76","4.76","4.88","4.84","4.72","4.76","4.92"
"CABALLERO,PATRICIA","943","4.733333","4.733333","4.866667","4.8","4.666667","4.6","4.866667","4.733333","4.733333","4.933333"
"CABALLEROS,CRISTOFER A","944","4.2","4.4","4.4","3.8","5","5","5","5","5","5"
"CABANAS,KAIRA","945","4","2.5","3.5","3","3.5","4","4","4","3.5","4"
"CABRERA,ALEXANDRE","946","4.646707","4.598802","4.592814","4.592814","4.873494","4.873494","4.891566","4.86747","4.873494","4.891566"
"CABRERA,LESLIE","947","4.379747","4.189873","3.848101","4.468354","4.063291","4.316456","4.443038","4.493671","4.303797","4.620253"
"CADARIO,MARIA EUGENIA","948","4.289855","4.391304","4.463768","4.275362","4.490196","4.490196","4.490196","4.509804","4.411765","4.568627"
"CAGLAYAN,LARA SILA","949","5","5","5","5","5","5","5","5","5","5"
"CAGLAYAN,MELIKE","950","3.408935","3.443299","3.542955","3.776632","3.441048","3.518182","3.60177","3.678733","3.449782","3.600877"
"CAHILL,BRIAN","951","4.334058","4.231939","3.81749","4.379685","4.292935","4.143324","4.421196","4.569565","4.397283","4.73913"
"CAHILL,JAMES","952","3.853659","3.926829","3.731707","3.987805","3.780488","3.682927","4.097561","4","3.756098","4.256098"
"CAI,LIMING","953","3.70297","3.576238","3.283168","3.770297","3.420635","3.575397","4.009921","4.14881","3.619048","4.404762"
"CAI,SUYANG","954","3.925926","4.092593","3.62037","3.990741","4.067308","4.432692","4.365385","4.557692","4.067308","4.586538"
"CAIN,JAMES D","955","4.564516","4.443548","4.758065","4.620968","4.782258","4.693548","4.895161","4.677419","4.766129","4.903226"
"CALABRO,GREGORY","956","4.242857","4.2","4.014286","4.214286","4.4","4.614286","4.642857","4.685714","4.6","4.557143"
"CALDWELL,JACOB THOMAS","957","4.589744","4.410256","4.564103","4.410256","4.692308","4.564103","4.846154","4.794872","4.846154","4.794872"
"CALDWELL,JENNIE LEA NICOLA","958","4.463415","4.268293","4.317073","4.365854","4.435897","4.435897","4.615385","4.487179","4.589744","4.820513"
"CALDWELL,JOHN W","959","4.140351","4.052632","3.45614","4.087719","4.035088","4.298246","4.263158","4.280702","4.157895","4.280702"
"CALDWELL,LAUREN CYNTHIA","960","4.631579","4.631579","4.789474","4.631579","4.736842","4.736842","4.789474","4.736842","4.631579","4.947368"
"CALFEE,DENNIS A","961","4.655462","4.672269","4.735294","4.638655","4.743697","4.647059","4.781513","4.844538","4.718487","4.970588"
"CALHOUN-POLLARD,SIERRA C","962","4.076271","4.19209","4.248588","3.926554","4.370056","4.420904","4.528249","4.485876","4.299435","4.635593"
"CALHOUN,GRACE","963","3.99115","4","3.973451","4.017699","4.160714","4.276786","4.508929","4.508929","4.419643","4.580357"
"CALHOUN,JACOB","964","4.256757","4.337838","4.216216","4.135135","4.5","4.666667","4.666667","4.681818","4.606061","4.791045"
"CALIENES,ELIZABETH C","965","4.496644","4.449664","4.557047","4.409396","4.598639","4.503401","4.767123","4.510204","4.598639","4.734694"
"CALIXTRO,JOYCE","966","5","5","5","4.8","4.8","4.8","4.8","4.6","4.4","4.8"
"CALLAGHAN,COREY T","967","4.4","4.4","4.4","4.4","4.4","4.4","5","4.4","4.6","4.8"
"CALLAHAM,JUSTIN W","968","4.565","4.4225","4.3375","4.5125","4.608696","4.446154","4.726343","4.523077","4.670077","4.782609"
"CALLAHAN,JUDY SCULLY","969","3.721477","3.61745","3.661074","3.875839","3.54698","3.828859","3.825503","4.355705","3.818792","4.399329"
"CALLAHAN,LAURA M","970","4.857143","4.785714","4.928571","4.642857","4.928571","4.928571","5","5","5","5"
"CALLAHAN,RENA LYNN","971","4","4","3","4","5","4.5","5","4.5","4.5","5"
"CALLE FIGUEROA,CHRISTIAN ESTEBAN","972","2.333333","2","4.333333","2.333333","2","2.333333","2","2.666667","1.666667","5"
"CALOGERO,GINA","973","4.166667","3.888889","4.388889","4.166667","4.5","4.388889","4.666667","4.5","4.277778","5"
"CALOIARO,ANDREA G","974","4.081197","4.089744","3.867521","4.064103","4.214133","4.328294","4.460385","4.581545","4.40257","4.610278"
"CALTON,CHRISTOPHER J","975","4.083333","4.083333","4.416667","4.041667","4.333333","4.625","4.5","4.5","4.5","4.791667"
"CALVERT,CHRISTINE A","976","4.205882","4.161765","4.294118","4.161765","4.377778","4.455882","4.503704","4.595588","4.444444","4.448529"
"CAMACHO,MARIA F","977","4.75","4.75","4.9","4.6","4.85","4.65","4.9","4.85","4.8","4.95"
"CAMAJ,LINDITA","978","4.388889","4.5","4.444444","4","4.277778","4.277778","4.277778","4.555556","4.333333","4.833333"
"CAMPANA,ANDIE","979","4.408451","4.323944","4.521127","4.225352","4.732394","4.732394","4.873239","4.690141","4.661972","4.84507"
"CAMPANINO,FINELLA M","980","4.333333","3.888889","4.666667","4.555556","4.111111","4.888889","4.555556","4.888889","4.444444","4.444444"
"CAMPBELL,AARON KEITH","981","4.463415","4.512195","4.585366","4.439024","4.435897","4.512821","4.684211","4.666667","4.641026","4.717949"
"CAMPBELL,CATHERINE GALKO","982","4.5","4.642857","4.357143","4.357143","4.714286","4.928571","4.928571","4.857143","4.857143","4.857143"
"CAMPBELL,LINDSAY","983","4.375","4.375","4.375","4.375","4.285714","4.142857","4.428571","4.428571","4.285714","4.428571"
"CAMPBELL,LISA BOUFFARD","984","4.357143","4.285714","3.642857","4.392857","4.071429","4.142857","4.464286","4.535714","4.285714","4.428571"
"CAMPBELL,ROBRETTA","985","4.457143","4.485714","4.171429","4.457143","4.257143","4.428571","4.457143","4.542857","4.4","4.371429"
"CAMPELLO,MURILLO","986","5","5","5","5","5","5","5","5","5","5"
"CANDELARIO-JALIL,EDUARDO","987","4.621849","4.462185","4.571429","4.579832","4.72043","4.684783","4.795699","4.76087","4.774194","4.76087"
"CANESTRELLI,ALBERTO","988","4.923077","4.923077","5","4.923077","4.769231","4.461538","4.846154","4.538462","4.769231","5"
"CANFIELD JR,DANIEL E","989","4.85","4.7","4.85","4.7","4.9","4.8","4.9","4.75","4.75","4.95"
"CANIDATE,SHANTREL S","990","4.65","4.55","4.483333","4.566667","4.7","4.666667","4.866667","4.733333","4.683333","4.95"
"CANIZARES,ILEANA MARIA","991","4.0625","3.75","4.5","4.0625","4.53125","4.65625","4.65625","4.75","4.6875","4.5625"
"CANNEDY,DAWN SHORES","992","5","4.5","4.5","4.5","4","4","4","4.5","3.5","5"
"CANNER,SARAH ELIZABETH","993","4.393939","4.242424","4.545455","4.363636","4.484848","4.666667","4.787879","4.636364","4.666667","4.69697"
"CANNON,CASSIDY FRANCIS","994","4.12","4.08","4.08","4","4.36","4.76","4.6","4.6","4.72","4.72"
"CANO,LILIANA MARIA","995","4.48","4.52","3.88","4.6","4.36","4.48","4.56","4.36","4.68","4.6"
"CANO,MARIO","996","4.172414","4.241379","4.275862","4.137931","4.137931","4.137931","4.344828","4.37931","3.931034","4.62069"
"CANTON,DAVID","997","4.31","4.19","4.57","4.17","4.5","4.161616","4.72","4.13","4.45","4.9"
"CANTRELL,CHELSEA RAE","998","4.078431","4.064426","3.935574","4.170868","4.005618","3.388732","4.30618","3.640449","4.117978","4.660112"
"CANTRELL,MEGAN S","999","4.393701","4.404724","4.340157","4.379528","4.532385","4.611374","4.695103","4.690363","4.654028","4.740916"
"CANZIANI,BLAKE","1000","4.533333","4.533333","4.8","4.4","4.6","4.6","4.933333","4.866667","4.533333","4.933333"
"CAO,ANDREW","1001","4.938202","4.831461","4.898876","4.831461","4.955056","4.893258","4.977528","4.938202","4.955056","4.99435"
"CAO,JIPING","1002","4.666667","4.666667","4.166667","4.5","4.5","4.555556","4.666667","4.666667","4.5","4.722222"
"CAO,TING","1003","4.360465","4.30814","4.354651","4.30814","4.372093","4.563953","4.656977","4.761628","4.27907","4.703488"
"CAO,XIAOWEI","1004","4.375","4.3125","4.3125","4.375","4.4375","4.5625","4.9375","4.3125","4.375","4.75"
"CAO,Y CHARLES","1005","3.271429","3.4","3.385714","3.628571","2.485714","3.328571","3.042857","3.5","2.485714","3.785714"
"CAPECE,MICHAEL","1006","4.303797","4.21519","4.101266","4.379747","4.265823","4.329114","4.607595","4.518987","4.417722","4.620253"
"CAPES-DAVIS,PAYTON KRISTINA","1007","3.409692","3.475771","3.242291","3.53304","3.683761","4.084746","3.974359","4.068376","3.931624","3.982906"
"CAPLICE,TIMOTHY WILLIAM","1008","4.5","4.583333","4.541667","4.416667","4.875","4.833333","4.875","4.916667","4.958333","4.833333"
"CAPUCHINHO,MARIANA OLIVEIRA","1009","3.45","3.55","2.5","3.8","2.714286","3.214286","3.357143","3.214286","3.214286","3.5"
"CAPULA,JOSE","1010","4.375","4.375","4.5","4.25","4.625","4.625","4.875","4.75","4.625","4.625"
"CAPUTO,NINA","1011","4.510638","4.425532","4.425532","4.361702","4.652174","4.521739","4.608696","4.73913","4.5","4.847826"
"CARAGATA,ERIC","1012","4.6","4.333333","4.866667","4.4","4.666667","4.6","4.666667","4.8","4.866667","4.666667"
"CARAPELLOTTI,ANNA","1013","4.777778","4.722222","4.277778","4.722222","4.722222","4.777778","4.833333","4.833333","4.833333","4.888889"
"CARDEL,MICHELLE","1014","5","4.833333","4.833333","4.833333","5","5","5","4.833333","5","5"
"CARDENAS-LAILHACAR,CRISTIAN E","1015","4.6","4.65","4.7","4.55","4.7","4.8","4.7","4.55","4.65","4.8"
"CARDOSO,WANIA GANGEIRO","1016","3.991304","4","3.886957","3.956522","3.946429","4.008929","4.446429","4.223214","4","4.303571"
"CARETTI,MICHAEL","1017","4.470588","4.205882","4.705882","4.147059","4.558824","4.558824","4.647059","4.852941","4.705882","4.705882"
"CAREY,JULIA ELIZABETH","1018","4.459459","4.405405","4.621622","4.459459","4.621622","4.540541","4.675676","4.621622","4.432432","4.756757"
"CAREY,TÉEMAR","1019","4.214286","4.214286","4.142857","4.214286","4.464286","4.464286","4.535714","4.518519","4.5","4.535714"
"CARIS BARLATIER,ERMITE","1020","4.637681","4.550725","4.623188","4.42029","4.764706","4.705882","4.823529","4.705882","4.705882","4.705882"
"CARLO,STEVEN MICHAEL","1021","5","4.666667","5","4.833333","5","5","5","5","5","5"
"CARLSON,ANDREW KENNETH","1022","4.142857","4.142857","3.714286","3.857143","3.857143","4","4.142857","4","4.142857","4.142857"
"CARLSON,CHRISTIAN GUNNAR","1023","3.938776","3.918367","3.322449","4.089796","3.922078","3.987013","4.116883","4.038961","4.090909","4.12987"
"CARLSON,DAVE E","1024","4.342105","4.026316","3.723684","4.328947","4.486842","4.276316","4.434211","4.618421","4.631579","4.802632"
"CARLSON,DAVID C","1025","4","3.952381","4.333333","4.095238","4.333333","4.428571","4.571429","4.52381","4.571429","4.619048"
"CARLTON,LINDSAY ANNE","1026","4.354839","4.451613","4.290323","4.258065","4.935484","4.903226","5","4.935484","4.935484","4.903226"
"CARMICHAEL,PATRICK THAYER","1027","4.023304","4.055517","3.540096","4.071967","4.241569","4.006194","4.419931","4.527148","4.299245","4.622512"
"CARNAHAN,ELISHA SETH","1028","5","4.5","5","4","5","5","5","5","4.5","5"
"CARNES,BOBBY R","1029","4.734043","4.696809","4.75","4.617021","4.812834","4.882353","4.914439","4.877005","4.796791","4.962567"
"CARNEY,JEFFREY ANDREW","1030","4.380952","4.309524","4.380952","4.214286","4.333333","4.357143","4.452381","4.238095","4.333333","4.571429"
"CARNEY,SEAN J PATRICK","1031","4.635593","4.525424","4.694915","4.228814","4.638889","4.724771","4.816514","4.724771","4.697248","4.899083"
"CARNEY,TYLER JONATHAN","1032","4.509804","4.411765","4.196078","4.431373","4.777778","4.738562","4.882353","4.836601","4.72549","4.875817"
"CARODINE,MARYKAY S","1033","4.04","4.28","4.4","4.04","3.88","4.04","4.08","4.48","4","4.72"
"CAROTHERS,IMANI DAVAUN","1034","3.794118","3.941176","3.705882","4","2.7","2.95","2.9","3.25","2.85","3.05"
"CARPENTER,PETER J","1035","2.5","2.5","3","2.5","5","5","5","5","5","5"
"CARPENTER,WILLIAM JOHN","1036","4.388889","4.277778","4.222222","4.222222","4.444444","4.611111","4.611111","4.666667","4.555556","4.611111"
"CARR,BRENT RANDALL","1037","4.333333","4","3.333333","4.066667","3.3","3.5","3.5","3.6","3.5","3.6"
"CARR,CARY","1038","4.593496","4.479675","4.211382","4.504065","4.560976","4.780488","4.682927","4.804878","4.682927","4.699187"
"CARR,CATHY HERREN","1039","3.690476","3.547619","3.761905","3.690476","3.904762","4.309524","4.380952","4.261905","4.071429","4.238095"
"CARR,CHAD","1040","4.358779","4.358779","4.496183","4.312977","4.380952","4.190476","4.695238","4.428571","4","4.904762"
"CARR,CLARISSA","1041","4.814815","4.777778","4.888889","4.740741","4.925926","4.851852","5","4.962963","4.851852","4.962963"
"CARR,GILLIAN LEIGH","1042","2.977528","3.213483","2.629213","3.342697","2.952381","3.125","3.407767","3.375","3.291262","3.528846"
"CARR,KEVIN D","1043","4.315789","4.368421","4.105263","4.447368","4.371429","4.485714","4.428571","4.371429","4.4","4.457143"
"CARRASQUEL,MARIANA","1044","4","4.333333","4.083333","3.916667","3.833333","4","4","4.5","4.25","4.416667"
"CARRERA SEOANE,MONTSERRAT","1045","4.5","4.1","4.4","4.5","4.8","4.8","4.9","4.8","4.7","4.9"
"CARRERA-JUSTIZ,SHEILA","1046","4.517778","4.46","4.435556","4.475556","4.704327","4.632212","4.759615","4.699519","4.723558","4.814904"
"CARRICO,RACHEL","1047","4.124792","4.138103","4.326123","4.174709","4.217469","4.163993","4.434164","4.433155","4.486631","4.579323"
"CARRILLO,DANIEL","1048","4.8","4.4","4.8","5","4.8","5","4.8","4.8","5","4.8"
"CARRILLO,JANICE ELLEN","1049","4.240291","4.199029","4.131068","4.240291","4.257282","4.356796","4.502427","4.550971","4.381068","4.582524"
"CARRILLO,MICHAEL A","1050","4.271889","4.235023","4.175115","4.315668","4.354839","4.377598","4.482122","4.567474","4.448157","4.679724"
"CARRINGTON,JANE M","1051","3.830769","3.892308","3.615385","3.969231","3.671875","3.640625","3.96875","4.125","3.78125","4.078125"
"CARROLL,BRUCE F","1052","4.5","4.410072","4.143885","4.417266","4.521583","4.539568","4.676259","4.741007","4.492806","4.784173"
"CARSON,HUNTER","1053","4.352941","4.352941","4.323529","4.205882","4.852941","4.882353","4.941176","4.911765","4.852941","4.941176"
"CARSON,STACY L","1054","4.833333","4.833333","4.833333","4.666667","5","5","5","5","5","5"
"CARTER,GIL","1055","4.627451","4.431373","4.666667","4.392157","4.76","4.66","4.84","4.78","4.7","4.92"
"CARTER,PAIGE NICOLE","1056","4.453552","4.344262","4.240437","4.448087","4.423077","4.565934","4.664835","4.637363","4.604396","4.708791"
"CARVAINES,MICHAEL","1057","5","5","5","4.75","5","5","5","5","5","5"
"CARVAJAL,JOSE LUIS","1058","4.380117","4.368421","4.421053","4.444444","4.479452","4.30137","4.445946","4.438356","4.540541","4.48"
"CARVALHO MUKHERJEE,ELIANA LELLIS","1059","4.526316","4.460526","4.184211","4.460526","4.342105","4.592105","4.684211","4.605263","4.5","4.736842"
"CARVETH,RODNEY","1060","3.190476","3.52381","2.52381","4","2.333333","2.238095","3","2.714286","3.052632","3.25"
"CARY HONEA,MEGAN DIANE","1061","4.125","4.0625","3.8125","4.1875","3.9375","3.3125","4.25","3.8125","4.375","4.375"
"CARYTSAS,FEROL","1062","4.5","4.5","4.75","4.5","4.875","4.875","5","4.875","4.875","5"
"CASADESUS,GEMMA","1063","4.371901","4.256198","4.206612","4.330579","4.474227","4.5","4.505051","4.530612","4.484848","4.52"
"CASADO ARIZA,SERGIO","1064","4.427419","4.290323","4.532258","4.233871","4.780488","4.691057","4.829268","4.626016","4.764228","4.926829"
"CASANOVA,CARLOS AUGUSTO","1065","4.052632","4.078947","4.447368","4.065789","4.565789","4.842105","4.460526","4.644737","4.078947","4.947368"
"CASAPAO,ANTHONY M","1066","4.298748","4.128801","4.214669","4.159213","4.386404","4.388193","4.456172","4.513417","4.372093","4.644007"
"CASAS,ESTEBAN ARANGO","1067","5","4.6","5","4.8","4.8","5","4.8","4.4","4.8","5"
"CASCIO,ERIKA M","1068","4.384615","4.282051","4.333333","4.384615","4.058824","4.088235","4.323529","4.117647","4.323529","4.705882"
"CASE,BRANDON","1069","4","4.153846","4.461538","3.846154","4.461538","4.538462","4.461538","4.461538","4.538462","4.615385"
"CASE,CODY LEE","1070","4.186567","4.164179","3.835821","4.246269","4.030075","4.368421","4.466165","4.578947","4.338346","4.496241"
"CASE,J BRAD","1071","4.393089","4.289417","4.354212","4.269978","4.619048","4.580524","4.647273","4.605166","4.705455","4.682482"
"CASELLA,CAMERON ROBERT","1072","4.485981","4.308411","3.775701","4.439252","4.813084","4.738318","4.841121","4.785047","4.82243","4.850467"
"CASH,ELIZABETH","1073","4.422222","4.344444","4.244444","4.233333","4.539326","4.505618","4.693182","4.625","4.602273","4.696629"
"CASH,REBECCA","1074","4.5","4.5","4.5","4.5","5","5","5","5","5","5"
"CASIANO,LYNNETTE","1075","4.395349","4.325581","4.465116","4.430233","4.4","4.694118","4.752941","4.552941","4.564706","4.752941"
"CASIELLO,CAITLIN","1076","4.666667","4.666667","4.833333","4.75","4.833333","4.666667","4.916667","4.916667","4.916667","5"
"CASSARD,MARION","1077","4.3125","4.25","4","4.3125","4.354167","4.5625","4.375","4.479167","4.395833","4.5"
"CASSEDAY,KEVIN ARTHUR","1078","4.75","4.75","4.75","4.75","5","5","5","5","5","5"
"CASSIDY,STEVEN","1079","4.025316","4.063291","3.873418","3.962025","4.175439","4.245614","4.263158","4.298246","4.210526","4.333333"
"CASTAÑEDA-RIOS,MAGDI","1080","4.68254","4.571429","4.396825","4.587302","4.714286","4.730159","4.809524","4.746032","4.666667","4.857143"
"CASTANO LAVADO,DANIELA ALEXANDRA","1081","4.473684","4.526316","4.578947","4.473684","4.736842","4.789474","4.894737","4.894737","4.736842","4.894737"
"CASTANO,TERESA MARIA","1082","4.431655","4.374101","3.841727","4.417266","4.589928","4.676259","4.654676","4.748201","4.633094","4.57554"
"CASTELBLANCO BOLIVAR,GABRIEL ERNESTO","1083","3.976471","3.941176","3.723529","4.041176","3.497041","3.785714","3.869822","3.869822","3.639053","4.029586"
"CASTELLANO,RONALD K","1084","4.573034","4.561798","4.382022","4.47191","4.685393","4.561798","4.685393","4.865169","4.595506","4.831461"
"CASTILLO,ERIC","1085","4.555556","4.518519","3.962963","4.407407","4.296296","4.555556","4.555556","4.703704","4.185185","4.481481"
"CASTILLO,KIMBERLY B","1086","4.614232","4.460674","4.449438","4.453184","4.75102","4.8","4.816327","4.857143","4.783673","4.861224"
"CASTILLO,PAUL","1087","4.333333","4.166667","3.833333","4.25","4.5","4.416667","4.5","4.5","4.5","4.5"
"CASTILLON,CARLI M","1088","4.4","4.35","4.4","4.35","4.65","4.7","4.8","4.8","4.75","4.85"
"CATALANOTTO,SARAH T","1089","3.9375","4.0625","3.8125","4.1875","3.875","4.125","4.3125","4.1875","4","4.25"
"CATANZANO,DYLAN LANE","1090","4.409091","4.227273","4.590909","4.454545","4.727273","4.727273","4.772727","4.772727","4.727273","4.727273"
"CATARELLI,BRYCE C","1091","4.286738","4.236559","4.426523","4.197133","4.70354","4.761062","4.858407","4.835556","4.778761","4.924779"
"CATARELLI,RYAN A","1092","4.866667","4.8","4.8","4.733333","4.8","4.733333","4.933333","4.8","4.8","4.866667"
"CATHEY,JARED LEE","1093","4.413534","4.293233","4.481203","4.353383","4.140496","4.355372","4.512397","4.495868","4.421488","4.528926"
"CAUDLE,ROBERT M","1094","4.294118","4.220588","4.264706","4.294118","4.375","4.354839","4.3125","4.387097","4.328125","4.444444"
"CAURAUGH,JAMES H","1095","4.693878","4.636735","4.82449","4.481633","4.795082","4.745902","4.79918","4.815574","4.598361","4.959016"
"CAUSSEAUX,JACK","1096","3.733333","4","4.244444","3.866667","4.444444","4.533333","4.666667","4.666667","4.622222","4.688889"
"CAVALLARI,LARISA HUMMA","1097","4.24","4.2","4.013333","4.306667","4.540541","4.513514","4.513514","4.527027","4.581081","4.621622"
"CAVANAUGH,TERESA","1098","4.736842","4.684211","4.736842","4.701754","4.910714","4.883929","4.901786","4.928571","4.919643","4.919643"
"CAVENDER,ANN","1099","4","3.909091","4.181818","3.909091","4","4.545455","4.181818","4.363636","3.909091","4.545455"
"CAZACU,OANA","1100","4","3.846154","3.538462","4.230769","4.444444","4.444444","4.555556","4.777778","4.555556","4.444444"
"CEBALLOS,HADDER ANDRES","1101","4.3125","4.28125","4.46875","4.21875","4.8125","4.84375","4.84375","4.78125","4.84375","4.84375"
"CEDIEL-BECERRA,JOSÉ D. D","1102","4.423077","4.230769","4.192308","4.153846","4.88","4.769231","4.923077","4.653846","4.576923","4.846154"
"CELEBI,RECEP","1103","4.018868","4.09434","3.679245","4.113208","4.129534","4.295337","4.373057","4.45641","4.253886","4.46114"
"CELESTE,CAMERON G","1104","4.690476","4.666667","4.761905","4.47619","4.880952","4.690476","4.952381","4.857143","4.904762","4.97619"
"CELLINESE,NICO","1105","4.611111","4.472222","4.722222","4.666667","4.638889","4.305556","4.777778","4.722222","4.638889","4.972222"
"CENKO,ERTA","1106","4.406699","4.368421","4.301435","4.392344","4.497608","4.588517","4.708134","4.607656","4.564593","4.746411"
"CENTANNI,TRACY MICHELLE","1107","4.569444","4.583333","4.125","4.597222","4.56338","4.352113","4.577465","4.647887","4.676056","4.774648"
"CEOBANU,ALIN-MIHAI","1108","4.368421","4.171053","4.144737","4.263158","4.407895","4.342105","4.407895","4.75","4.381579","4.75"
"CEREJIDO,ELIZABETH","1109","3.9375","3.9375","4.0625","4.1875","3.875","3.75","4.1875","4.0625","3.6875","4.5"
"CERRUD,CLINIO CESAR","1110","4.622222","4.6","4.577778","4.6","4.533333","4.488889","4.244444","4.422222","4.577778","4.755556"
"CETIN,REHA ATAKAN","1111","4.378378","4.405405","4.189189","4.364865","4.236111","4.472222","4.5","4.589041","4.452055","4.479452"
"CEVASCO,KEVIN","1112","4.6","4.9","4.8","4.8","4.5","4.5","4.8","4.4","4","5"
"CHADIK,PAUL A","1113","4.583333","4.5","3.916667","4.416667","4.666667","4.666667","4.583333","5","4.666667","4.666667"
"CHADWICK,CHRISTINA BALDWIN","1114","4.261905","4.142857","4.130952","4.107143","4.266667","4.175676","4.28","4.213333","4.24","4.266667"
"CHADZYNSKI,ASZTI BARBARA","1115","4.375","4.5","4.375","4.125","4.5","4.375","4.75","4.625","4.375","4.75"
"CHAGAS PEREIRA,AMANDA M","1116","4.411765","4.205882","3.803922","4.362745","4.49","4.616162","4.75","4.68","4.55","4.73"
"CHAKMA,DINALO","1117","4.516854","4.494382","4.438202","4.370787","4.573034","4.595506","4.719101","4.685393","4.58427","4.764045"
"CHAKRABARTY,PARAMITA","1118","4.465116","4.348837","4.581395","4.325581","4.780488","4.65","4.738095","4.690476","4.761905","4.857143"
"CHAKRABORTY,SAYANTIKA","1119","4.44","4.386667","4.48","4.453333","4.613333","4.573333","4.773333","4.813333","4.626667","4.813333"
"CHAKRABORTY,TORIT","1120","4.017857","4.02381","3.613095","4.053571","3.940299","3.992537","4.201493","4.186567","4.164179","4.134328"
"CHALFIN,BRENDA HELENE","1121","4","4","4.428571","4.114286","4.142857","4.228571","4.314286","4.285714","4.171429","4.857143"
"CHALHOUB,MICHEL SOTO","1122","3.111111","3.236111","3.888889","3.541667","3","2.777778","3.361111","2.930556","3.375","4.402778"
"CHAMBLISS,CALEB A","1123","4.325","4.35","4.375","4.2","4.692308","4.564103","4.74359","4.692308","4.692308","4.74359"
"CHAMPINY,RYAN E","1124","3.765625","3.8125","3.703125","3.953125","3.8","4.085714","4.114286","4.114286","3.942857","4.342857"
"CHAN-OLMSTED,SYLVIA","1125","4.571429","4.428571","4.714286","4.428571","4.571429","4.714286","4.714286","4.857143","4.571429","4.857143"
"CHAN,ALBERT","1126","4.261905","4.142857","4.130952","4.107143","4.222222","4.138889","4.25","4.152778","4.208333","4.25"
"CHAN,LOUIZA","1127","4.472868","4.418605","3.821705","4.488372","4.155738","4.278689","4.434426","4.459016","4.278689","4.393443"
"CHANDLER,DIONE","1128","4.454545","4.454545","4.727273","4.454545","4.636364","4.545455","4.545455","4.727273","4.545455","4.545455"
"CHANDLER,LUKE M","1129","3.647059","3.823529","3.735294","3.852941","3.058824","3.470588","3.352941","4.029412","3.029412","3.235294"
"CHANDLER,RON","1130","4.512821","4.475783","4.504274","4.464387","4.434286","4.553009","4.897143","4.717143","4.582857","4.934286"
"CHANDRAN,AMY THERESE","1131","4.276596","4.489362","4.787234","4.297872","4.659574","4.680851","4.744681","4.638298","4.510638","4.914894"
"CHANDRASHEKHAR,RAGHUVEER","1132","3.611111","3.611111","4.166667","3.444444","3.8125","3.866667","4.1875","4","3.9375","4.4375"
"CHANG,BEATRICE","1133","4.4","4.533333","4.333333","4.4","4.466667","4.8","4.6","4.666667","4.4","4.733333"
"CHANG,HYESOO","1134","3.440678","3.474576","3.508475","3.813559","3.050847","3.362069","3.457627","3.288136","2.932203","3.627119"
"CHANG,JIA","1135","4.666667","4.666667","4.666667","4.666667","4.666667","4.666667","4.666667","4.666667","4.666667","4.666667"
"CHANG,PETER SHUWEI","1136","4.4","4","3.2","4.4","3.6","3.8","4.4","4.4","3.8","4"
"CHANG,PHILIP","1137","3.570175","3.7154","3.335283","3.675439","3.255172","3.531646","3.736842","4.09633","3.438857","4.061714"
"CHANG,SANDY FENG-SHAN","1138","4.733945","4.706422","4.761468","4.752294","4.908257","4.825688","4.954128","4.917431","4.853211","4.981651"
"CHANG,SZU-CHENG","1139","3.913043","3.913043","4.347826","3.913043","3.736842","4.315789","3.842105","4.157895","3.842105","4"
"CHANG,YONGHWAN","1140","4.44837","4.467391","4.326087","4.369565","4.659401","4.792916","4.773842","4.776567","4.550409","4.792916"
"CHAPARRO,JOSE XAVIER","1141","4.529412","4.352941","4.470588","4.470588","4.647059","4.411765","4.647059","4.352941","4.647059","4.705882"
"CHAPARRO,RIGO","1142","4.692308","4.692308","4.692308","4.538462","4.538462","4.538462","4.692308","4.692308","4.692308","4.692308"
"CHAPLIN,DANIELLE BRIANNE","1143","4.560345","4.482759","4.487069","4.439655","4.668874","4.675497","4.754967","4.748344","4.682119","4.748344"
"CHAPMAN,KATY","1144","4.566474","4.491329","4.33526","4.526012","4.462428","4.32948","4.722543","4.693642","4.485549","4.861272"
"CHAPMAN,SUZANNE","1145","4.652174","4.621118","4.31677","4.658385","4.5875","4.6875","4.8125","4.7875","4.7875","4.84375"
"CHAPPELL,CHELSEA B","1146","4.346939","4.306122","4.204082","4.285714","4.428571","4.55102","4.673469","4.632653","4.530612","4.734694"
"CHAPURIN,NIKITA","1147","4","3.875","4.125","4.25","4.75","4.75","4.75","4.75","4.75","4.75"
"CHARLES,MATTHEW","1148","4.218182","4.254545","3.890909","4.272727","3.781818","3.854545","4.345455","4.454545","4.018182","4.272727"
"CHARNEY,LISA M","1149","3.666667","3.666667","4","3.533333","4.133333","4.2","4.133333","4.066667","4","4.266667"
"CHASE,CARLENE A","1150","4.530612","4.244898","4.469388","4.346939","4.346939","4.458333","4.571429","4.541667","4.489796","4.734694"
"CHATFIELD,MARCUS","1151","4.515464","4.360825","4.536082","4.463918","4.71134","4.845361","4.783505","4.835052","4.762887","4.865979"
"CHATMAN,CARLISS NICOLE","1152","3.8","3.866667","4.466667","4.2","3.4","3.2","4.466667","4.266667","3.533333","4.6"
"CHATTARAJ,ABHISHEK","1153","4.210526","4.315789","4.052632","4.263158","4.294118","4.647059","4.529412","4.588235","4.470588","4.411765"
"CHATTERJEE,BAIBHAB","1154","4.496599","4.462585","4.231293","4.462585","4.493151","4.59589","4.582192","4.712329","4.445205","4.773973"
"CHATTOPADHYAY,ANWESHA","1155","4.066667","4.05","4.066667","4.016667","4","4.108333","4.325","4.458333","4.166667","4.433333"
"CHAUDHARY,ANUSHA","1156","4.370861","4.291391","4.07947","4.377483","4.260563","4.356643","4.41844","4.450704","4.35461","4.539007"
"CHAVARRIA,RAUL","1157","3.835821","3.716418","3.776119","3.880597","3.655172","3.637931","3.948276","4.155172","3.862069","3.982759"
"CHEBEL,RICARDO CARBONARI","1158","4.372727","4.218182","4.445455","4.3","4.57732","4.443299","4.587629","4.515464","4.587629","4.57732"
"CHELLINO,JESSICA","1159","3.8","3.925","4","3.625","3.717949","4","4.153846","4.102564","4","4.051282"
"CHEN-ABAIR,HELENA","1160","4.413793","4.275862","4.103448","4.37931","4.592593","4.444444","4.703704","4.703704","4.703704","4.703704"
"CHEN,ANGELIA","1161","4.073733","4.046083","4.322581","3.958525","4.290323","4.253456","4.465438","4.447005","4.230415","4.751152"
"CHEN,CHANGJIE","1162","4.545455","4.636364","4.318182","4.409091","3.954545","4.181818","4.045455","4.045455","4.045455","4.318182"
"CHEN,DAVIS","1163","3.91358","4","3.506173","4","3.915254","4.033898","4.084746","4.271186","4.067797","4.135593"
"CHEN,GUANGZHI","1164","4.076923","4.153846","4.153846","4.230769","4","4.384615","4.230769","4.615385","3.769231","4.538462"
"CHEN,HUAN","1165","4.702128","4.702128","4.723404","4.680851","4.723404","4.617021","4.808511","4.680851","4.659574","4.851064"
"CHEN,JING","1166","5","4.714286","5","4.857143","4.571429","4.5","4.857143","4.666667","4.714286","4.714286"
"CHEN,LI","1167","4.585366","4.487805","4.512195","4.536585","4.634146","4.658537","4.658537","4.682927","4.634146","4.707317"
"CHEN,MO","1168","4.283582","4.238806","4.089552","4.298507","4.223881","4.402985","4.38806","4.492537","4.179104","4.462687"
"CHEN,PO-AN","1169","3.766667","3.783333","3.783333","3.883333","3.916667","4.016667","4.3","4.3","3.966667","4.35"
"CHEN,QI-YIN","1170","3.75","3.75","3.75","3.75","3.75","3.75","4","4.25","3.75","4.5"
"CHEN,QIUYU","1171","4.666667","4.583333","4.783333","4.666667","4.033333","4.216667","4.25","4.133333","4.1","4.2"
"CHEN,RACHEL H","1172","4.508772","4.421053","4.403509","4.508772","3.945455","4.345455","4.236364","4.345455","3.963636","4.163636"
"CHEN,RUIYUAN","1173","4.1","4.25","3.8","4.15","3.95","4.1","4.35","4.45","3.95","4.4"
"CHEN,SHANTING","1174","4.404878","4.17561","4.404878","4.336585","4.458537","4.292683","4.736585","4.536585","4.380488","4.8"
"CHEN,SHIGANG","1175","4.040984","4.028689","3.721311","4.17623","3.913934","4.082305","4.102459","4.348361","3.959016","4.336066"
"CHEN,SIXUE","1176","4.534884","4.325581","4.465116","4.488372","2.777778","2.777778","2.777778","2.777778","2.777778","2.777778"
"CHEN,TAI-AN","1177","4.111111","4.111111","4.222222","4.222222","4.222222","4.444444","4.333333","4.333333","4.111111","4.444444"
"CHEN,XIAOBEI","1178","4.185185","4.277778","3.87037","4.277778","4.240741","4.425926","4.481481","4.5","4.259259","4.351852"
"CHEN,YIHAN","1179","4.021505","4.053763","3.612903","4.182796","3.968254","4.15873","4.209677","4.322581","4.096774","4.31746"
"CHEN,YOUPING","1180","3.949219","4.117188","3.890625","4.175781","3.539062","4.078125","4.0625","4.363281","3.335938","4.515625"
"CHEN,YUKAI","1181","4.457143","4.434286","4.485714","4.4","4.542857","4.394286","4.702857","4.6","4.502857","4.777143"
"CHEN,YUNXIAO","1182","3.276923","3.261538","2.892308","3.746154","3.711111","3.977778","3.863636","4.086957","3.866667","4.133333"
"CHENG,CHUNG TE","1183","4.241379","4.137931","4.275862","4.206897","4.321429","4.428571","4.535714","4.5","4.25","4.428571"
"CHENG,HSING KENNETH","1184","3.774194","3.814516","3.685484","3.975806","3.764228","3.95935","4.04878","4.243902","3.788618","4.308943"
"CHENG,LI","1185","4.48","4.44","4.24","4.32","4.36","4.4","4.52","4.56","4.48","4.52"
"CHENG,ZHIYONG","1186","4.357447","4.417021","4.404255","4.344681","4.442553","4.476596","4.617021","4.629787","4.323404","4.765957"
"CHEONG,HEE JUN","1187","3.925926","3.962963","3.493827","4.037037","3.954545","4.181818","4.181818","4.30303","3.984848","4.30303"
"CHEONG,JEEWON","1188","4.846154","4.846154","4.730769","4.769231","4.884615","4.769231","4.961538","4.846154","4.846154","4.961538"
"CHERAMY,JEANTEL","1189","4.705882","4.529412","4.647059","4.058824","4.764706","4.411765","4.764706","4.529412","4.705882","4.764706"
"CHERNIN,KELLY ALISSA","1190","4.48","4.32","3.96","4.52","4.64","4.08","4.72","4.68","4.72","4.8"
"CHEUNG,CONRAD","1191","4.3125","4.25","4.5","4","4.6875","4.375","4.6875","4.625","4.6875","4.8125"
"CHEVRETTE,MARC G","1192","4.299603","4.297619","3.490079","4.40873","4.103586","4.276892","4.250996","4.486056","4.36","4.314741"
"CHEYNEY-COLLANTE,KRISTI","1193","4.84375","4.78125","4.59375","4.8125","4.8125","4.6875","4.90625","4.90625","4.90625","4.90625"
"CHI,HENGXUAN","1194","4.462185","4.411765","4.411765","4.420168","4.546218","4.605042","4.689076","4.731092","4.596639","4.806723"
"CHIARELLI,CHRISTY C","1195","5","5","4.5","5","5","5","5","5","5","5"
"CHIAVACCINI,LUDOVICA","1196","4.615984","4.516569","4.623782","4.524366","4.683973","4.681716","4.725843","4.669663","4.669663","4.793258"
"CHICHETTO,NATALIE E","1197","3.785714","3.785714","3.892857","3.642857","3.928571","4.107143","4.25","4.214286","3.785714","4.535714"
"CHILD,BRIAN ANTHONY","1198","4.555556","4.444444","4.555556","4.111111","4.777778","4.333333","4.777778","4.333333","4.666667","4.888889"
"CHINNICI,NICOLE L","1199","4.272727","4.545455","3.727273","4.363636","4","3","4.166667","4.166667","4","4"
"CHIOTTI,AUTUMN A","1200","4.116651","4.152125","3.64046","4.106424","3.873211","3.995914","4.030675","4.059426","3.973442","4.008188"
"CHMIELEWSKI,ELIZABETH ANNE","1201","4.666667","4.666667","4.666667","4.666667","5","5","5","5","5","5"
"CHO-LI,QIUYUE","1202","4.058824","4.058824","4","4.088235","4","4.441176","4.264706","4.411765","4","4.382353"
"CHO,HWAYOUNG","1203","3.6875","3.675","3.9375","3.8","4.151899","4.050633","4.43038","4.443038","4.025316","4.683544"
"CHO,HYUNGJUN","1204","4.666667","4.666667","4.666667","4.833333","5","4.833333","5","4.833333","4.833333","4.666667"
"CHO,HYUNJIN","1205","3.919355","3.919355","3.790323","3.935484","3.903226","4.483871","4.290323","4.451613","4.096774","4.274194"
"CHO,JIUN SHING","1206","4.363095","4.309524","3.767857","4.321429","3.949045","4.33121","4.407643","4.509554","4.127389","4.33121"
"CHO,KEUN H","1207","4.461538","4.384615","4.384615","4.461538","4.769231","4.769231","4.769231","4.769231","4.769231","4.846154"
"CHO,KWAN SUN","1208","4.342541","4.414365","4.151013","4.279926","4.05915","4.184502","4.394834","4.665434","4.049815","4.5"
"CHO,MINSEO","1209","4.265625","4.28125","3.953125","4.234375","4.206349","4.507937","4.571429","4.650794","4.126984","4.68254"
"CHOE,KEITH P","1210","4.279518","4.206024","3.937349","4.237349","4.340964","4.21351","4.537349","4.53494","4.43494","4.614458"
"CHOI,DAEUN","1211","4.857143","4.857143","4.571429","4.857143","4.714286","4.428571","4.714286","4.571429","4.571429","4.857143"
"CHOI,HEMY","1212","4.6","4.485714","4.314286","4.657143","4.771429","4.828571","4.8","4.857143","4.8","4.771429"
"CHOI,JEYOUL","1213","4.461538","4.461538","4.598291","4.435897","4.603448","4.641026","4.675214","4.717949","4.547009","4.811966"
"CHOI,JULIA","1214","4.454545","4.467532","4.493506","4.532468","4.441558","4.519481","4.597403","4.675325","4.298701","4.623377"
"CHOI,WON TAE","1215","4.151515","4.242424","3.969697","4.060606","4.25","3.84375","4.5","4.25","4.28125","4.5625"
"CHOU,JACK","1216","4.414894","4.43617","4.074468","4.425532","4.506329","4.721519","4.721519","4.78481","4.683544","4.658228"
"CHOU,WEI-CHUN","1217","4.6","4.666667","4.8","4.733333","4.6","4.666667","4.666667","4.666667","4.6","4.733333"
"CHOUVENC,THOMAS","1218","4.702703","4.675676","4.783784","4.540541","4.756757","4.540541","4.891892","4.567568","4.810811","4.918919"
"CHOWDHURY,SUMAN","1219","4.282051","4.384615","4.333333","4.307692","4.461538","4.358974","4.589744","4.461538","4.205128","4.794872"
"CHRISTENSEN-MCLEAN,AMY NICOLE","1220","4.16","4.2","4.32","4","4.4","4.32","4.48","4.52","4.48","4.56"
"CHRISTNER,BRENT CRAIG","1221","4.074074","4.058201","4","4.142857","4.085561","4.058824","4.315508","4.176471","4.096257","4.417112"
"CHRISTODOULOPOULOU,KONSTANTINA","1222","4.377049","4.306011","4.338798","4.360656","4.688525","4.710383","4.79235","4.775956","4.721311","4.89071"
"CHRISTOPOLIS,NICHOLAS","1223","2.888889","2.777778","3.111111","2.833333","3.5","3.611111","3.833333","3.888889","3.722222","4.222222"
"CHRISTOU,DEMETRA D","1224","4.716667","4.461111","4.594444","4.633333","4.783333","4.788889","4.877778","4.877778","4.766667","4.916667"
"CHRISTOU,EVANGELOS A","1225","4.666667","4.564103","4.598291","4.606838","4.786325","4.547009","4.846154","4.74359","4.769231","4.846154"
"CHRISTOU,GEORGE","1226","3.976744","3.811628","3.486047","3.944186","3.811189","3.693925","4.196262","4.146853","4.177156","4.636364"
"CHRYSTAL-GREEN,NANCY","1227","4.714286","4.714286","4.714286","4.714286","5","4.571429","4.857143","4.857143","4.857143","4.857143"
"CHU YEW YEE,SHARON LYNN","1228","3.820513","3.75641","3.589744","3.871795","3.538462","3.24359","3.75641","3.769231","3.75641","4.24359"
"CHU,CHRIS","1229","4.390476","4.371429","4.304762","4.390476","4.552381","4.742857","4.704762","4.733333","4.580952","4.704762"
"CHU,HENRY C. W","1230","4.647059","4.588235","4.519608","4.588235","4.676471","4.578431","4.745098","4.813725","4.705882","4.872549"
"CHUI,KWAI-LEE","1231","4.315091","4.348259","3.834992","4.365672","4.294904","4.260906","4.532999","4.593985","4.364548","4.651629"
"CHUN,YOONKI","1232","4.56","4.52","4.6","4.56","4.76","4.76","4.76","4.8","4.8","4.84"
"CHUNG,JACOB NAN-CHU","1233","4.484848","4.469697","4.242424","4.484848","4.446154","4.523077","4.584615","4.769231","4.507692","4.584615"
"CHUNG,SOOBEOM","1234","4.428571","4.428571","4.428571","4.428571","4.857143","5","5","5","5","4.714286"
"CHUNG,WON JI","1235","4.5","4.5","4.6875","4.625","4.6875","4.75","4.8125","4.625","4.625","4.6875"
"CHURBA,BENJAMIN Z","1236","4.833333","4.833333","4.833333","4.833333","5","5","5","5","5","5"
"CHURCH,RORY WENTWORTH","1237","4.227848","4.139241","3.746835","4.139241","3.893617","4.085106","3.957447","4.06383","4","4"
"CICALI,BRIAN","1238","4.294118","4.235294","4.098039","4.313725","4.5","4.326087","4.586957","4.521739","4.456522","4.533333"
"CICHRA,CHARLES","1239","4.823529","4.647059","4.823529","4.647059","5","4.941176","5","5","4.941176","5"
"CIESCO,NATHALIE","1240","4.622378","4.552448","4.594406","4.58042","4.638298","4.666667","4.801418","4.822695","4.695035","4.900709"
"CIMAND,NILI","1241","4.3125","4.234375","3.875","4.375","4.34375","4.515625","4.578125","4.609375","4.578125","4.5625"
"CINEL,SCOTT D","1242","3.864407","3.855932","3.516949","3.894068","3.823899","4","4.113208","4.169811","3.981132","4.144654"
"CINTRON VELEZ,YORLIS","1243","4.625","4.5","4.5","4.375","1.625","2.125","1.625","2.5","2","2.375"
"CISTERNAS,LORAINE","1244","4.032258","4.064516","4.225806","3.967742","3.870968","4.193548","4.193548","4.193548","3.741935","4.387097"
"CISTOLA,ANDREW S","1245","4.384615","4.442308","4.538462","4.403846","4.627451","4.666667","4.705882","4.705882","4.607843","4.764706"
"CITTY,JEFF","1246","4.521127","4.633803","4.507042","4.267606","4.732394","4.666667","4.788732","4.676056","4.690141","4.802817"
"CITTY,SANDRA WOLFE","1247","4.506726","4.367713","4.443946","4.363229","4.84","4.82","4.88","4.86","4.784314","4.92"
"CIULEI,SILVIU O","1248","4.511364","4.420455","4.579545","4.568182","4.729412","4.682353","4.847059","4.682353","4.811765","4.835294"
"CIUPE,MIHAI","1249","4.696429","4.517857","4.785714","4.392857","4.745455","4.690909","4.690909","4.327273","4.454545","4.927273"
"CLARDY,CAMETREUS JAYLEN","1250","4.5","4","3","4","5","5","5","4","3.5","3.5"
"CLARK,ANN MARIE","1251","4.111111","4","3.888889","4.111111","4.111111","3.777778","3.888889","3.888889","3.888889","4.333333"
"CLARK,DAVID G","1252","4.449024","4.186551","4.295011","4.37961","4.691974","4.507592","4.824295","4.724512","4.739696","4.932755"
"CLARK,JENNIFER L","1253","3.812655","3.880893","3.449132","3.961538","3.665423","3.82419","4.109317","4.040994","4","4.216418"
"CLARK,LAWRENCE M","1254","4.336957","4.391304","4.347826","4.23913","4.23913","4.478261","4.358696","4.445652","4.086957","4.434783"
"CLARK,LYNNE HELEN","1255","3.737179","3.788462","4.160256","3.698718","3.84466","4","4.194175","4.221154","4.106796","4.307692"
"CLARK,MARK W","1256","4.67","4.545","4.355","4.64","4.646465","4.487437","4.703518","4.707071","4.712121","4.767677"
"CLARK,MICHAEL","1257","4.129187","3.956938","3.440191","4.200957","3.663265","3.817259","4.168367","4.244898","4.020833","4.201031"
"CLARK,NANCY","1258","4.4","4.4","4.5","4.6","4.875","4.875","4.875","5","4.625","5"
"CLARK,RENITA RENEE","1259","4.404255","4.340426","4.617021","4.297872","4.702128","4.553191","4.87234","4.723404","4.702128","4.87234"
"CLARK,ROBERT DAVID","1260","3.933333","4.2","4.066667","4.066667","3.866667","4.4","4.266667","4.4","4","4.333333"
"CLARK,STEVEN PAUL","1261","4.247368","4.247368","4.194737","4.305263","4.48913","4.516304","4.717391","4.641304","4.570652","4.831522"
"CLARKE,ALBERTINE","1262","4.731707","4.585366","4.756098","4.658537","4.804878","4.731707","4.95122","4.878049","4.853659","4.97561"
"CLARKE,CAITLIN","1263","4.727273","4.636364","4.727273","4.454545","4.818182","4.727273","4.818182","4.818182","4.727273","4.909091"
"CLARKE,LINDA D","1264","3.745495","3.731231","3.244745","3.898649","3.368778","3.532428","3.733233","4.038549","3.726657","3.755639"
"CLARKE,MYSHA","1265","4.278947","4.189474","4.378947","4.184211","4.336842","4.357895","4.521053","4.478947","4.447368","4.578947"
"CLARKE,ROBYN ALICE","1266","4.368421","4.289474","4.368421","4.394737","4.473684","4.447368","4.631579","4.578947","4.578947","4.815789"
"CLARY,JEANNIE","1267","4.59375","4.5625","4.5625","4.625","4.625","4.625","4.71875","4.8125","4.6875","4.75"
"CLASSEN,SHERRILENE","1268","5","5","5","5","5","5","5","5","5","5"
"CLAUSEN,JUDY ANN","1269","3.813084","3.88785","4.140187","3.813084","4.158879","4.113208","4.401869","4.158879","4.261682","4.53271"
"CLELAND,GLADYS L","1270","4.284483","4.237069","4.081897","4.25431","4.318966","4.573276","4.543103","4.599138","4.445415","4.676724"
"CLEMMONS,KHARI","1271","4.5","4.4","4.7","4.5","4.7","4.8","4.9","4.6","4.6","4.8"
"CLEMON,ADDINE M","1272","4.190476","4.238095","3.619048","4.428571","3.904762","3.952381","4.095238","4.285714","4.47619","4.238095"
"CLENDINEN,CHERITA ANTONIA","1273","3.977778","3.911111","3.933333","4.133333","3.822222","4.311111","4.4","4.266667","4","4.266667"
"CLIFFORD,MAGGIE","1274","4.173913","4.2","4.6","4.104348","4.408696","4.469565","4.73913","4.469565","4.365217","4.878261"
"CLINE,TYLER CARAWAN","1275","4.347826","4.318841","4.376812","4.362319","4.449275","4.565217","4.637681","4.797101","4.565217","4.478261"
"CLOSSER,AVERY","1276","4.081081","4.081081","4.081081","3.891892","4.027027","4.27027","4.432432","4.648649","4.083333","4.459459"
"CLULOW,DAVID JOSEPH","1277","4.801724","4.741379","4.844828","4.672414","4.896552","4.931034","4.939655","4.896552","4.913793","4.991379"
"COATES,SARAH","1278","4.851852","4.703704","4.777778","4.814815","4.962963","4.925926","4.925926","4.925926","4.962963","5"
"COATS,JANET","1279","4.477612","4.373134","4.320896","4.410448","4.708955","4.649254","4.820896","4.850746","4.776119","4.895522"
"COBB,CHARLES","1280","4.777778","4.722222","4.722222","4.666667","4.888889","4.888889","4.888889","4.888889","4.888889","4.888889"
"COBO,ALEXIS ELLYN","1281","4.454545","4.363636","4.272727","4.454545","4.454545","4.727273","4.636364","4.636364","4.727273","4.727273"
"COCHE,ROXANE","1282","4.509434","4.433962","4.5","4.377358","4.603774","4.603774","4.698113","4.679245","4.650943","4.830189"
"COE,CATHERINE","1283","4.320388","4.194175","4.485437","4.281553","4.601942","4.669903","4.747573","4.669903","4.679612","4.747573"
"COENEN,DANNY","1284","4.236943","4.124841","3.938854","4.228025","4.33801","4.366197","4.514687","4.645408","4.537676","4.732143"
"COENEN,JENNIFER LEE","1285","4.494253","4.498851","4.406897","4.413793","4.570439","4.61949","4.736721","4.750577","4.665127","4.745958"
"COERS,NATALIE","1286","4.610526","4.621053","4.663158","4.452632","4.652632","4.684211","4.726316","4.789474","4.694737","4.8"
"COFFEY,ALLISON","1287","4.131579","4.131579","3.763158","4.026316","4.131579","4.526316","4.315789","4.578947","4.236842","4.026316"
"COFFEY,AMY JO","1288","4.263158","4.052632","4.157895","3.947368","4.105263","4.421053","4.315789","4.473684","4.421053","4.789474"
"COFIELD,DEMETRIUS","1289","3","3.214286","2.571429","3.5","2.214286","2.142857","2.5","2.5","2.714286","2.785714"
"COGBURN,MEGAN D","1290","4.527273","4.418182","4.436364","4.436364","4.727273","4.763636","4.8","4.781818","4.709091","4.909091"
"COGDILL-RICHARDSON,KIANA M","1291","3.958333","3.833333","3.833333","4.083333","3.916667","3.958333","4.208333","4.291667","4","4"
"COHEN,DONNA L","1292","4.522523","4.531532","4.441441","4.342342","4.243243","3.981982","4.288288","4","4.018018","4.576577"
"COHEN,IRIS","1293","4.272727","4.220779","4.545455","4.246753","4.421053","4.355263","4.618421","4.355263","4.118421","4.828947"
"COHEN,MATTHEW J","1294","4.106383","4.06383","4.170213","4.191489","4.547619","4.452381","4.642857","4.547619","4.418605","4.738095"
"COHEN,SABRINA LOUISE","1295","3.605263","3.657895","4.342105","3.763158","3.736842","4.263158","4.289474","4.421053","4.078947","4.657895"
"COHENS,TRACIE","1296","4.304348","4.369565","4.456522","4.173913","4.565217","4.652174","4.782609","4.804348","4.608696","4.804348"
"COHN,MARTIN J","1297","4.428571","4.428571","4.428571","4.285714","4.857143","4.714286","4.857143","4.714286","4.571429","4.857143"
"COHN,MICHAEL S","1298","4.181818","3.863636","3.863636","4.227273","3.818182","4.136364","4.363636","4.590909","4.318182","4.5"
"COHN,MONIQUE S","1299","3.75","3.5","3.5","3","3","2.5","3.25","3","3.5","3"
"COLE,ALYSSA","1300","4.566265","4.566265","4.26506","4.566265","4.296296","4.259259","4.407407","4.493827","4.407407","4.54321"
"COLEMAN KING,CHONIKA","1301","4.333333","4.333333","4","4.333333","4.333333","4.333333","4.666667","4.333333","4.666667","5"
"COLEMAN,ALICIA","1302","4.428571","4.361905","4.352381","4.438095","4.444444","4.363636","4.626263","4.515152","4.393939","4.59596"
"COLEMAN,AMBER","1303","3.920213","3.880319","3.412234","4.055851","3.961538","4.010929","4.236264","4.174863","4.131148","4.295082"
"COLEMAN,CANON","1304","4.8125","4.8125","4.78125","4.8125","4.96875","4.9375","4.96875","4.9375","4.96875","4.96875"
"COLEMAN,DALON JEROID","1305","4.076923","3.923077","4.307692","4.307692","4.384615","4.153846","4.692308","4.615385","4.230769","4.538462"
"COLEMAN,ISAAC EARL","1306","4.8","4.8","4.6","4.6","4.8","5","4.8","4.8","4.8","5"
"COLES,NICHOLAS ALVARO","1307","4.794521","4.726027","4.767123","4.69863","4.90411","4.849315","4.958904","4.917808","4.917808","4.945205"
"COLGATE,SAMUEL O","1308","4.666667","4.666667","4.666667","4","4.666667","4.666667","5","4.666667","4.666667","5"
"COLINDRES,JUDY L","1309","4.661972","4.633803","4.84507","4.661972","4.760563","4.577465","4.928571","4.828571","4.901408","4.957746"
"COLITZ,MICHAEL JOHN","1310","4.25","4.375","4.375","4.375","4.75","4.75","4.875","4.875","4.75","4.75"
"COLLIER,CHARLES W","1311","3.827586","3.862069","4.310345","4","3.689655","4.068966","4.068966","4.034483","3.758621","4.448276"
"COLLIER,LESLIE MARIE","1312","4.214286","4.178571","4.142857","4.035714","4.5","4.607143","4.642857","4.571429","4.535714","4.571429"
"COLLIER,NATHAN S","1313","2.84375","3.0625","3.1875","2.65625","2.625","2.90625","3.59375","3.4375","2.5625","4.6875"
"COLLINGS,PETER","1314","3.857143","4.047619","4.428571","3.857143","4.714286","4.809524","4.904762","4.857143","4.809524","4.904762"
"COLLINS,DANIELLE M","1315","4.7","4.4","3.933333","4.633333","4.833333","4.833333","4.833333","4.833333","4.866667","4.833333"
"COLLINS,JAMES F","1316","4.419355","4.225806","4.129032","4.290323","4.16129","4.228261","4.354839","4.634409","4.150538","4.516129"
"COLLINS,JEFFREY RANDALL","1317","4.323077","4.369231","4.646154","4.261538","4.661538","4.6","4.769231","4.769231","4.630769","4.892308"
"COLLINS,JOSEPH","1318","3.666667","3.6","3.6","3.8","4.4","4.333333","4.266667","4.466667","4.333333","4.466667"
"COLLINS,KATIE MARGARET","1319","4.423077","4.384615","4.403846","4.365385","4.576923","4.615385","4.711538","4.788462","4.730769","4.75"
"COLLINS,SARAH","1320","4.781553","4.781553","4.76699","4.674757","4.585492","4.637306","4.632124","4.683938","4.637306","4.663212"
"COLLINS,WILLIAM ORELL","1321","","","","","","","","","",""
"COLOMBO,REBECCA JAN","1322","4.6","4.4","4.266667","4.6","4.533333","4.666667","4.6","4.533333","4.6","4.6"
"COLON-BURGOS,JOSE F","1323","5","5","5","4.8","5","5","5","5","4.8","5"
"COLON-PINEIRO,ZUANIA","1324","4.327273","4.309091","4.327273","4.181818","4.472727","4.418182","4.636364","4.563636","4.509091","4.545455"
"COLON,MARIA FERNANDA","1325","4.387097","4.322581","4.774194","4.225806","4.83871","4.903226","5","4.83871","4.774194","4.967742"
"COLOSIMO,NATALIE","1326","4.125","4.041667","3.458333","4.25","3.916667","3.791667","4.625","4.166667","4.25","4.5"
"COLQUHOUN,THOMAS A","1327","4.307692","4.115385","3.846154","4.346154","4.384615","4.269231","4.538462","4.538462","4.538462","4.692308"
"COLVERSON,AARON J","1328","4.542857","4.428571","4.6","4.428571","4.09375","4.15625","4.34375","4.3125","4.1875","4.5"
"COLVERSON,KATHLEEN EARL","1329","4.833333","4.833333","4.833333","4.666667","4.833333","5","5","5","4.666667","5"
"COLVIN,ROSHAUN","1330","4.11465","4.050955","3.808917","4.184713","3.878378","3.986486","4.040541","3.972603","4.013514","4.067568"
"COLVIN,VICTORIA","1331","4.071429","3.928571","4.02381","4.071429","4.119048","4.214286","4.595238","4.642857","4.428571","4.690476"
"COMAN,ANTHONY","1332","4.398709","4.342211","4.326069","4.374496","4.466721","4.313115","4.643147","4.576892","4.647488","4.754258"
"COMER,GARRETT WESLEY","1333","4.034483","3.896552","4.517241","4.103448","4.551724","4.724138","4.931034","4.724138","4.758621","4.827586"
"COMMEAN,MARK","1334","4.444444","4.444444","4.222222","4.333333","4.666667","4.555556","4.555556","4.666667","4.444444","4.666667"
"COMMERET,CHUCK","1335","3.433333","3.733333","4","3.333333","4.466667","4.566667","4.7","4.6","4.7","4.766667"
"COMMERET,MICHELLE","1336","4.222222","4.240741","4.231481","4.175926","4.407407","4.37037","4.574074","4.564815","4.509259","4.759259"
"CONATY,EMILY PAIGE","1337","4.540541","4.459459","4.540541","4.486486","4.432432","4.459459","4.756757","4.459459","4.405405","4.513514"
"CONDE,ANT","1338","3.775862","3.913793","3.948276","3.922414","3.821429","4.205357","4.169643","4.276786","3.964286","4.214286"
"CONDE,DANIELLA MARIE","1339","4.565657","4.494949","4.575758","4.444444","4.818182","4.777778","4.838384","4.828283","4.787879","4.848485"
"CONKLIN,JOHN","1340","4.652174","4.664596","4.416149","4.596273","4.838509","4.5875","4.838509","4.78882","4.869565","4.832298"
"CONLEY,RICHARD STEVEN","1341","3.051282","3.205128","2.897436","3.435897","2.871795","2.897436","3.384615","3.076923","2.846154","4.051282"
"CONLON,REBEKAH S","1342","4.416667","4.333333","4.333333","4.25","4.416667","4.416667","4.333333","4.583333","4.5","4.583333"
"CONNAUGHTON,DANIEL P","1343","4.490494","4.380228","4.106464","4.444867","4.547529","4.56654","4.539924","4.688213","4.627376","4.623574"
"CONNELL,CHRISTOPHER L","1344","4.444444","4.396825","4.460317","4.428571","4.634921","4.666667","4.698413","4.698413","4.634921","4.730159"
"CONNELL,DYLAN MARCUS","1345","4.131429","4.142857","3.64","4.165714","3.441558","4.025974","4.116883","4.207792","3.474026","4.155844"
"CONNER,MELANIE","1346","4.369565","4.217391","4.576087","4.358696","4.736264","4.714286","4.868132","4.769231","4.802198","4.868132"
"CONNERS,PATRICIA ANN","1347","4.652174","4.608696","4.608696","4.565217","4.695652","4.652174","4.782609","4.782609","4.73913","4.869565"
"CONNERS,THOMAS","1348","4.769231","4.692308","4.769231","4.769231","5","5","5","4.846154","5","5"
"CONNOLLY,CAMERON MUNLEY","1349","4.114286","4.057143","4.4","3.9","4.3","4.542857","4.542857","4.614286","4.414286","4.542857"
"CONNOLLY,JENNIFER D","1350","4.514286","4.228571","4.171429","4.314286","4.857143","4.857143","4.857143","4.857143","4.857143","4.857143"
"CONNOR,CLYDE","1351","4.894737","4.894737","4.894737","4.894737","4.928571","5","5","4.785714","4.785714","5"
"CONRAD,CHEYENNE","1352","4.25","4.25","4","4.25","4.25","4.5","4.5","4.5","4.5","4.5"
"CONSOLAZIO,GARY R","1353","4.775","4.725","4.7","4.7875","4.8125","4.425","4.8","4.825","4.7375","4.875"
"CONTESSE,VALENTINA","1354","4.589286","4.607143","4.25","4.625","4.696429","4.517857","4.803571","4.803571","4.732143","4.785714"
"CONTRACTOR,NITI","1355","3.827586","3.758621","3.827586","3.965517","3.793103","3.931034","4.310345","4.206897","4","4.448276"
"CONTRERAS,DANIEL A","1356","4.371429","4.4","4.528571","4.328571","4.485714","4.428571","4.671429","4.614286","4.471429","4.842857"
"CONTRERAS,ISMAEL","1357","4.636364","4.227273","4.681818","4.590909","4.727273","4.772727","4.909091","4.954545","4.954545","5"
"CONWAY,LANDEN JOSEPH","1358","3.645833","3.958333","3.770833","3.958333","4.638298","4.680851","4.723404","4.744681","4.659574","4.702128"
"COOK,ANDREW DAVID","1359","4.9","4.9","4.4","4.9","4.5","4.9","4.9","4.9","4.9","4.9"
"COOK,BECKY T","1360","3.230769","3.307692","3.153846","3.692308","3.230769","3.461538","3.307692","3.538462","4","3.384615"
"COOK,BRIAN J","1361","4.6","4.4","3.8","4","4.4","4.6","4.4","4.6","4.4","4.6"
"COOK,CHLOE MARIE","1362","4.681818","4.636364","4.727273","4.590909","4.772727","4.727273","4.727273","4.772727","4.818182","4.863636"
"COOK,CHRISTA L","1363","4.875","4.875","4.875","4.875","4.875","4.75","4.875","4.875","4.875","4.875"
"COOK,JULIAN","1364","4.208122","4.076142","4.395939","4.269036","4.055838","4.025381","4.647959","4.314721","4.060914","4.837563"
"COOK,KELSEY","1365","4","4.083333","4","4","4.416667","4.5","4.5","4.416667","4.5","4.583333"
"COOK,LARRY JAY","1366","4.666667","4.666667","4.666667","4.666667","4.666667","4.666667","4.666667","4.666667","4.666667","4.666667"
"COOK,ROBERT L","1367","4.681818","4.636364","4.5","4.772727","4.545455","4.727273","4.772727","4.727273","4.681818","4.727273"
"COOKE,ALAN DAVID","1368","4.07831","3.954438","3.623161","4.09065","4.103383","4.179914","4.427143","4.498095","4.341579","4.53495"
"COOKE,KIRSTEN L","1369","4.59375","4.552083","4.528125","4.540625","4.637283","4.565154","4.632948","4.618632","4.696532","4.699422"
"COOKE,PAUL S","1370","4.686131","4.576642","4.605839","4.642336","4.85124","4.793388","4.900826","4.892562","4.859504","4.909091"
"COOLEY,JOHN","1371","4.761905","4.714286","4.571429","4.761905","4.619048","3.904762","4.666667","4.190476","4.857143","4.857143"
"COOMBES,HARRISON L","1372","3.290323","3.612903","3.516129","3.580645","3.413793","3.275862","3.413793","3.724138","3.827586","3.931034"
"COOMBES,STEPHEN ANDREW","1373","4.389474","4.357895","3.957895","4.389474","4.568421","4.473684","4.694737","4.694737","4.663158","4.736842"
"COOPER,JOHN","1374","3.509804","3.431373","3.078431","3.764706","3.333333","2.901961","3.54902","3.568627","3.411765","4.333333"
"COOPER,WILLIAM","1375","3","3","3","3","4","4","4","4","5","5"
"COOPMAN,MICHAEL HAI","1376","4.017544","4.105263","3.149123","4.122807","3.680556","4.027397","4.097222","4.194444","4","4.111111"
"CORDERO,MAYRA L","1377","3.9375","4.0625","3.5625","3.8125","3.875","4.25","4.1875","4.4375","4.25","4.625"
"CORDOVA,BRYAN","1378","4","4.111111","4.444444","4.111111","3.777778","3.666667","3.888889","3.555556","3.222222","4.666667"
"CORMIER,CAELI V","1379","4.785714","4.785714","4.642857","4.785714","4.714286","4.857143","4.785714","4.785714","4.785714","4.928571"
"CORNACCHIONE,TERESA","1380","4.597222","4.576389","4.625","4.590278","4.784722","4.895833","4.902778","4.909722","4.881944","4.944444"
"CORNELIUS,KYENA ELROD","1381","4.434783","4.333333","4.014493","4.376812","4.246377","4.101449","4.492754","4.492754","4.304348","4.478261"
"CORNETT,IRENE G","1382","4.04","3.88","4.32","3.96","4.64","4.8","4.84","4.84","4.72","4.84"
"CORNWELL,DAVID ALAN","1383","3.9","4","4","3.2","3.4","3","4.1","3.8","3","4.2"
"CORPUS,LEAH CATHERINE","1384","4","3.922222","3.844444","4.177778","4.011111","4.166667","4.255556","4.422222","4.177778","4.433333"
"CORREA,JULIAN EDUARDO","1385","3.923664","3.969466","3.870229","3.961832","3.805085","3.855932","4.067797","4.194915","3.898305","4.313559"
"CORRELL,MELANIE J","1386","4.611111","4.527778","4.722222","4.444444","4.555556","4.611111","4.861111","4.694444","4.388889","4.888889"
"CORSARO,ANDREW J","1387","4.519031","4.50173","4.470588","4.50519","4.595819","4.602787","4.567944","4.567944","4.609756","4.616725"
"CORTES,GUSTAVO","1388","4.606299","4.480315","4.503937","4.488189","4.622047","4.677165","4.755906","4.771654","4.669291","4.834646"
"CORTI,MANUELA","1389","3.95","3.8","4.05","4.25","4.571429","4.571429","4.714286","4.571429","4.642857","4.785714"
"COSTANZO,JULIANNA STIEHL","1390","4.240223","4.256983","4.335196","4.307263","4.167598","4.223464","4.458101","4.49162","4.195531","4.586592"
"COSTELLO,KERRY E","1391","4.351779","4.332016","4.256917","4.300395","4.359684","4.27668","4.687747","4.620553","4.462451","4.719368"
"COSTIN,AARON","1392","4.143713","4.131737","4.215569","4.173653","4.149701","4.209581","4.371257","4.371257","4.107784","4.437126"
"COTMAN,ANN MARIE","1393","4.166667","4.166667","3.833333","3.833333","3.5","4.666667","4.333333","3.833333","3.5","4.5"
"COTTLER,LINDA B","1394","4.2","4.2","4.5","4.266667","4.3","4.566667","4.2","4.4","4.4","4.633333"
"COTTLER,MATTHEW","1395","3.9375","4.0625","4.333333","4.083333","4.333333","4.520833","4.520833","4.541667","4.291667","4.75"
"COULSON,HILARY LOUISE","1396","4.565217","4.456522","4.494565","4.548913","4.570652","4.538043","4.701087","4.706522","4.717391","4.831522"
"COUNTS,TARA","1397","4.225","4.05","4.25","4.225","4.3","4.425","4.525","4.6","4.35","4.525"
"COUSIN,LAKESHIA","1398","3.990909","4.009091","4.327273","4.009091","4.588785","4.682243","4.747664","4.775701","4.672897","4.813084"
"COUSINS,ROBERT J","1399","5","5","5","5","5","5","5","5","5","5"
"COUSINS,RYAN PAUL","1400","4.487805","4.365854","4.256098","4.341463","3.768293","3.768293","4.158537","4.268293","4.04878","4.04878"
"COWART,JONATHAN","1401","4.111111","4.111111","3.888889","4","3.888889","3.888889","4","4.222222","4.111111","4.555556"
"COWART,JONATHAN RAY","1402","4.52","4.333333","4.2","4.506667","4.613333","4.373333","4.693333","4.72","4.693333","4.8"
"COX,CHANELLE","1403","4.108696","3.826087","3.934783","4.108696","4.23913","4.521739","4.456522","4.478261","4.5","4.521739"
"COX,PENNY R","1404","4.413043","4.282609","4","4.347826","4.326087","4.456522","4.521739","4.565217","4.478261","4.434783"
"COX,ROBERT FRANCIS","1405","4.469697","4.439394","4.5","4.356061","4.732824","4.641221","4.80916","4.70229","4.748092","4.885496"
"COY,MADDY","1406","4.756219","4.716418","4.800995","4.736318","4.849246","4.914573","4.909548","4.944724","4.864322","4.969849"
"CRABB,DAVID B","1407","4.794118","4.735294","4.764706","4.794118","4.735294","4.764706","4.764706","4.735294","4.764706","4.764706"
"CRADDOCK,LAUREN FAITH","1408","4.178218","4.207921","3.792079","4.207921","4.30303","4.484848","4.656566","4.717172","4.393939","4.585859"
"CRAFT,SERENA L","1409","4.488372","4.511628","4.581395","4.465116","4.5","4.5","4.5","4.5","4.5","4.5"
"CRAFT,WILLIAM F","1410","4.571429","4.540816","4.586735","4.5","4.810127","4.810127","4.848101","4.85","4.78481","4.860759"
"CRAIG,STEPHEN C","1411","3.568627","3.647059","4.058824","4.019608","3.490196","3.54902","3.333333","4.196078","3.627451","4.176471"
"CRAIG,TERRI H","1412","4.288732","4.260563","3.971831","4.295775","4.276596","4.595745","4.510638","4.450704","4.312057","4.471831"
"CRANDALL,AMY JANE","1413","3.9","3.9","3.7","3.95","4.1","4.15","4.2","4.3","4.15","4.25"
"CRANDALL,CHELSEY A","1414","4.643836","4.589041","4.452055","4.69863","4.739726","4.589041","4.863014","4.876712","4.90411","4.931507"
"CRANDALL,RAELENE M","1415","4.619048","4.714286","4.619048","4.619048","4.690476","4.738095","4.761905","4.833333","4.785714","4.928571"
"CRANE III,CARL D","1416","4.580499","4.564626","4.283447","4.54195","4.604545","4.432802","4.622727","4.648402","4.61959","4.818182"
"CRANE,KRISTINE MARY","1417","4.542857","4.514286","4.514286","4.457143","4.6","4.8","4.714286","4.771429","4.6","4.742857"
"CRAUWELS,ETHAN J","1418","4.2","3.8","4.4","3.8","4.4","4.2","5","4.4","4.6","4.8"
"CRAWFORD,CYNDA","1419","4.319118","4.235294","4.257353","4.323529","4.528271","4.539708","4.652666","4.606796","4.630048","4.710824"
"CRETUL,MATTHEW R","1420","4.039216","4.078431","3.901961","4.176471","4.039216","3.607843","4.392157","3.862745","4.27451","4.568627"
"CREW,RICHARD MALCOLM","1421","4.218182","4.327273","4.109091","4.363636","4.190909","4.372727","4.436364","4.381818","4.009091","4.818182"
"CRICCHIO,MICHAEL EDMUND","1422","4.792453","4.773585","4.811321","4.660377","4.924528","4.830189","4.943396","4.830189","4.886792","4.943396"
"CRIPPEN,KENT J","1423","4.614458","4.493976","4.542169","4.53012","4.695122","4.731707","4.853659","4.843373","4.722892","4.807229"
"CRISAFULLI,RAYVEN","1424","4.495177","4.421222","4.26045","4.450161","4.649518","4.501608","4.73955","4.585209","4.713826","4.848875"
"CRISLIP,GENE RYAN","1425","5","5","5","5","5","5","5","5","5","5"
"CRISTOFOLETTI,RODRIGO","1426","4.603774","4.54717","4.528302","4.641509","4.90566","4.792453","4.90566","4.867925","4.924528","4.90566"
"CROCKER,SAVANNAH","1427","4.117647","4.176471","4.470588","4.176471","4.705882","4.529412","4.941176","4.705882","4.823529","4.823529"
"CROMWELL,COPELAND WADE","1428","4.666667","4.666667","4.666667","5","4.5","4.5","4.5","4.5","4.5","4.5"
"CROMWELL,LINDSEY NICOLE AMAN","1429","4.166667","4.166667","4.444444","4.222222","4.388889","4.833333","4.944444","4.944444","4.666667","4.944444"
"CRONIN,ELIZABETH MARIE","1430","4.627907","4.581395","4.616279","4.5","4.755814","4.651163","4.813953","4.697674","4.604651","4.918605"
"CROPPER JR,WENDELL P","1431","4.24","4.24","4.32","4.32","4.48","4.68","4.52","4.68","4.48","4.52"
"CROSS,MICHAEL ALEX","1432","4.368421","4.315789","4.368421","4.263158","4.789474","4.736842","4.789474","4.842105","4.421053","4.526316"
"CROUCHER,RACHEAL LANAE","1433","4.457627","4.169492","4.644068","4.440678","4.813559","4.813559","4.932203","4.830508","4.830508","4.966102"
"CROW,WILLIAM T","1434","4.777778","4.777778","4.666667","4.444444","4.777778","4.555556","4.777778","4.666667","4.777778","4.888889"
"CROWCROFT,BARNABY","1435","4.40625","4.4375","4.59375","4.4375","4.8125","4.78125","4.75","4.65625","4.84375","4.84375"
"CROWE,RACHEL ELIZABETH","1436","4.611111","4.611111","4.388889","4.555556","4.666667","4.944444","4.888889","4.833333","4.777778","4.944444"
"CRUMLISH,JOSEPH KYLE","1437","3.526316","3.842105","3.894737","3.631579","4.076923","4.153846","4.384615","4.153846","4","4.153846"
"CRUZ CASTRO,LAURA M","1438","4.38118","4.383573","3.905104","4.276715","4.034373","4.227382","4.536","4.536371","4.2504","4.641087"
"CRUZ,DANILO","1439","4.154472","4.056911","3.772358","4.235772","4.132653","4.226804","4.350515","4.346939","4.298969","4.357143"
"CRUZ,JULIO C","1440","4.193548","4.032258","4.354839","4.064516","3.724138","4.172414","4.310345","4.310345","4.172414","4.310345"
"CUDIC,MIHAEL","1441","4.8","4.8","5","4.8","5","5","5","5","5","5"
"CUERVO,MARIA PAULA","1442","3.925926","3.833333","4.074074","3.981481","4.351852","4.166667","4.592593","4.518519","4.481481","4.703704"
"CUI,LINA","1443","4.110569","4.050407","4.071545","4.074797","4.359935","4.346341","4.468293","4.426016","4.364228","4.505691"
"CUI,SHANA","1444","4.473684","4.526316","4.473684","4.578947","4.736842","4.842105","4.894737","4.842105","4.842105","4.842105"
"CUMMING,TAMMIE L","1445","2.142857","2.714286","1.571429","3","1.428571","1.285714","2.142857","1.857143","1.857143","2.285714"
"CUMMINGS,CHARLIE","1446","4.346442","4.38764","4.382022","4.101124","4.367041","4.494382","4.40824","4.531835","4.38764","4.64794"
"CUNHA,DARLENA","1447","4.211382","4.186992","3.902439","4.227642","4.317073","4.235772","4.471545","4.398374","4.349593","4.536585"
"CUNNINGHAM,ERIN K","1448","4.66055","4.568807","4.550459","4.642202","4.87037","4.740741","4.861111","4.851852","4.842593","4.888889"
"CUNNINGHAM,GEORGE B","1449","4.531073","4.502825","4.474576","4.502825","4.683616","4.79096","4.79096","4.779661","4.728814","4.734463"
"CURRAN,CHRIS","1450","4.780822","4.719178","4.630137","4.719178","4.834483","4.902778","4.903448","4.861111","4.855172","4.868966"
"CURRAN,JENNIFER C","1451","4.642857","4.52381","4.404762","4.547619","4.738095","4.857143","4.809524","4.833333","4.809524","4.785714"
"CURTA,FLORIN","1452","4.336957","4.25","4.255435","4.184783","4.38587","4.358696","4.369565","4.543478","4.228261","4.86413"
"CURTIS,JASON","1453","4.785714","4.857143","4.928571","4.857143","4.818182","4.818182","4.818182","4.818182","4.818182","4.818182"
"CURTIS,STACEY D","1454","4.446488","4.441472","4.525084","4.397993","4.721088","4.70017","4.746599","4.741497","4.739796","4.836735"
"CURTISS,ROY","1455","4.75","4.666667","4.75","4.583333","4.75","4.583333","4.75","4.75","4.666667","4.833333"
"CUSHING,TAMARA LEE","1456","4.810345","4.689655","4.62069","4.706897","4.672414","4.758621","4.775862","4.758621","4.741379","4.775862"
"CUTSHALL,SCOTT","1457","4.391304","4.130435","4.73913","4.26087","4.913043","4.913043","4.913043","4.956522","4.913043","4.913043"
"CWIK,BRYAN","1458","4.264151","4.245283","4.490566","4.150943","4.28","4.166667","4.48","4.25","4.5","4.56"
"CZYZ,DANIEL M","1459","4.603675","4.374453","4.057743","4.534558","4.574934","4.44386","4.723292","4.659947","4.680105","4.848379"
"D'ESPIES,MADYSON BO","1460","4.652174","4.565217","4.478261","4.478261","4.869565","4.826087","4.956522","4.913043","4.826087","4.869565"
"D'SOUZA,LISA NICOLE","1461","4.4","4.25","4.7","4.1","4.9","4.7","4.95","4.9","4.95","5"
"DAAKA,YEHIA","1462","3.942308","3.769231","3.769231","4.057692","4.45","4.45","4.475","4.375","4.375","4.475"
"DADAN,MARCIN","1463","4.674419","4.651163","4.44186","4.604651","4.744186","4.348837","4.744186","4.55814","4.627907","4.860465"
"DAEGLING,DAVID","1464","4.741935","4.66129","4.580645","4.596774","4.758065","4.693548","4.790323","4.806452","4.629032","4.806452"
"DAGHER,NADER F","1465","4.372549","4.313725","4.588235","4.27451","4.509804","4.705882","4.823529","4.803922","4.627451","4.784314"
"DAGNINO,EDUARDO ANDRE","1466","4.142857","4","4.285714","4.285714","3.857143","4","4.142857","4.285714","4","3.714286"
"DAHER ACHI,ASTRID","1467","4.84","4.8","4.8","4.76","4.8","4.8","4.8","4.84","4.84","4.84"
"DAHL,WENDY JOANNE","1468","4.5","4.729167","4.770833","4.291667","4.5","4.6875","4.791667","4.791667","4.583333","4.895833"
"DAHMEN,NICOLE","1469","4.0625","4.09375","4","4.15625","4","4.0625","4.15625","4.4375","4.03125","4.5625"
"DAI,CHUNLI","1470","4.333333","4.272727","4.30303","4.454545","4.25","4.09375","4.53125","4.5625","4.28125","4.34375"
"DAI,JINGYAN","1471","3.724138","4","3.931034","3.965517","3.413793","3.896552","3.931034","4.206897","3.413793","4.068966"
"DAI,QINGKANG","1472","5","5","5","4.714286","4.428571","4.428571","4.428571","4.428571","4.428571","4.428571"
"DAIGNEAULT,BRADFORD WILLIAM","1473","4.593137","4.460784","4.446078","4.519608","4.568627","4.465686","4.696078","4.617647","4.642157","4.745098"
"DAIN,JONATHAN L","1474","4.875","4.84375","4.890625","4.765625","4.953125","4.9375","5","4.96875","5","5"
"DALE,ELIZABETH RUTH","1475","4.195652","4.217391","4.26087","4.347826","4.173913","4.456522","4.413043","4.521739","4.282609","4.369565"
"DALE,ERICA ARDEN","1476","4.210526","4","4.263158","4.157895","4.519231","4.557692","4.584906","4.576923","4.584906","4.622642"
"DALE,WALTON M","1477","4.4","4.333333","4.533333","4.333333","4.266667","4.2","4.466667","4.066667","4.533333","4.466667"
"DALEY,MATTHEW L","1478","3.9","4","4","3.7","3.8","4.2","4.4","4.2","4","4.3"
"DALIR,HAMED","1479","4.457944","4.485981","4.546729","4.35514","4.448598","4.523364","4.752336","4.672897","4.233645","4.878505"
"DALISAY,FRANCIS SAPIANDANTE","1480","4.206897","4.172414","4.344828","4.172414","4.413793","4.689655","4.551724","4.62069","4.241379","4.793103"
"DALLAS,MATTHEW PAUL","1481","4.492308","4.461538","4.476923","4.430769","4.646154","4.861538","4.830769","4.846154","4.692308","4.907692"
"DALLERY,JESSE","1482","4.657658","4.63964","4.621622","4.612613","4.747748","4.720721","4.81982","4.8","4.720721","4.891892"
"DALLMAN,LAURA","1483","4.317536","4.341232","4.616114","4.327014","4.728155","4.650485","4.88835","4.854369","4.825243","4.966019"
"DALRYMPLE,AIMEE M","1484","4.636364","4.606061","4.393939","4.636364","4.576923","4.615385","4.615385","4.538462","4.653846","4.615385"
"DALTON,RACHEL","1485","4","4","4","4","5","5","5","5","5","5"
"DAMASO,EUGENE A","1486","4.2","4.1","4.3","4.2","3.9","4","4.1","4.1","4","4.1"
"DAMBE,NATALIA","1487","4.028249","4.107345","3.706215","4.112994","3.916168","4.191617","4.269461","4.335329","4.11976","4.335329"
"DAMLO,SHERRI","1488","3.8","3.3","3","4","2.5","2.8","2.7","3.3","2.8","3.5"
"DAMRILL,CHANDLER JOSEPH","1489","4.3125","4.1875","4.3125","4.125","4.5625","4.4375","4.625","4.4375","4.375","4.3125"
"DANA,NANCY L","1490","4.648649","4.648649","4.675676","4.675676","4.810811","4.918919","4.918919","4.918919","4.864865","5"
"DANA,THOMAS","1491","4.769231","4.615385","4.461538","4.538462","4.75","4.916667","4.833333","4.916667","4.916667","4.75"
"DANIELS,JARET C","1492","4.333333","4.121212","4","4.151515","4.151515","4.181818","4.393939","4.575758","4.363636","4.424242"
"DANIELS,MICHAEL JOSEPH","1493","4.1","4.2","4.2","4.3","4.2","4.45","4.3","4.8","3.8","4.25"
"DANIELS,PHILIP F","1494","4.545455","4.454545","4.454545","4.454545","4.454545","4.636364","4.8","4.9","4.545455","4.636364"
"DANKA,KRISTINA","1495","4.275","4.2375","4","4.2","4.367089","4.683544","4.683544","4.653846","4.506329","4.620253"
"DANNBERG,JULIANE","1496","4.714286","4.785714","4.785714","4.714286","4.857143","4.857143","4.857143","4.857143","4.857143","4.857143"
"DANSO,JEFFERY","1497","4.1875","4.0625","4.5625","4.0625","4.625","4.625","4.8","4.666667","4.866667","4.8"
"DARBY,SHANNON","1498","4.49162","4.47486","4.480447","4.458101","4.746269","4.708955","4.686567","4.746269","4.738806","4.791045"
"DARCY,SANAZ","1499","4.237354","4.184825","4.293774","4.256809","4.308594","4.421875","4.676471","4.53125","4.365234","4.871094"
"DARK,MICHAEL JAMES","1500","4.408219","4.391781","4.476712","4.391781","4.568966","4.551724","4.603448","4.603448","4.598291","4.663793"
"DAS,DEBJANI","1501","4.127273","4.15","3.577273","4.168182","3.863014","4.100457","4.191781","4.251142","4.054795","4.196347"
"DAS,KRISHTI","1502","4.3","4.4","4.5","4.433333","4.633333","4.733333","4.766667","4.733333","4.6","4.6"
"DASHER,JENNIFER","1503","3.539474","3.605263","3.881579","3.842105","3.828571","3.842857","4.142857","3.957143","4.071429","4.028571"
"DASHIELL,ANDREW B","1504","4.789474","4.701754","4.666667","4.596491","4.596491","4.54386","4.719298","4.578947","4.649123","4.77193"
"DASTA,KAYLA M","1505","4.230769","3.846154","4.692308","4.384615","4.769231","4.769231","4.923077","4.692308","4.769231","4.846154"
"DATTA,SANTANU K","1506","4.296407","4.209581","4.200599","4.251497","4.09697","4.221884","4.445455","4.433333","4.232628","4.430303"
"DATTA,SOMNATH","1507","4.5","4.625","4.40625","4.5625","4.3125","4.3125","4.0625","4.40625","4.28125","4.71875"
"DATTA,SUSMITA","1508","4.08","3.96","3.96","4.28","3.92","4.04","4.24","4.16","4.2","4.2"
"DAVENPORT,PAUL W","1509","4.326667","4.246667","4.3","4.34","4.553333","4.586667","4.68","4.633333","4.4","4.84"
"DAVID,GREGORY ANTHONY","1510","4.238095","4.130952","4.678571","4.357143","4.642857","4.654762","4.809524","4.666667","4.761905","4.809524"
"DAVID,RAYMOND","1511","4","4","4","4","4","4","4","4","5","5"
"DAVIDSON,CHARLES","1512","4.075472","3.971698","4.018868","3.990566","4.103774","4.056604","4.5","4.254717","4.415094","4.575472"
"DAVIDSON,JAMES","1513","4.419355","4.33871","4.322581","4.33871","4.580645","4.306452","4.709677","4.5","4.693548","4.709677"
"DAVIDSON,TAMMY A","1514","4.070567","4.063329","3.930639","4.05006","3.583067","3.715891","3.862729","3.9251","3.796962","3.861711"
"DAVIES,ELOISE MARY MCGAUN","1515","4.520548","4.506849","4.69863","4.506849","4.876712","4.890411","4.958904","4.890411","4.863014","4.972603"
"DAVIS,ALEXIS CIARA","1516","3.56","3.72","3.68","3.68","4.08","4.08","4.4","4.28","4.2","4.52"
"DAVIS,ANDREW EVAN","1517","4.166667","4.5","4.333333","4","4.833333","4.833333","4.833333","4.833333","4.833333","4.833333"
"DAVIS,CALEB","1518","4.210526","4.263158","4.315789","4.052632","4.473684","4.684211","4.894737","4.947368","4.315789","4.789474"
"DAVIS,CHRISTINE","1519","3.962489","3.866155","3.717818","3.961637","3.868263","3.846878","4.341317","4.293916","4.049615","4.693493"
"DAVIS,ERIKA LYNN","1520","3.818182","4.090909","4.181818","4","4.090909","4.636364","4.545455","4.636364","4.454545","4.909091"
"DAVIS,ERIN E","1521","2.666667","3","3.5","2.833333","2.833333","3.583333","3","3.416667","3.083333","3.916667"
"DAVIS,GREGORY STORM","1522","4.609929","4.546099","4.51773","4.531915","4.557971","4.57971","4.652174","4.673913","4.594203","4.695652"
"DAVIS,JACK EMERSON","1523","4.296703","4.098901","4.142857","4.263736","4.322222","4.477778","4.538462","4.472527","4.333333","4.788889"
"DAVIS,JOEL","1524","4.373795","4.34452","4.015352","4.387719","4.609582","4.50268","4.701108","4.638442","4.683458","4.809932"
"DAVIS,KATHERINE","1525","4.211854","4.051262","3.84181","4.130156","3.689761","3.930457","3.930386","4.124559","3.864823","4.020812"
"DAVIS,LACIE MARIE","1526","4.3","4.225","3.625","4.45","4.025","4.075","4.275","4.4","4.175","4.45"
"DAVIS,MARCUS EDWARD","1527","4.223958","4.265625","4.192708","4.21875","4.645349","4.69186","4.726744","4.744186","4.703488","4.773256"
"DAVIS,SEAN F","1528","3.814286","3.8","3.4","3.957143","3.632353","3.573529","3.720588","4.014706","3.911765","3.779412"
"DAVIS,WILLIAM W","1529","4.240385","4.134615","4.384615","4.057692","4.326923","4.378641","4.475728","4.533981","4.528846","4.788462"
"DAVIS,ZACHARY TYLER","1530","4.588235","4.558824","4.529412","4.617647","4.714286","4.7","4.809524","4.761905","4.714286","4.714286"
"DAVISON,MARK ANDREW","1531","4","4.166667","3.833333","4","3.833333","3.666667","4.333333","4","4","4.166667"
"DAVISON,MICHAEL C","1532","4.666667","4.666667","4.5","4.333333","5","5","5","5","5","5"
"DAVOLI,COLLEEN M","1533","4.166667","4.166667","4.666667","4.055556","4.666667","4.333333","4.666667","4.555556","4.666667","4.722222"
"DAWAYANGZONG,FNU","1534","4.631579","4.526316","4.263158","4.526316","4.444444","4.611111","4.666667","4.722222","4.666667","4.666667"
"DAWSON,KARA MARIEHOPKINS","1535","4.727273","4.654545","4.472727","4.6","4.909091","4.945455","4.945455","4.945455","4.909091","4.963636"
"DAWSON,TISHAWNA HURNS","1536","4.287879","4.200758","3.564394","4.291667","3.867424","4.193182","4.287879","4.356061","4.140152","4.212928"
"DE AGUIAR,LUIS H","1537","4.380117","4.327485","4.450292","4.269006","4.7","4.594118","4.758824","4.694118","4.658824","4.817647"
"DE ANDA TORRES,VALERIE YSELLE","1538","4.102041","3.94898","3.44898","4.081633","3.663158","4.052632","4.094737","4.084211","3.915789","4.063158"
"DE ANDRADE,GUSTAVO","1539","2.954545","3.363636","2.818182","3.227273","2.454545","2.590909","3.136364","3.318182","2.409091","3.681818"
"DE ASSIS BOSE,MATHEUS","1540","4.555556","4.555556","4.5","4.388889","4.411765","4.529412","4.529412","4.529412","4.470588","4.647059"
"DE CRECY,VALERIE A","1541","4.265625","4.265625","4","4.21875","4.412698","4.412698","4.349206","4.68254","4.301587","4.761905"
"DE GASPERI,DIEGO","1542","4.299639","4.234657","4.379061","4.277978","4.784689","4.736842","4.818182","4.728571","4.809524","4.847619"
"DE GENNARO,CHIARA","1543","4.703046","4.588832","4.682741","4.563452","4.795527","4.782748","4.821086","4.773163","4.798722","4.830671"
"DE GROFF,THOMAS BRYCE","1544","4.75","4.666667","4.833333","4.75","4.916667","4.916667","4.916667","4.833333","4.833333","4.916667"
"DE HOE,GUILHEM X","1545","4.706667","4.64","4.493333","4.586667","4.72","4.44","4.8","4.68","4.733333","4.946667"
"DE LA CRUZ MORA,MARIA MONSSERAT","1546","4.666667","4.571429","4.809524","4.47619","4.809524","4.904762","5","4.952381","4.761905","4.952381"
"DE LA TORRE,CARLOS","1547","5","4.913043","4.956522","4.869565","4.913043","4.913043","4.956522","4.826087","4.913043","5"
"DE LEO,ALEXANDRA N","1548","4.333333","4.166667","3.833333","4.25","4.416667","4.083333","4.416667","4.416667","4.5","4.5"
"DE MORAES,NATALIA VALADARES","1549","4.676471","4.617647","4.514706","4.661765","4.746269","4.552239","4.761194","4.776119","4.761194","4.776119"
"DE SAHA,ADITYA","1550","4.2625","4.3125","3.604167","4.35","3.947059","4.135294","4.276471","4.329412","4.082353","4.241176"
"DE SANCTIS,LISA MARIE","1551","4.697561","4.492683","4.75122","4.380488","4.738916","4.635468","4.817734","4.788177","4.640394","4.91133"
"DE SIMONI,ALBERTO","1552","5","4.666667","4.833333","4.833333","5","4.666667","4.833333","4.833333","4.833333","5"
"DE SOUSA ALMEIDA,PEDRO AUGUSTO","1553","4.357143","4.642857","4.214286","4.5","4","4.214286","4.571429","4.642857","3.857143","4.214286"
"DE SOUZA ALVES,HELIO AUGUSTO","1554","4.141176","4.058824","4.129412","4.2","4.107143","4.25","4.369048","4.416667","4.202381","4.678571"
"DE SOUZA,CLEVERSON","1555","4.642857","4.607143","4.618421","4.582707","4.34638","4.437008","4.48728","4.502935","4.30137","4.694716"
"DE VRIES,ALBERT","1556","4.444444","4.333333","4.583333","4.388889","4.472222","4.194444","4.694444","4.5","4.194444","4.666667"
"DE,JAYSANKAR","1557","4.208672","4.116531","4.059621","4.189702","4.227642","4.284553","4.439024","4.460705","4.135501","4.601626"
"DE,SAI LATA","1558","4.318182","4.272727","4.5","4.454545","4.545455","4.636364","4.818182","4.727273","4.545455","4.909091"
"DEABOLD,KELLY ANN","1559","4.2125","4.125","4.2125","4.2375","4.244444","4.222222","4.311111","4.2","4.288889","4.311111"
"DEAK,RASHELLE H","1560","4.352941","4.235294","4.117647","4.294118","3.8","3.666667","4","4","3.933333","4.066667"
"DEAN,CR","1561","4.657895","4.526316","4.894737","4.526316","4.842105","4.684211","4.815789","4.789474","4.5","4.894737"
"DEAN,DARON","1562","4.775701","4.738318","4.775701","4.654206","4.897196","4.785047","4.897196","4.813084","4.757009","4.953271"
"DEAN,HOPE MADISON","1563","5","5","5","5","5","5","5","5","5","5"
"DEARDORFF,MAX THOMAS","1564","4.303279","4.286885","4.270492","4.286885","4.5","4.4","4.655738","4.639344","4.508197","4.795082"
"DEBERNARDO,MACKENZIE PAUL","1565","4.392857","4.214286","4.357143","4.214286","4.652174","4.652174","4.782609","4.652174","4.695652","4.73913"
"DECARLIS,ANGELA","1566","4.2","3.733333","4.266667","3.666667","3.733333","3.2","3.866667","3.666667","3.6","4.266667"
"DEDE,DUANE E","1567","4.212766","4.106383","4.425532","4.06383","3.883721","3.302326","4.325581","3.651163","3.697674","4.488372"
"DEDENBACH,LAURA JEANNE","1568","4.320872","4.308411","4.305296","4.208723","4.448598","4.305296","4.635514","4.570093","4.523364","4.725857"
"DEEL,GARY L","1569","4.57265","4.57265","4.247863","4.521368","4.568966","4.603448","4.62931","4.672414","4.689655","4.594828"
"DEES,BELINDA JOY","1570","4.698413","4.650794","4.793651","4.714286","4.983871","4.935484","4.983871","4.951613","4.951613","4.951613"
"DEFEIS,BRITTANY","1571","4","4.166667","4.333333","4","4.166667","3.833333","4.5","4","4.333333","4.333333"
"DEFELICE,CHRISTOPHER","1572","4.072072","4.045045","3.846847","4.054054","4.135135","4.522523","4.459459","4.657658","4.396396","4.531532"
"DEFORE,SARAH E","1573","4.727273","4.363636","4.636364","4.454545","4.5","4.5","4.5","4.5","4.5","4.5"
"DEFRANCE,SUSAN D","1574","4.725","4.6125","4.7375","4.5875","4.85","4.85","4.9125","4.8125","4.7875","4.925"
"DEHOOG,AUDREY MARIE","1575","3.666667","3.666667","3.333333","3.333333","3.333333","3.666667","3.666667","4.333333","3.333333","3.666667"
"DEIG,AMBER WILLIAMS","1576","4.083333","3.833333","4.458333","4.041667","4.333333","4.5","4.541667","4.708333","4.083333","4.708333"
"DEIJ PRADO,MACARENA","1577","3.862069","3.931034","4.137931","3.689655","4.068966","4.448276","4.607143","4.482759","4.172414","4.482759"
"DEITCH,MATTHEW","1578","4.73913","4.782609","4.695652","4.695652","4.869565","4.913043","4.913043","4.695652","4.869565","5"
"DEKOSKY,STEVEN TRENT","1579","4.777778","4.444444","4.777778","4.555556","4.666667","5","4.666667","5","4.666667","4.666667"
"DEL CANAL,JULIANNA MARIE","1580","4.375","4.5","4.625","4.5","4.875","4.875","4.875","4.875","4.875","4.875"
"DEL HIERRO,VICTOR","1581","4.373913","4.391304","4.669565","4.4","4.591304","4.321739","4.756522","4.721739","4.643478","4.782609"
"DEL MORAL,SOLSIREE","1582","5","4.666667","4.666667","4.666667","5","4.333333","5","4.333333","5","5"
"DEL NERO,BRUNA","1583","4.591743","4.577982","4.541284","4.573394","4.720207","4.580311","4.725389","4.658031","4.720207","4.777202"
"DEL NODAL,YVETTE","1584","4.4","4.2","4.4","4.2","4.8","4.8","5","4.8","5","5"
"DEL RIO,RUBEN","1585","4.620192","4.600962","4.557692","4.504808","4.68599","4.78744","4.817308","4.748792","4.711538","4.802885"
"DEL ROCCO,JOSEPH","1586","4.888889","4.666667","5","4.333333","4.222222","4.666667","4.777778","5","4.444444","4.888889"
"DEL-RIO,GLAUCIA","1587","4.727273","4.772727","4.772727","4.772727","4.863636","4.863636","4.909091","4.863636","4.909091","4.863636"
"DELANEY,ANNA W","1588","4.44186","4.348837","3.790698","4.302326","4.103448","3.862069","4.448276","4.068966","4.275862","4.310345"
"DELAVAR,YASIN","1589","","","","","","","","","",""
"DELEON,ISER GUILLERMO","1590","4.271084","4.192771","3.873494","4.421687","4.066265","3.210843","4.36747","3.957831","4.475904","4.614458"
"DELEON,VALERIE BURKE","1591","4.671642","4.589552","4.537313","4.552239","4.835821","4.574627","4.91791","4.798507","4.88806","4.970149"
"DELEONARDIS,STEPHEN E","1592","3.428571","3.428571","2.771429","3.942857","2.571429","2.657143","2.8","2.771429","2.628571","3.428571"
"DELFINO,JOSEPH J","1593","4.5","4.3125","4.5625","4.4375","4.5625","4.6875","4.5625","4.8125","4.5625","4.8125"
"DELGADO,DANIEL ALEXANDER","1594","3.958333","4.208333","3.291667","4","3.375","3.916667","4.291667","4.375","3.666667","4.333333"
"DELIZ QUINONES,KATHERINE YARITZA","1595","4.354839","4.236559","4.311828","4.204301","4.408602","4.129032","4.645161","4.397849","4.419355","4.677419"
"DELOUCHE,AGENIA","1596","4.666667","4.222222","4","4.555556","4.666667","4.888889","5","4.888889","4.777778","4.777778"
"DELSOL,NICOLAS","1597","5","5","5","5","5","5","5","5","5","5"
"DELYSER,LEIGH","1598","3","3.111111","2.333333","3.666667","2.333333","2.111111","3.222222","2.333333","2.555556","3"
"DEMANSS,APRIL","1599","4.38835","4.31068","3.951456","4.339806","4.271845","4.436893","4.563107","4.539216","4.378641","4.660194"
"DEMAS,CAROL E","1600","4.306667","4.311746","3.716825","4.364444","4.397989","4.204793","4.347262","4.554191","4.484521","4.518012"
"DEMEURISSE,GRACE N","1601","4.758621","4.758621","4.793103","4.62069","4.931034","4.965517","5","5","4.965517","5"
"DEMICHELE,DOUGLAS JOHN","1602","4.407407","4.283951","4.17284","4.308642","4.469136","4.592593","4.567901","4.617284","4.54321","4.62963"
"DEMIREZEN,EMRE","1603","4.322353","4.341176","4.327059","4.310588","4.395735","4.396226","4.540094","4.525943","4.395294","4.558962"
"DENAGAMAGE,THOMAS","1604","4.625","4.625","4.75","4.625","4.580645","4.741935","4.677419","4.612903","4.548387","4.548387"
"DENARD,CARL ANDRE","1605","3.992754","4","4.086957","4.07971","4.125","4.022059","4.330882","4.191176","4.102941","4.566176"
"DENARDO,STEPHANIE ARLENE","1606","4.580247","4.604938","4.493827","4.592593","4.753086","4.777778","4.876543","4.925926","4.790123","4.925926"
"DENG,DELIN","1607","4.653061","4.530612","4.612245","4.510204","4.612245","4.770833","4.877551","4.77551","4.428571","4.755102"
"DENG,ZHEYUAN","1608","4.555556","4.444444","4.333333","4.5","3.941176","4.444444","4.411765","4.888889","4.235294","4.529412"
"DENHAM,ROBERT","1609","4.857143","4.714286","4.857143","4.714286","4.857143","4.714286","4.857143","4.714286","4.857143","4.857143"
"DENNIS,NICOLE M","1610","4.418605","4.418605","4.372093","4.418605","4.285714","4.452381","4.52381","4.428571","4.404762","4.666667"
"DENOTTA,SALLY ANNE LENORE","1611","4.453782","4.431373","4.521008","4.431373","4.688372","4.627907","4.683721","4.646512","4.716279","4.734884"
"DENSLOW,NANCY D","1612","3.336158","3.398305","3.570621","3.711864","3.79321","3.623377","3.838608","3.716129","3.864615","4.052308"
"DENTON,DAVID","1613","4.571429","4.285714","4","4.714286","4.714286","4.714286","4.714286","4.571429","5","5"
"DENTON,SCOTT","1614","4.521008","4.518207","4.490196","4.507003","4.729107","4.746398","4.757925","4.73487","4.73487","4.760807"
"DENUNZIO,WILHEMINA P","1615","4.208333","4.229167","4.208333","4.291667","4.1875","4.3125","4.375","4.083333","4.041667","4.583333"
"DENZER,LAURA M","1616","5","5","5","5","5","5","5","5","5","5"
"DEREMER,DAVID","1617","4.314136","4.143106","4.226876","4.169284","4.219895","4.243007","4.200698","4.406632","4.04363","4.575916"
"DEROVEN,RICK","1618","4.530864","4.493827","4.469136","4.493827","4.839286","4.839286","4.839286","4.839286","4.821429","4.821429"
"DESERIO,ROBERT","1619","4.000678","4.097222","4.00271","4.07622","3.590854","3.677517","3.746242","3.829545","3.715834","3.749548"
"DESJARDINS,LUKAS M","1620","4","3.818182","4.545455","4.181818","4.545455","4.636364","4.636364","4.545455","4.545455","4.454545"
"DEVER,DARYN","1621","4.186047","4.232558","4.046512","3.976744","4.046512","4.232558","4.488372","4.642857","4.232558","4.418605"
"DEVINE,DARRAGH P","1622","4.489768","4.26603","4.113233","4.376535","4.597544","4.485675","4.706284","4.711749","4.515027","4.868852"
"DEVINE,DEBBIE T","1623","3.243243","2.918919","3.27027","2.945946","1.565217","2","1.695652","2.043478","1.73913","2.434783"
"DEVITA,PADEN R","1624","4","4","3.666667","3.333333","4.666667","4.333333","5","5","4.333333","5"
"DEVITO,WENDY T","1625","4.714286","4.714286","4.714286","4.714286","3.571429","4","3.571429","4","3.428571","4.285714"
"DEVKOTA,AJIT","1626","4.215686","4.137255","4.137255","4.137255","4.372549","4.54902","4.54902","4.470588","4.470588","4.568627"
"DEWAR,KEVIN D","1627","4.463415","4.439024","4.463415","4.414634","4.634146","4.487805","4.658537","4.634146","4.560976","4.634146"
"DEWITT,BON A","1628","4.111111","4.333333","4.111111","4.222222","4.222222","4.444444","4.555556","4.777778","4.111111","4.444444"
"DEYOUNG,DANIEL J","1629","4.026316","4.078947","3.605263","4.236842","3.5","3.75","3.805556","3.942857","3.472222","4.138889"
"DEZAYAS,LAURA","1630","4.058824","4","4","4.176471","3.823529","4","4.176471","4.411765","4.176471","4.235294"
"DEZERN,STANLEY","1631","4.333333","4.333333","3.5","4.333333","4.666667","4.333333","5","4.166667","4.666667","5"
"DHAR,ARITRAM","1632","3.748582","3.854442","3.336484","3.920605","3.861461","4.065491","4.045455","4.207071","4","4.035354"
"DHAWAN,AASHISH","1633","3.909621","3.988338","3.443149","3.970845","3.54519","3.874636","3.815789","3.909357","3.684211","3.909357"
"DI CERBO,LUCA","1634","4.686047","4.627907","4.581395","4.697674","4.709302","4.488372","4.825581","4.825581","4.767442","4.883721"
"DI MATTEO,LARRY ALAN","1635","4.171021","3.909739","3.909739","4.166271","4.290476","4.059524","4.307876","4.23753","4.22619","4.67381"
"DIAS RIBEIRO,ANA PAULA","1636","4.401786","4.291667","4.309524","4.324405","4.486567","4.456716","4.564179","4.471642","4.453731","4.629851"
"DIAS,RAQUEL","1637","4.304965","4.255319","3.397163","4.347518","4.078014","3.893617","4.35","4.205674","4.375887","4.361702"
"DIAZ-PORTALATIN,GABBY","1638","4.411765","4.235294","4.735294","4.529412","4.764706","4.735294","4.941176","4.911765","4.852941","4.764706"
"DIAZ,BENJAMIN","1639","3.59375","3.625","4.40625","3.65625","4.354839","4.193548","4.645161","4.16129","4.419355","4.612903"
"DIAZ,JOHN M","1640","4.342857","4.371429","3.942857","4.314286","4.285714","4.514286","4.514286","4.571429","4.314286","4.457143"
"DIAZ,RACHAELL","1641","3.920354","3.946903","3.59292","3.982301","3.759259","3.824074","4.305556","4.268519","4.055556","4.185185"
"DIBENEDETTO-LEONI,JOANNE","1642","4.259259","4.185185","4.203704","4.296296","4.351852","4.648148","4.648148","4.685185","4.425926","4.555556"
"DICKINSON,BENJAMIN T","1643","4.454545","4.363636","4.136364","4.5","4.727273","4.545455","4.727273","4.727273","4.454545","4.954545"
"DICKINSON,RICHARD BERNHART","1644","4.597561","4.634146","4.463415","4.402439","4.609756","4.54878","4.707317","4.719512","4.52439","4.621951"
"DICKMAN,ANDREW W","1645","3.125","3","2","3.75","2.375","2.5","2.625","2.625","2.625","3.125"
"DICKRELL III,DANIEL J","1646","4.105186","4.232286","3.057706","4.258583","3.879941","3.330645","3.600293","3.945827","4.292308","4.182284"
"DICKRELL,PAMELA","1647","4.506849","4.506849","4.458904","4.369863","4.650685","4.671233","4.890411","4.856164","4.808219","4.90411"
"DIEFFENTHALLER,MICHAEL ANTHONY","1648","4.857143","4.714286","4.714286","4.714286","5","5","5","4.571429","5","5"
"DIEHL,BRITTANY NICOLE","1649","4.370933","4.329718","4.479393","4.295011","4.649554","4.579418","4.685268","4.649554","4.696429","4.698661"
"DIEHL,DAVID","1650","4.111111","4.2","4.355556","4.133333","4.2","4.066667","4.333333","4.311111","4","4.755556"
"DIEHL,ELIZABETH (LEAH)","1651","4.547368","4.431579","4.031579","4.536842","4.595745","4.419355","4.673684","4.663158","4.757895","4.726316"
"DIEM,KEITH G","1652","4.157143","4.314286","4.171429","4.2","4.1","4.114286","4.371429","4.328571","4.128571","4.742857"
"DIERCKS,MICHAEL J.K","1653","5","5","4.666667","4.666667","5","4.333333","5","4.333333","5","5"
"DIETRICH,ERIC A","1654","4.326733","4.29703","4.306931","4.29703","4.633663","4.653465","4.653465","4.663366","4.653465","4.653465"
"DIEZ DE LA PAVA,IVAN","1655","4.708333","4.75","4.75","4.625","4.708333","4.666667","4.833333","4.875","4.666667","4.916667"
"DIFATO,TIM","1656","4.2","4.161905","3.980952","4.257143","4.402174","4.5","4.630435","4.608696","4.48913","4.815217"
"DIFINO, PH D, CCC-SLP,SHARON M","1657","4.140845","4.107981","4.044601","4.161972","4.13615","4.349765","4.497653","4.408451","4.105634","4.70892"
"DIGANGI,BRIAN ANTHONY","1658","4.736842","4.684211","4.719298","4.692982","4.8","4.811765","4.847059","4.811765","4.835294","4.823529"
"DIGENNARO,PETER","1659","4.438202","4.426966","4.449438","4.47191","4.382022","4.303371","4.662921","4.516854","4.505618","4.707865"
"DIGENTI,BRIAN FRANK","1660","4.25","4.25","4.5","4.5","4.5","4.25","4","4.75","4","4.5"
"DIKEL,GILA","1661","4.153846","4","4.461538","4.076923","4.538462","4.230769","4.461538","4.230769","4.384615","4.461538"
"DILBONE,DEBORAH","1662","4.145833","4.104167","4.052083","4.15625","4.059524","4.154762","4.178571","4.190476","4.238095","4.22619"
"DILLARD,ANNE COLMAN","1663","4.404878","4.209756","4.380488","4.185366","4.141414","4.242424","4.212121","4.272727","4.313131","4.717172"
"DILLARD,WESLEY AARON","1664","4.100629","4.012579","3.987421","4.150943","4.151724","4.356164","4.310345","4.383562","4.303448","4.335616"
"DILLON,MIKAELA","1665","4.6","4.533333","4.566667","4.533333","4.833333","5","4.5","4.833333","4.833333","5"
"DILLON,SAM","1666","4.270833","4.3125","4.1875","4.291667","4.384615","4.615385","4.615385","4.615385","4.538462","4.615385"
"DILMA,ELENI","1667","5","5","5","5","5","5","5","5","5","5"
"DILORENZO,NICOLAS","1668","4.5","4.5","4.5","4.5","4.75","4.75","4.75","4.75","4.75","4.75"
"DIMADIS,THANOS","1669","4.085714","4.071429","3.714286","4.1","4","4.171429","4.147059","4.228571","4.102941","4.173913"
"DIMAGGIO,MATTHEW A","1670","4.214286","3.928571","3.142857","4.214286","3.642857","3.428571","3.785714","3.785714","4.214286","3.285714"
"DINCULESCU,ASTRA","1671","4.666667","4.5","4.666667","4.666667","4.416667","4.416667","4.5","4.5","4.416667","4.5"
"DING,CHI","1672","4.504505","4.486486","4.171171","4.522523","4.095238","4.462264","4.40566","4.566038","4.311321","4.433962"
"DING,HAOCHENG","1673","4.166667","4.166667","4.166667","4.333333","4","3.916667","4.083333","4.25","4.083333","4.5"
"DING,MINGZHOU","1674","4.046512","4.162791","4.093023","4.22093","4.244186","4.081395","4.290698","4.255814","4.197674","4.732558"
"DING,SHUO","1675","4.470588","4.411765","4.294118","4.529412","4","4","4.5625","4.8125","3.9375","4.9375"
"DING,YOUSONG","1676","4.666667","4.52381","4.52381","4.571429","4.428571","4.285714","4.761905","4.52381","4.428571","4.761905"
"DINGLASAN,RHOEL","1677","4.5","4.413793","4.603448","4.37931","4.603448","4.724138","4.568966","4.741379","4.672414","4.689655"
"DINGMAN,PATRICIA A","1678","4.857143","4.714286","4.666667","4.809524","4.857143","4.809524","4.857143","4.809524","4.857143","4.857143"
"DINOPOULOS,ELIAS","1679","4.329341","4.275449","4.143713","4.341317","4.311377","4.293413","4.473054","4.712575","4.323353","4.712575"
"DIPASQUALE,DENNIS","1680","4.423676","4.320872","4.320872","4.345794","4.386293","4.328125","4.663551","4.461059","4.464174","4.785047"
"DISSANAYAKE,CHAMODA","1681","4.465517","4.413793","4.241379","4.517241","4.272727","4.4","4.466667","4.444444","4.363636","4.444444"
"DISTASO,MARCIA","1682","4.321429","4.071429","4.464286","4.214286","4.392857","4.464286","4.607143","4.642857","4.5","4.607143"
"DISTLER,MELISSA","1683","4.5","4.5","4.5","4.5","5","5","5","5","5","5"
"DITTMANN,JASON","1684","4.517241","4.344828","4.068966","4.448276","4.5","4.413793","4.655172","4.775862","4.603448","4.862069"
"DITTRICH,MATTHEW E","1685","3.647059","3.901961","3.196078","3.980392","4.490196","4.764706","4.647059","4.666667","4.72549","4.666667"
"DIXIT,PURUSHOTTAM","1686","3","3","3","3","2.5","2.5","2.5","2.5","2.5","3"
"DIXON-DANIEL,BRITTNEY NICOLE","1687","4.575","4.525","4.53","4.51","4.683417","4.763819","4.809045","4.824121","4.768844","4.829146"
"DOBBINS,ANNA ELIZABETH","1688","4.583333","4.5","4.277778","4.25","4.333333","4.444444","4.805556","4.555556","4.583333","4.416667"
"DOBBINS,PETER JONATHAN","1689","3.532769","3.697726","3.121712","3.724922","2.920912","3.442204","3.716711","4.044256","3.12958","4.357335"
"DOBRA,ALIN VIOREL","1690","4.272727","4.283636","3.794545","4.087273","3.985375","4.130037","4.297989","4.330896","4.171846","4.586837"
"DOBRZYCKI,LUKASZ MIROSLAW","1691","3.25","3.25","4.25","3.5","3.5","4","4","4","3.5","4.75"
"DOBSON,ANNABELLE","1692","4.305556","4.277778","4.472222","4.361111","4.527778","4.444444","4.666667","4.771429","4.666667","4.75"
"DOBSON,JON P","1693","4.7","4.55","4.5","4.75","4.8","4.7","4.9","4.75","4.85","4.9"
"DOBY,JOSHUA ROBERT","1694","4.791667","4.5","4.625","4.541667","4.652174","4.347826","4.73913","4.652174","4.73913","4.913043"
"DODGE,ROBERT DANIEL","1695","3.821918","3.821918","3.917808","3.90411","3.430556","3.347222","3.777778","3.589041","3.5","4.287671"
"DOGAN,KUTSAL","1696","4.438356","4.378995","4.388128","4.410959","4.561644","4.598174","4.680365","4.69863","4.506849","4.835616"
"DOGRU,MUSLUM","1697","3.368421","3.526316","3.578947","3.473684","3.157895","3.789474","3.368421","3.631579","3.526316","3.473684"
"DOLCE,CALOGERO","1698","4.75","4.75","4.75","4.75","4.75","4.75","4.75","4.75","4.75","4.75"
"DOLCE,JESSICA L","1699","4.714286","4.614286","4.628571","4.714286","4.885714","4.942857","4.957143","4.9","4.914286","4.9"
"DOLCE,THOMAS J","1700","4.75","4.625","4.625","4.625","4.875","4.875","4.875","4.75","4.875","4.875"
"DOLINSKY,MAXIM S","1701","3.539768","3.509383","3.078642","3.535299","3.127793","3.27102","3.737925","3.783542","3.382484","4.086762"
"DOLL,TORI E","1702","5","5","5","4.75","5","5","5","5","5","5"
"DOLWICK,M FRANKLIN","1703","4.430464","4.426049","4.381898","4.421634","4.380615","4.35782","4.323877","4.394799","4.423168","4.420804"
"DOMARACKI,CULLEN A","1704","4.825726","4.746888","4.821577","4.713693","4.798165","4.798165","4.834862","4.798165","4.830275","4.807339"
"DOMENICO,LISA HOYLAND","1705","4.212291","4.184358","4.170391","4.198324","4.440994","4.414861","4.571429","4.537267","4.467492","4.566563"
"DOMINGUEZ REYES,JESSIE","1706","4.771429","4.514286","4.742857","4.657143","4.857143","4.657143","4.885714","4.571429","4.8","4.914286"
"DOMINGUEZ SOLERA,LAURA","1707","4.336842","4.273684","4.410526","4.168421","4.578947","4.621053","4.789474","4.663158","4.621053","4.8"
"DOMINGUEZ,AURORA LYDIA","1708","4.5625","4.6875","4.3125","4.5","4.625","4.6875","4.8125","4.5625","4.4375","4.75"
"DOMINGUEZ,DAVID S","1709","4.609756","4.536585","4.634146","4.097561","4.804878","4.85","4.829268","4.756098","4.829268","4.878049"
"DOMINGUEZ,MARIA GUADALUPE","1710","4.225352","4.140845","4.253521","4.211268","4.211268","4.422535","4.577465","4.577465","4.323944","4.605634"
"DOMOSH,JACOB","1711","4.130435","4.115942","4.072464","4.115942","4.130435","3.985507","4.449275","4.26087","4.217391","4.550725"
"DONALD,ALEXANDER M","1712","3.93617","4.085106","3.340426","3.808511","2.87234","3.425532","3.489362","4.106383","2.893617","3.404255"
"DONALD,JOANN","1713","3.974359","3.846154","3.794872","4.205128","3.666667","3.958333","4","4.125","3.75","3.875"
"DONG,GENGFU","1714","4.451613","4.290323","4.129032","4.354839","3.813559","4.152542","4.186441","4.237288","4.033898","3.983051"
"DONG,RUOHONG","1715","4.55102","4.367347","4.510204","4.367347","3.409091","3.545455","3.545455","3.636364","3.545455","3.545455"
"DONG,TING","1716","4.354143","4.365494","4.122588","4.367764","4.186576","4.149714","4.376564","4.546697","4.194983","4.568828"
"DONNA,JAVIER DANIEL","1717","4.630952","4.511905","4.642857","4.607143","4.607143","4.607143","4.75","4.880952","4.630952","4.904762"
"DONNELLY,MAXINE M","1718","4.465116","4.418605","4.581395","4.395349","4.790698","4.953488","4.953488","4.930233","4.813953","4.930233"
"DONNETT,URI BARUCH","1719","4.16129","4","3.677419","4.290323","3.913043","4.086957","4.304348","4.347826","4","4.304348"
"DONOHUE,HAILEY EVELYN","1720","4.631579","4.526316","4.421053","4.473684","4.736842","4.684211","4.789474","4.842105","4.842105","4.789474"
"DONOHUE,JUDITH HIGGINS","1721","4.648148","4.694444","4.62037","4.62963","4.672897","4.869159","4.82243","4.869159","4.740741","4.851852"
"DONOVAN,PHILIP M","1722","4.428571","4.571429","4.428571","4.142857","4.142857","4.285714","4.142857","4.428571","4","4.428571"
"DONOVAN,VICTORIA M","1723","4.422222","4.4","4.533333","4.333333","4.55814","4.674419","4.744186","4.72093","4.488372","4.813953"
"DONSKOI,SOPHIA","1724","3.152174","3.173913","2.876812","3.572464","3.753425","3.849315","3.90411","3.931507","3.876712","3.958904"
"DONSKY,PAUL","1725","4.333333","4.333333","4.333333","4.5","4.666667","4.833333","5","5","4.666667","5"
"DOOLEY,KAREN M","1726","4.15625","4.09375","4.25","4.125","4.0625","4.21875","4.21875","4.375","4.125","4.3125"
"DOORE,SARAH M","1727","4.452586","4.338362","4.105603","4.420259","4.497845","4.408207","4.663067","4.5054","4.553879","4.777538"
"DOREY,NICOLE R","1728","4.078143","4.03171","3.548131","4.14949","3.849829","4.130137","4.282139","4.404328","4.13083","4.368182"
"DORLEY,EMMANUEL JOHNSON","1729","3.973333","4","3.68","4.133333","3.813333","3.76","4.053333","3.986667","3.853333","4.133333"
"DORMAN,DAVID CHRISTOPHER","1730","4.545455","4.5","4.045455","4.545455","4.384615","4.538462","4.615385","4.692308","4.769231","4.769231"
"DORN,BRIAN R","1731","4.636364","4.727273","4.818182","4.818182","4.636364","4.3","4.727273","4.818182","4.272727","4.636364"
"DORR,BONNIE J","1732","4.258197","4.163934","4.045082","4.319672","4.315574","4.45082","4.487705","4.577869","4.356557","4.692623"
"DORST,CHRIS","1733","4.403509","4.45614","4.482456","4.535088","4.657895","4.436364","4.692982","4.754386","4.710526","4.780702"
"DOS SANTOS ABDALLA,RAFAEL","1734","4.525","4.35","4.5","4.475","4.675","4.6","4.825","4.675","4.625","4.775"
"DOS SANTOS,SILVIO","1735","4.3125","4.3125","4.4375","4.3125","4.5","4.375","4.6875","4.75","4.5","4.8125"
"DOSCH,CINDY N","1736","4.500466","4.430568","4.408201","4.425909","4.696828","4.651402","4.816822","4.826941","4.74043","4.890756"
"DOSH,KRISTI A","1737","4.433846","4.372308","4.135385","4.461538","4.529231","4.372308","4.661538","4.578462","4.649231","4.772308"
"DOSS,DEBORAH BURR","1738","4.6","4.6","4.4","4.2","4.4","4.8","4.8","4.4","4.4","4.4"
"DOSS,JOHN","1739","4.634615","4.634615","4.5","4.557692","4.865385","4.788462","4.803922","4.903846","4.826923","4.923077"
"DOSSETT,JASON CHRISTOPHER","1740","4.265306","4.44898","4.428571","4.285714","4.574468","4.659574","4.638298","4.617021","4.617021","4.617021"
"DOST,KYLE","1741","4.476684","4.378238","4.492228","4.398964","4.663212","4.569948","4.860104","4.761658","4.761658","4.948187"
"DOTY,RANDELL E","1742","4.135366","4.126829","4.185366","4.131707","4.260976","4.265854","4.312195","4.367073","4.214634","4.431707"
"DOUGE,MARIE CECILE EUPHROSINE","1743","4.351351","4.351351","4.189189","4.324324","4.166667","4.305556","4.388889","4.416667","4.305556","4.388889"
"DOUGHERTY,DANIEL","1744","4.557143","4.614286","4.614286","4.457143","4.785714","4.885714","4.857143","4.857143","4.785714","4.885714"
"DOUGLAS,ELLIOT PAUL","1745","4.440972","4.395833","4.454861","4.315972","4.295139","4.375","4.489583","4.652778","4.309028","4.663194"
"DOUGLAS,NORMAN A","1746","3.807819","3.690535","3.439506","3.901235","3.649383","3.690722","4.184926","4.191516","3.834156","4.562963"
"DOUGLAS,SOLANGE","1747","5","5","5","5","5","5","5","5","5","5"
"DOUMA,LAUREN G","1748","4.079416","3.949174","3.898348","4.131512","4.633461","4.44358","4.706941","4.655016","4.734824","4.816847"
"DOWD,NANCY E","1749","4.681818","4.454545","4.636364","4.636364","4.545455","4.045455","4.590909","4.545455","4.409091","4.909091"
"DOWNING,HALEA JOLENE","1750","4.5","4.25","4.75","4.25","4.75","5","5","4.5","4.75","5"
"DOWNING,SETH THOMAS","1751","4.433286","4.226686","3.678623","4.450502","4.046667","4.16","4.243333","4.279534","4.24207","4.236273"
"DOWNS,BROOKE","1752","4.625","4.75","4.25","4.625","4.428571","4.857143","4.428571","4.857143","4.714286","4.714286"
"DOZIER SHACKET,LISA","1753","4.789474","4.421053","4.631579","4.789474","4.789474","4.263158","4.894737","4.526316","4.578947","4.947368"
"DRACHLIS,TIMOTHY CHARLES","1754","3.473118","3.483871","3.505376","3.569892","3.494624","3.869565","3.462366","4.076087","3.430108","3.892473"
"DRAGESET,DARBY B","1755","4.40678","4.288136","3.881356","4.423729","4.423729","4.508475","4.610169","4.728814","4.59322","4.610169"
"DRAKE,LEAH","1756","4.555556","4.5","4.666667","4.555556","5","4.944444","5","4.944444","5","5"
"DRAKE,TERESA A","1757","4.777778","4.666667","4.888889","4.555556","4.777778","4.888889","4.666667","4.777778","4.777778","5"
"DRANISHNIKOV,ALEXANDER","1758","4.5","4.541667","4.125","4.625","3.958333","4.041667","4.333333","4.5","4.166667","4.583333"
"DREW,JENNIFER C","1759","4.051205","4.042169","4.033133","4.090361","4.29878","4.259146","4.432927","4.515244","4.356707","4.652439"
"DREXLER,WENDY K","1760","4.677419","4.548387","4.483871","4.596774","4.66129","4.935484","4.677419","4.903226","4.66129","4.870968"
"DRISCOLL,KATHLEEN H","1761","4.296296","4.148148","3.481481","4.37037","3.814815","4.148148","4.37037","4.555556","4.111111","4.333333"
"DRISCOLL,KIMBERLY ANN","1762","4.230769","4.307692","4.576923","4.153846","4.653846","4.5","4.807692","4.5","4.461538","4.653846"
"DROR,JEFF","1763","3.930233","4.069767","3.837209","3.837209","4.194444","4","4.388889","4.25","4.388889","4.611111"
"DRUSANO,GEORGE LOUIS","1764","","","","","","","","","",""
"DU PLOOY,CRAIG","1765","3.733333","4.066667","3.4","3.933333","3.6","3.733333","4","3.666667","3.933333","4.066667"
"DU,ERIC","1766","4.575758","4.606061","4.69697","4.545455","4.5","4.272727","4.878788","4.625","4.65625","4.939394"
"DUAN,LEO LI","1767","4.434783","4.465839","4.248447","4.47205","4.403727","4.42236","4.52795","4.677019","4.416149","4.689441"
"DUAN,XIAOCHEN","1768","4.180556","4.208333","3.569444","4.219444","4.197133","4.385159","4.430108","4.464286","4.256318","4.485612"
"DUARTE,JULIO D","1769","4.220339","4.237288","3.932203","4.288136","4.396552","4.224138","4.362069","4.293103","4.396552","4.413793"
"DUARTE,SERGIO","1770","4.625","4.75","4.625","4.625","4.714286","4.714286","4.714286","4.714286","4.714286","4.714286"
"DUARTE,WAGNER","1771","4.6","4.6","4.6","4.6","4.9","4.9","4.9","4.9","4.9","4.9"
"DUBEY,SWATI","1772","4.294118","4.411765","4.470588","4.323529","4.545455","4.454545","4.590909","4.545455","4.5","4.5"
"DUBOSAR,ELIANA","1773","4.44","4.56","4.64","4.64","4.5","4.68","4.708333","4.84","4.64","4.72"
"DUCKWORTH,LAURIE J","1774","4.452632","4.431579","4.494737","4.421053","4.821053","4.863158","4.852632","4.852632","4.831579","4.821053"
"DUDAS,KURT","1775","4","4","4","4","5","5","5","5","5","5"
"DUENKEL,TEAGAN","1776","3","3","4","4","4","4","5","5","5","5"
"DUERSON,ADAM","1777","4.5","4.5","4.5","4.5","4.5","4.5","4.5","4.5","4.5","4.5"
"DUFAULT,NICHOLAS S","1778","4.527778","4.388889","4.416667","4.444444","4.805556","4.833333","4.944444","4.916667","4.861111","4.861111"
"DUFFY,MATTHEW W","1779","4.5","4.48","4.4","4.46","4.68","4.58","4.82","4.76","4.78","4.84"
"DUFFY,RYAN","1780","4.717172","4.505051","4.585859","4.580808","4.792929","4.545455","4.792929","4.742424","4.853535","4.888889"
"DUGAN,KARLA DIANE","1781","4.538462","4.307692","4.384615","4.307692","4.307692","4.615385","4.538462","4.384615","4.461538","4.538462"
"DULLI,KELLY ELIZABETH","1782","4.84689","4.784689","4.803828","4.732057","4.857923","4.863388","4.874317","4.852459","4.825137","4.95082"
"DULLI,RICHARD JOSHUA","1783","4.578501","4.537482","4.5686","4.531825","4.732523","4.705344","4.784195","4.733638","4.727964","4.81459"
"DUMBUTSHENA,RUJEKO","1784","4.601307","4.535948","4.562092","4.535948","4.630872","4.581081","4.812081","4.641892","4.668919","4.812081"
"DUMITRU,OANA","1785","4.888889","4.888889","4.888889","4.888889","4.5625","4.4375","4.625","4.5625","4.25","4.625"
"DUNBAR,BRIDGET T","1786","4.169935","4.039216","3.797386","4.313725","4.248366","4.261438","4.555556","4.572368","4.592105","4.625"
"DUNCAN,ANDREW T","1787","3.27451","3.176471","3.215686","3.264706","3.54902","3.627451","3.745098","3.901961","3.264706","4.176471"
"DUNCAN,JENEÉ","1788","4.385093","4.385093","4.335404","4.397516","4.4125","4.3","4.704403","4.475","4.5625","4.61875"
"DUNCAN,KAYLOR MAE","1789","4.736842","4.578947","4.105263","4.631579","4.210526","4.684211","4.526316","4.736842","4.578947","4.736842"
"DUNCAN,LARRY WAYNE","1790","4.357143","4.214286","4.357143","4.428571","4.428571","4.571429","4.285714","4.428571","4.285714","4.428571"
"DUNCAN,STEWART","1791","4.375","4.375","4.21875","4.46875","4.625","4.419355","4.5625","4.75","4.65625","4.6875"
"DUNGAN,JENNIFER RENE","1792","4.52518","4.47482","4.489209","4.438849","4.743802","4.628099","4.85124","4.818182","4.809917","4.892562"
"DUNLAP,ALEXANDRINE","1793","4.44186","4.430233","4.232558","4.476744","4.395349","4.627907","4.732558","4.674419","4.593023","4.767442"
"DUNLEAVY,KIM","1794","4.162896","4.18552","4.355204","4.10181","4.480726","4.575964","4.489796","4.603175","4.464853","4.743764"
"DUNN,ALISON C","1795","4.171429","4.314286","4.3","4.1","3.928571","3.871429","4.371429","4.242857","3.885714","4.457143"
"DUNN,KELLY GRISSOM","1796","4.193182","4.136364","4.170455","4.193182","4.453488","4.476744","4.488372","4.569767","4.465116","4.616279"
"DUNN,SARAH CATHERINE","1797","4.347826","4.304348","4.304348","4.434783","4.347826","3.826087","4.608696","4.391304","4.478261","4.695652"
"DUNN,WILLIAM A","1798","4.362903","4.137097","3.774194","4.387097","4.319328","4.186441","4.344538","4.355932","4.310924","4.571429"
"DURANT,THOMAS CLARK","1799","4.461538","4.307692","4.615385","4.230769","4.538462","4.384615","4.923077","4.538462","4.461538","4.846154"
"DURHAM,BRYNDAN P","1800","4.036304","3.960396","3.724422","4.085809","3.801325","3.905785","4.307438","4.512479","3.844628","4.487603"
"DURR,RACHAEL MCKENNA","1801","4.454545","4.272727","4.151515","4.30303","4.272727","4.636364","4.575758","4.606061","4.484848","4.454545"
"DUSENBURY,DAVID LLOYD","1802","4.382979","4.148936","4.702128","4.382979","4.617021","4.382979","4.680851","4.553191","4.404255","4.93617"
"DUTTON,CHRISTOPHER LEE","1803","4.53719","4.42562","4.309917","4.483471","4.854772","4.755187","4.929461","4.858921","4.904564","4.950207"
"DWECK,JENNIFER LAUREN","1804","4.6","4.55","4.45","4.5","4.7","4.85","4.85","4.8","4.45","4.95"
"DWYER,ISIS","1805","4.333333","4.260417","3.895833","4.375","4.126316","4.2","4.452632","4.37234","4.414894","4.431579"
"DWYER,NATHAN ANDREW","1806","4.372549","4.372549","4.117647","4.352941","4.08","4.44","4.5","4.6","4.36","4.44"
"DYAL,BRENDA W","1807","4.008889","4.044444","3.955556","4.026667","4.105991","4.266055","4.393519","4.391705","4.238532","4.387097"
"DYE,BRANDON","1808","4.25","4.05","4.6","3.95","4.05","4","4.25","4.05","4.05","4.2"
"DYER,ANGELIA CHERYL","1809","3.974359","3.897436","3.897436","4.153846","4.179487","4.526316","4.435897","4.435897","4.205128","4.666667"
"DYGERT,TAMERIN","1810","4.285714","4.142857","4.095238","4.238095","4.333333","4.761905","4.666667","4.666667","4.619048","4.761905"
"DYMENT,MADISON ANNE","1811","4.5","4.426471","4.602941","4.294118","4.588235","4.544118","4.691176","4.588235","4.558824","4.764706"
"EASTERLY,TRE","1812","4.307692","4.134615","4.115385","4.057692","4.115385","4.403846","4.461538","4.538462","4.096154","4.673077"
"EASTMAN,CATHERINE BELUE","1813","4.111111","4.111111","3.888889","4","4.833333","5","5","5","5","5"
"EAVERLY,MARY ANN","1814","4.666667","4.5","4.62963","4.62963","4.888889","4.796296","4.962963","4.851852","4.87037","4.981481"
"EBERHARDT,WILL","1815","4.555556","4","4.777778","4.111111","4.444444","4.777778","4.777778","5","4.777778","4.777778"
"EBERHART,SARAH","1816","4.404255","4.404255","4.765957","4.617021","4.702128","4.723404","4.851064","4.787234","4.765957","4.829787"
"EBNER,NATALIE C","1817","4.7","4.6","4.9","4.5","4.8","4.9","5","5","5","5"
"EBRAHIMI,NAJME","1818","3.57377","3.688525","3.032787","3.770492","2.868852","3.4","3.606557","3.721311","2.885246","4.213115"
"ECE,ECEM","1819","4.438356","4.315068","4.506849","4.369863","4.369863","4.356164","4.589041","4.493151","4.438356","4.671233"
"ECKER,YEHOSHUA","1820","4.555556","4.259259","4.592593","4.518519","4.814815","4.259259","4.888889","4.296296","4.814815","4.888889"
"EDDY,MATTHEW T","1821","4.526882","4.537634","4.387097","4.473118","4.623656","4.666667","4.774194","4.806452","4.698925","4.83871"
"EDELMANN,JONATHAN","1822","3.666667","3.714286","3.761905","4","3.761905","3.809524","4","3.952381","3.857143","3.904762"
"EDGAR,LISA","1823","4.076923","3.865385","4.115385","3.826923","3.923077","4.076923","4.288462","4.096154","4.173077","4.596154"
"EDUONOO,MARGARET MPAREBEA","1824","4.062147","4.129944","3.949153","4.169492","4.232323","4.34","4.272727","4.363636","4.29","4.282828"
"EDVENSON,MICAH CHRISTIAN","1825","3.95122","3.939024","4.097561","3.926829","4.609756","4.487805","4.695122","4.731707","4.670732","4.829268"
"EDWARDS,AMIE","1826","3.959459","3.945946","3.459459","4.117761","3.742126","3.992126","4.165354","4.2643","4.116142","4.120079"
"EDWARDS,ANNTWANIQUE D","1827","3.2","3.2","3.3","3.2","2.8","2.9","2.1","1.9","2.4","3.5"
"EDWARDS,KOLBY TRENT","1828","4.769231","4.384615","4.769231","4.692308","4.692308","4.846154","4.923077","4.923077","4.846154","4.846154"
"EDWARDS,LISA ANN","1829","4.441441","4.400901","4.434685","4.405405","4.598972","4.521851","4.638462","4.6","4.625641","4.674359"
"EDWARDS,MARY E","1830","4.607143","4.321429","4.571429","4.607143","4.428571","4.285714","4.607143","4.464286","4.642857","4.785714"
"EFTEKHARY,REZVAN","1831","4","4.083333","3.833333","4.166667","4.166667","4.333333","4.25","4.416667","4.166667","4.083333"
"EGELUND,ERIC FREE","1832","4.571429","4.558442","4.571429","4.551948","4.68254","4.672","4.706349","4.68","4.714286","4.714286"
"EGGERS,SHANNON L","1833","3.555556","3.555556","4.111111","3.777778","4.222222","4.555556","4.666667","4.555556","4.444444","4.555556"
"EHRICH,KINGSLEY ELIZABETH","1834","4.4","4.433333","4.466667","4.366667","4.633333","4.8","4.866667","4.866667","4.733333","4.9"
"EHRIG,JOHN PAUL","1835","3.5","3.833333","4.166667","2.833333","3.833333","3.333333","4","4","4","4.666667"
"EICKWORT,JEFF","1836","4.753623","4.594203","4.536232","4.768116","4.913043","4.927536","4.898551","4.898551","4.927536","4.927536"
"EISENBERG,ADAM M","1837","4.8","4.8","4.066667","4.8","4.666667","4.8","4.866667","4.933333","4.866667","4.6"
"EISENMENGER,KRISTOFER","1838","4.777778","4.777778","4.805556","4.638889","4.777778","4.833333","4.916667","4.888889","4.833333","4.888889"
"EISENSTADT,BILL","1839","4.72327","4.679245","4.572327","4.528302","4.550633","4.696203","4.759494","4.746835","4.626582","4.810127"
"EISINGER,DENNIS JAY","1840","4.222222","3.777778","4.444444","4.111111","4.277778","4.222222","4.722222","4.555556","4.111111","4.666667"
"EJECHI,OBIEE","1841","4.541667","4.458333","4.75","4.458333","4.791667","4.791667","4.791667","4.625","4.75","4.708333"
"EJIGBILE,KALEB NICODEME","1842","4.36","4.08","4.48","4","4","4.16","4.44","4","4.08","4.48"
"EJIRI,NATSUKO","1843","4.7","4.7","4.8","4.7","4.9","4.9","4.8","5","4.9","5"
"EKVALL,KARL OSKAR","1844","4.095238","4.253968","3.880952","4.039683","3.960317","3.936508","4.119048","4.352","3.952","4.248"
"EL-KHALILI,JENNA","1845","5","4.857143","5","4.857143","5","5","5","5","4.714286","5"
"ELARDO,STEVE","1846","4.822785","4.78481","4.848101","4.746835","4.981132","4.679245","4.981132","4.90566","4.943396","5"
"ELCHYNSKI,AMANDA L","1847","4.558824","4.470588","4.088235","4.382353","4.529412","4.676471","4.588235","4.558824","4.470588","4.647059"
"ELDRIDGE,LINDA B","1848","4.333333","4.142857","3.809524","4.285714","3.8","4.05","4.25","4.25","3.95","4.25"
"ELEFTERIADOU,LILY","1849","4.423077","4.5","4.423077","4.423077","4.538462","4.692308","4.730769","4.653846","4.538462","4.769231"
"ELGIRIYEWITHANA,KAUSHALYA RUWANDI","1850","4.211111","4.166667","3.611111","4.222222","3.758065","3.936508","3.934426","3.919355","3.852459","3.935484"
"ELI,OGONNA PRECIOUS","1851","3.477778","3.522222","3.944444","3.577778","3.366667","3.611111","3.944444","3.955556","3.366667","4.033333"
"ELIASSON,MICHELLE","1852","4.777778","4.722222","4.722222","4.555556","4.944444","4.888889","4.944444","4.888889","4.944444","4.888889"
"ELISCHER,SEBASTIAN","1853","4.415301","4.161202","3.918033","4.346995","4.423077","4.186813","4.49589","4.60274","4.591781","4.665753"
"ELLARD,MARY-ELIZABETH","1854","4.598485","4.55303","4.537879","4.545455","4.515385","4.538462","4.530769","4.6","4.561538","4.646154"
"ELLIOTT,CLAIRE","1855","4.444444","4.222222","4.592593","4.148148","4.230769","4.461538","4.230769","4.307692","4.230769","4.307692"
"ELLIS JR,CHARLES","1856","4.513514","4.441441","4.603604","4.531532","4.724771","4.681818","4.854545","4.790909","4.663636","4.736364"
"ELLIS JR,JAMES DOUGLAS","1857","4.538462","4.692308","4.692308","4.538462","4.769231","4.230769","4.846154","4.384615","4.923077","4.923077"
"ELLIS,KACI","1858","4.047619","4.095238","3.904762","4.190476","4","4.095238","4.142857","4.333333","4.190476","4.238095"
"ELLIS,LARRY RICHARD","1859","4.733333","4.666667","4.8","4.866667","4.8","4.2","4.8","4.733333","4.666667","5"
"ELLIS,LAURA","1860","4.885714","4.885714","4.885714","4.885714","5","5","5","5","5","5"
"ELLIS,NOAH MICHAEL","1861","3.933036","3.919643","3.558036","4.035714","3.791855","4.274775","4.095023","4.225225","4.031818","4.144796"
"ELLWARD,GARRETT LEE","1862","4.9375","4.875","4.8125","4.75","4.9375","4.8125","5","4.75","5","5"
"ELROD,JARRED LEE","1863","4.611111","4.611111","4.333333","4.722222","4.166667","4.222222","4.388889","4.777778","4.333333","4.5"
"ELTON,AMANDA LEA","1864","4.833333","4.666667","4.833333","4.666667","4.833333","4.833333","4.833333","4.833333","4.833333","5"
"ELWAN,MOAAZ REFAAT","1865","3.956522","4.043478","3.73913","4.173913","4.434783","4.652174","4.652174","4.608696","4.608696","4.73913"
"EMANUEL,AMBER S","1866","4.54683","4.40562","4.012968","4.541787","4.312906","4.481962","4.638528","4.630858","4.5671","4.640231"
"EMERSON,CHARLOTTE","1867","3.926471","3.823529","3.985294","3.882353","4.101695","4.322034","4.423729","4.305085","4.20339","4.355932"
"EMERSON,ROBERT W","1868","4.322447","4.184033","4.013478","4.274235","4.232727","4.522597","4.657662","4.656802","4.30893","4.819221"
"EMERY,ALICE KAYE","1869","4.527426","4.35865","4.130802","4.464135","4.54661","4.514894","4.694915","4.665254","4.677966","4.716102"
"EMMANUEL,ABIOLA FUNKE","1870","4.181818","4.272727","4.545455","4.272727","4.181818","4.727273","4.363636","4.818182","4.181818","4.454545"
"EMMANUEL,CHRISTOPHER S","1871","5","5","5","5","5","5","5","5","5","5"
"EMMANUEL,OKON GODSPOWER","1872","4.205128","4.179487","3.662393","4.196581","3.756477","3.829016","4.108808","3.979275","3.725389","4.326425"
"EMMINGER,JULIE C","1873","4.125","4.25","4.125","3.875","3.625","3.75","4.25","3.625","3","4.25"
"ENCARNACION PINEYRO,YULEY","1874","3.843137","3.810458","3.464052","3.954248","4.23301","4.252427","4.349515","4.38835","4.320388","4.359223"
"ENG,DONNA","1875","4.093407","4.049451","4.192308","3.928571","3.835165","4.395604","3.67033","4.478022","3.82967","4.302198"
"ENGLE,ROBERT CARL","1876","4.261411","4.26971","3.975104","4.244813","4.058333","4.266667","4.3","4.475","4.195833","4.270833"
"ENGLERT,GIANNA DOMINIQUE","1877","4.779661","4.694915","4.847458","4.610169","4.898305","4.932203","4.932203","4.932203","4.932203","4.932203"
"ENGSTROM,JOHANNA C","1878","4.331169","4.162338","4.25974","4.285714","4.601307","4.529412","4.718954","4.72549","4.666667","4.888889"
"ENLOE,HEATHER","1879","4.178977","4.147727","4.122159","4.252841","4.161932","4.068182","4.460227","4.202279","4.28125","4.642045"
"ENNES,MEGAN ELIZABETH","1880","4.638298","4.595745","4.702128","4.723404","4.723404","4.829787","4.957447","4.957447","4.851064","4.914894"
"ENQVIST,ANDREAS","1881","4.439394","4.363636","4.212121","4.378788","4.328125","4.234375","4.578125","4.6","4.453125","4.71875"
"ENSLOW,SAMANTHA MARIA","1882","4.390244","4.414634","4.390244","4.341463","4.333333","4.4","4.416667","4.514286","4.342857","4.583333"
"ENSZ,OLGA S","1883","4.57948","4.560694","4.58526","4.575145","4.82659","4.83815","4.864162","4.858382","4.855491","4.865607"
"ENTEZARI,ALIREZA","1884","4.031963","4.16895","3.60274","4.228311","3.857143","3.824074","4.175115","4.221198","4.105991","4.585253"
"EOM,JEUNGTAE","1885","4.666667","4.833333","4.833333","4.5","4.75","4.666667","4.916667","5","4.25","4.916667"
"ERCAN,DENIZ","1886","4.163265","4.183673","4.122449","4.204082","4.142857","4.408163","4.408163","4.428571","4.183673","4.612245"
"ERENGUC,NAZ","1887","4","4","4","4","5","5","5","5","5","5"
"ERENGUC,S SELCUK","1888","3.390625","3.515625","3.375","3.609375","3.375","3.59375","3.65625","4.28125","3.265625","3.953125"
"EREZ-NAVOT,DONNA","1889","4.673913","4.565217","4.652174","4.434783","4.772727","4.704545","4.818182","4.772727","4.840909","4.863636"
"EREZ,AMIR","1890","4.426829","4.5","4.463415","4.329268","4.54878","4.768293","4.768293","4.804878","4.621951","4.829268"
"ERNEST,MORGAN","1891","4.655172","4.517241","4.706897","4.534483","4.862069","4.724138","4.913793","4.87931","4.913793","4.931034"
"ERNY,JON","1892","4.357143","4.261905","3.928571","4.285714","4.380952","4.47619","4.571429","4.571429","4.5","4.52381"
"EROL,ONURSAL","1893","4.768786","4.716763","4.803468","4.716763","4.924855","4.861272","4.947977","4.913295","4.867052","4.982659"
"ESENWEIN,GEORGE RICHARD","1894","4.571429","4.285714","3.857143","4.285714","4.428571","4.714286","4.571429","4.571429","4.571429","4.428571"
"ESHRAGHI,ARIA","1895","4.371429","4.291429","4.28","4.422857","4.822857","4.84","4.828571","4.862857","4.828571","4.897143"
"ESKANDAR,MAHTAB","1896","3.948905","4.029197","4.189781","4.065693","3.985401","4.182482","4.357664","4.525547","3.912409","4.627737"
"ESMAEILI,SHAE","1897","3.5","3.44898","3.102041","3.704082","2.928571","3.010204","3.44898","3.367347","3.183673","3.826531"
"ESMAEILLOU,HAMID","1898","3.2","3.366667","3.833333","3.333333","3.333333","3.2","3.566667","3.433333","3.466667","3.766667"
"ESPAILLAT,SOPHIA ROSE","1899","4.571429","4.571429","4.714286","4.428571","4.857143","4.857143","5","5","4.857143","5"
"ESPERICUETA LUNA,WILL ADOLFO","1900","4.666667","4.5","4.666667","4.333333","4.333333","4.166667","4.666667","4.5","4.166667","4.666667"
"ESPRIELLA,ALICIA C","1901","4.45","4.4","4","4.2","4.05","4.35","4.4","4.45","4.3","4.5"
"ESQUIVEL-UPSHAW,JOSEPHINE F","1902","4.377907","4.337209","4.360465","4.366279","4.323353","4.317365","4.281437","4.365269","4.341317","4.401198"
"ESSEGBEY,JAMES","1903","4.318584","4.212389","4.292035","4.168142","4.539823","4.375","4.663717","4.495575","4.424779","4.707965"
"ESSER,KARYN","1904","4.565217","4.478261","4.565217","4.391304","4.47619","4.380952","4.619048","4.428571","4.571429","4.714286"
"ESTERLINE,ERIC C","1905","4.660194","4.580097","4.56068","4.558252","4.672316","4.723164","4.790368","4.787535","4.764873","4.798295"
"ESTERLINE,MARIA","1906","4.482759","4.425287","4.103448","4.471264","4.457971","4.602305","4.645533","4.651297","4.583815","4.605187"
"ESTEVEZ,KRISTIAN","1907","4.687873","4.673956","4.636183","4.626243","4.816733","4.802789","4.886454","4.880478","4.743028","4.898406"
"ESTRADA,AMARA HARI","1908","4.572165","4.56701","4.544674","4.560137","4.589744","4.6","4.635897","4.553846","4.6","4.674359"
"ESTRADA,JAMES","1909","4.384615","4.313609","3.952663","4.467456","4.440476","4.422619","4.452381","4.535714","4.60119","4.52381"
"ESTRELLA,ANGELICA CAROLINA","1910","3.888889","3.5","3.111111","3.5","5","5","5","5","5","5"
"ESTRIN,MITCHELL S","1911","4.8","4.8","4.8","4.8","4.966667","4.966667","4.966667","4.966667","4.966667","4.966667"
"ETTEMA,LAINIE JAIME","1912","4.709677","4.387097","4.806452","4.419355","4.580645","4.580645","4.677419","4.548387","4.612903","4.709677"
"ETTINGER,RITZY LUQUE","1913","4.62069","4.517241","4.741379","4.448276","4.810345","4.526316","4.913793","4.758621","4.810345","4.948276"
"EVANS-DONALDSON,BIANCA","1914","4.068966","3.965517","4.482759","4.172414","4.413793","4.724138","4.793103","4.551724","4.413793","4.758621"
"EVANS,AUSTIN","1915","4.490909","4.4","4.472727","4.4","4.663636","4.618182","4.727273","4.727273","4.618182","4.772727"
"EVANS,BARBARA JANET","1916","4.792135","4.696629","4.769663","4.702247","4.893258","4.711864","4.938202","4.870787","4.882022","4.938202"
"EVANS,CORY","1917","4","3.857143","3.428571","4.142857","3.857143","3.285714","4.285714","3","4.142857","4.714286"
"EVANS,DAN","1918","4.5","4.5","4.5","4.5","4.75","4.75","4.75","4.75","5","5"
"EVANS,ELIZABETH","1919","4.253968","4.222222","3.920635","4.269841","4.095238","4.47619","4.285714","4.571429","4.278689","4.333333"
"EVANS,GAYLE NELSON","1920","4.883117","4.753247","4.909091","4.662338","4.830986","4.642857","4.901408","4.774648","4.774648","4.943662"
"EVANS,VICTOR D","1921","4","4.154762","3.988095","4.071429","3.963855","4.190476","4.452381","4.488095","4.060241","4.654762"
"EVERETT III,JAMES W","1922","4.4625","4.3875","4.3875","4.31875","4.645669","4.590551","4.818898","4.653543","4.708661","4.834646"
"EVERSOLE,KARA","1923","4.545455","4.454545","4.727273","4.636364","4.727273","4.909091","4.818182","4.909091","4.454545","4.818182"
"EVERT,ERIC M","1924","4.888889","4.814815","4.777778","4.814815","4.925926","4.962963","4.962963","4.962963","4.962963","5"
"EWERT,JEANNE CAROL","1925","4.4","4.466667","4.8","4.533333","4.466667","4.533333","4.333333","4.733333","4.533333","4.8"
"EWETZ,RICKARD","1926","4.357143","4.428571","3.732143","4.339286","3.535714","3.803571","4.125","4.053571","4.053571","4.107143"
"EYDE-TUCKER,LUPITA","1927","4.64","4.68","4.6","4.52","4.6","4.32","4.76","4.56","4.52","4.8"
"EZENWA,MIRIAM O","1928","4.333333","4.380952","4.428571","4.285714","4.714286","4.761905","4.714286","4.809524","4.714286","4.809524"
"EZUKANMA,IZUCHUKWU OGUEJIOFO","1929","3.636364","3.797203","3.426573","3.846154","3.2","3.258824","3.494118","3.482353","3.27381","3.952381"
"EZZEDDINE,RANA","1930","4.425","4.3","4.4","4.425","4.475","4.2625","4.6125","4.6625","4.5125","4.8875"
"FACIOLA,ANTONIO","1931","4.356589","4.031008","4.209302","4.232558","4.310078","4.124031","4.565891","4.44186","4.372093","4.790698"
"FAGAN,ABIGAIL A","1932","4.529101","4.470899","4.47619","4.550265","4.619048","4.587302","4.73545","4.777778","4.719577","4.793651"
"FAHEY,ANN M","1933","3.75","4","3.75","4","4","3.5","4","3.25","4.5","4.5"
"FAHEY,JAMES J","1934","4.343284","4.089552","4.447761","4.283582","4.477612","4.38806","4.432836","4.507463","4.507463","4.671642"
"FAIFE CASAS,ANALIZ","1935","4.5","4.398551","4.384058","4.347826","4.377953","4.645669","4.503937","4.677165","4.425197","4.590551"
"FAIRBANKS,JAMES P","1936","3.39726","3.794521","3.972603","3.616438","3.328767","3.232877","4.09589","3.90411","3.068493","4.630137"
"FAIRCLOTH,ALLISON A","1937","4.684211","4.368421","4.578947","4.578947","4.947368","4.947368","4.894737","4.947368","4.947368","4.947368"
"FAIRLEY,DOMINIQUE ALISA","1938","3.60274","3.60274","3.09589","3.863014","3.180556","3.152778","3.507042","3.43662","3.366197","3.492958"
"FAJRE,STEPHANIE","1939","4.029412","3.882353","4.529412","3.852941","4.617647","4.617647","4.794118","4.794118","4.764706","4.794118"
"FAKUNLE,DAVID","1940","5","5","4.333333","5","5","5","5","5","5","5"
"FALK,CHRISTOPHER W","1941","4.154506","4.122318","4.143777","4.118026","4.086207","3.95914","4.157328","4.303879","3.967672","4.31681"
"FALK,MARISSA ROBBINS","1942","4.833333","4.791667","4.833333","4.708333","4.958333","4.958333","5","5","5","5"
"FALL,MACODOU","1943","3.970588","3.808824","4.014706","3.985294","3.953846","4.21875","4.2","4.076923","4.138462","4.276923"
"FALLACE,AMANDA M","1944","4","4","3.75","4","3.25","4","3.75","3.5","3.5","3.75"
"FAMIGLIETTI,JACK E","1945","4.339367","4.257919","3.737557","4.276018","3.914027","3.877273","4.177273","4.363636","4.226244","4.348416"
"FAN,CASTALY","1946","3.88","3.96","3.88","3.8","4.217391","4.391304","4.347826","4.304348","4.26087","4.434783"
"FAN,FAN","1947","4.857143","4.857143","4.714286","4.857143","5","5","5","5","5","5"
"FAN,HAICHEN","1948","4.142857","4.214286","4.357143","4.071429","4.357143","4.571429","4.714286","4.428571","4.571429","4.5"
"FAN,XIAO","1949","3.892157","3.970588","3.078431","4.078431","3.578431","3.911765","3.941176","4.22549","3.784314","3.960784"
"FAN,Z HUGH","1950","3.921875","4.046875","3.515625","4.15625","3.3125","3.734375","3.796875","4","3.34375","4.234375"
"FANELLI,GIANNA","1951","4.051724","4.12931","3.543103","4.060345","4.197183","4.267606","4.295775","4.323944","4.309859","4.225352"
"FANFAN,DANY","1952","4.371429","4.4","4.428571","4.371429","4.685714","4.771429","4.857143","4.8","4.771429","4.885714"
"FANG,DI","1953","4.272727","4.333333","4.030303","4.363636","4.393939","4.424242","4.484848","4.636364","4.515152","4.545455"
"FANG,MIN","1954","4.252688","4.193548","4.11828","4.096774","4.043243","4.086486","4.454054","4.586957","3.94086","4.725806"
"FANG,RUOGU","1955","4.482759","4.413793","4.275862","4.413793","4.62069","4.655172","4.741379","4.758621","4.586207","4.948276"
"FANG,ZHIHUI","1956","4.52","4.5","4.57","4.39","4.71","4.74","4.77","4.78","4.74","4.86"
"FANNING,CHARLIE","1957","4.385965","4.350877","4.157895","4.298246","4.425926","4.592593","4.592593","4.574074","4.574074","4.592593"
"FANT,JENNA GABRIELLE","1958","4.312102","4.388535","3.751592","4.356688","4.519481","4.61039","4.616883","4.681818","4.62987","4.574194"
"FANUCCI,GAIL E","1959","3.752632","3.794737","3.7","3.784211","3.637363","3.840659","4.049451","4.076923","3.961538","4.346154"
"FARACE,ANTHONY PAUL","1960","4.205674","4.224586","4.141844","4.241135","4.227723","4.449383","4.470149","4.569652","4.426434","4.467662"
"FARAHMANDI,FARIMAH","1961","4.166667","4.066667","3.926667","4.24","4.066667","3.873333","4.253333","4.186667","4.26","4.453333"
"FARAJI,MOJDEH","1962","3.857143","3.785714","4.285714","3.857143","4.153846","4.230769","4.142857","4.230769","4.214286","4.214286"
"FARAYOLA,VICTORIA OLUWABUKOLA","1963","4.190476","4.142857","4.380952","3.952381","4.47619","4.333333","4.619048","4.619048","4.52381","4.857143"
"FARINA,LISA LEE","1964","4.512739","4.493631","4.582803","4.452229","4.640187","4.607477","4.64486","4.663551","4.640187","4.752336"
"FARIS,RANDI WEITZEN","1965","3.456522","3.623188","2.985507","3.471014","2.861314","3.514493","3.108696","3.847826","3.161765","3.528986"
"FARLAND,MICHELLE Z","1966","3.863341","3.878525","3.939262","4.062907","3.785249","3.724512","3.657267","3.967462","3.986985","4.381779"
"FARMER,TIMOTHY","1967","3.969697","3.727273","4.30303","3.878788","4.363636","4.454545","4.787879","4.575758","4.666667","4.666667"
"FARNSWORTH,DEREK","1968","4.271429","4.252381","4.214286","4.271429","4.419048","4.442857","4.519048","4.561905","4.490476","4.590476"
"FARNUM,MEREDITH G","1969","4.020478","3.982935","4.129693","4.03413","4.178694","4.206186","4.498282","4.243986","4.19244","4.587629"
"FAROOQ,SAMIA","1970","4.846154","4.769231","4.846154","4.692308","3.846154","4.307692","4.230769","4.384615","4.230769","4.230769"
"FARRAH,DAN","1971","4.723684","4.736842","4.710526","4.671053","4.786667","4.813333","4.826667","4.88","4.786667","4.84"
"FARRER,MATTHEW","1972","4.272727","4.181818","4.272727","4.272727","4.727273","4.545455","4.727273","4.545455","4.727273","4.727273"
"FARRIOR JR,HUGH N","1973","3.714286","3.571429","3.857143","4.428571","4","3.714286","4.285714","4.571429","4.285714","4.428571"
"FATICA,LAWRENCE","1974","4.397015","4.125373","4.352239","4.274627","4.641566","4.561934","4.692771","4.661631","4.722892","4.704819"
"FAUST,ALLISON","1975","4.190476","4.095238","3.761905","4","4.421053","4.631579","4.684211","4.947368","4.578947","4.789474"
"FAZELI MASAYEH,SARA","1976","3.881356","4.067797","4.372881","4.084746","4.137931","4.413793","4.344828","4.568966","4.172414","4.310345"
"FAZLKHAH,NAZITA","1977","4.383929","4.25","4.535714","4.25","4.339286","4.482143","4.642857","4.589286","4.410714","4.633929"
"FEATHERSTONE,GINGER","1978","4.5","4.416667","4.416667","4.25","4.583333","4.416667","4.583333","4.666667","4.583333","4.666667"
"FEBO,MARCELO","1979","4.411765","4.294118","4.588235","4.176471","4.5625","4.666667","4.625","4.615385","4.5625","4.6875"
"FEDELE,DAVID","1980","4.9","4.8","4.9","4.8","5","5","5","4.9","4.9","4.8"
"FEELY,MICHAEL","1981","4.261905","4.142857","4.130952","4.107143","4.346667","4.22973","4.333333","4.28","4.32","4.333333"
"FEERST,KATIE","1982","4.017544","3.912281","3.947368","3.894737","4.22807","4.350877","4.526316","4.491228","4.175439","4.210526"
"FEIJOO GARCIA,PEDRO GUILLERMO","1983","4.578947","4.539474","4.671053","4.513158","4.77027","4.824324","4.837838","4.797297","4.810811","4.878378"
"FEILD,CARINDA J","1984","4.764706","4.529412","4.705882","4.647059","4.705882","4.647059","4.705882","4.764706","4.529412","4.823529"
"FEITO,MELISSA","1985","4.4","3.6","4.6","4.2","4","4","3.8","4.8","4.6","4.8"
"FELBAB,AMANDA","1986","4.26087","4.347826","3.913043","4.130435","4.521739","4.826087","4.826087","4.956522","4.73913","4.826087"
"FELDER,REATHEA OLIVIA","1987","4.379421","4.237942","4.299035","4.237942","4.423313","4.539877","4.638037","4.613497","4.435583","4.613497"
"FELICIANO,ARNOLD","1988","4.65","4.55","4.575","4.55","4.8","4.8","4.9","4.85","4.8","4.875"
"FELLER,YANIV","1989","4.063927","4.073059","4.383562","4.050228","4.525114","4.484018","4.671233","4.616438","4.506849","4.844749"
"FELT,MATTHIEU","1990","4.711934","4.580247","4.63786","4.650206","4.925926","4.893004","4.946502","4.934156","4.938272","4.967078"
"FELTON,KERA L","1991","4.241379","4.275862","3.717241","4.337931","3.872414","3.87931","4.204152","4.186207","4.096886","4.352941"
"FENG,JOY","1992","3.777778","3.777778","4.388889","4","3.388889","3.944444","4.5","4.5","3.555556","4.166667"
"FENG,KAIBO","1993","4.229167","4.229167","3.9375","4.208333","4.06383","4.085106","4.234043","4.382979","4.041667","4.510638"
"FENG,PHILIP","1994","4.27451","4.137255","3.117647","4.431373","3.4","3.46","3.82","4","3.82","3.96"
"FENG,YANG","1995","4.603448","4.577586","4.637931","4.482759","4.713043","4.773913","4.756522","4.808696","4.66087","4.852174"
"FENG,ZIXUAN","1996","4.25","4.5","4.75","4.25","3.75","4","4.25","4.75","3.75","5"
"FENNER,KELSEY LAUREN","1997","4.213483","4.134831","4.191011","4.224719","4.47191","4.629213","4.617978","4.629213","4.573034","4.685393"
"FENNESSEY,BRENNA MCWHORTER","1998","4.2","4.3","4.157143","4.2","3.9","4.16","4.34","4.22","4.2","4.42"
"FENSTER,MARK","1999","4.672131","4.553279","4.635246","4.581967","4.590164","4.349794","4.770492","4.762295","4.594262","4.745902"
"FERENCZY,ERIK T","2000","3.897959","3.530612","3.77551","3.632653","3.44898","3.489796","4.183673","4.346939","3.367347","4.632653"
"FERGUSON,PHOEBE","2001","4.294118","4.470588","4.294118","4.352941","4.411765","4.588235","4.764706","4.764706","4.647059","4.882353"
"FERNANDES,JULIANA B","2002","4.55814","4.593023","4.662791","4.511628","4.651163","4.604651","4.77907","4.755814","4.534884","4.860465"
"FERNANDEZ GARCIA,JESSIE","2003","4.256158","4.134647","3.91954","4.285714","4.172414","4.246305","4.522167","4.522241","4.244663","4.660099"
"FERNÁNDEZ GUEVARA,DANIEL J","2004","3.533333","3.333333","3.933333","3.866667","3.666667","3.2","3.866667","3.8","3.866667","4.8"
"FERNÁNDEZ-ROMERO,ROSARIO","2005","4.278481","4.291139","4.113924","4.329114","4.282051","4.35443","4.512821","4.620253","4.423077","4.397436"
"FERNANDEZ,BEN L","2006","4.352941","4.348416","4.570136","4.257919","4.475113","4.511312","4.696833","4.58371","4.411765","4.764706"
"FERNANDEZ,CHRISTOPHER MICHAEL","2007","4.235294","3.970588","4.588235","4.235294","4.529412","4.735294","4.852941","4.823529","4.764706","4.882353"
"FERNANDEZ,FRANK","2008","4.576923","4.653846","4.384615","4.653846","4.5","4.461538","4.653846","4.653846","4.653846","4.692308"
"FERNANDEZ,KEITH E","2009","4.75","4.75","4.833333","4.583333","4.75","4.583333","4.833333","4.916667","4.833333","4.916667"
"FERNANDEZ,MONICA A","2010","4.109312","4.064777","3.995951","4.129555","3.876033","3.938017","3.917355","3.871901","3.917355","4.057851"
"FERRALL-FAIRBANKS,MEGHAN C","2011","3.371795","3.5","3.576923","3.307692","3.423077","3.615385","3.987179","4.064103","3.551282","4.320513"
"FERRAO,LUIS FELIPE","2012","4.8","4.711111","4.644444","4.733333","4.911111","4.844444","4.866667","4.911111","4.866667","4.933333"
"FERRARO,CHRISTOPHER C","2013","4.27027","4.126126","4.09009","4.279279","4.162162","4.072072","4.531532","3.954955","4.225225","4.576577"
"FERRARO,MARIOLA J","2014","4.269373","4.150062","3.688807","4.284133","4.192118","4.183951","4.391358","4.419236","4.280443","4.389163"
"FERREIRA,JOAO PEDRO","2015","4.8","4.4","4.6","4.8","4.8","5","4.8","4.6","4.8","5"
"FERREIRA,LEONARDO F","2016","5","5","5","5","5","5","5","5","5","5"
"FERRIGNO,MICHAEL","2017","4.385542","4.337349","4.096386","4.180723","4.39759","4.590361","4.554217","4.590361","4.421687","4.409639"
"FERRIS,DANIEL PERRY","2018","3.989474","3.968421","4.126316","3.8","3.894737","3.842105","4.063158","4.231579","3.926316","4.547368"
"FICHERA,JOSEPH HUNTER","2019","4.086957","4.173913","4.043478","4.130435","4.695652","4.521739","4.695652","4.695652","4.695652","4.826087"
"FICKLIN,SUSANNA","2020","3.76087","3.673913","3.021739","3.608696","2.866667","3.304348","3.413043","3.304348","3.181818","3.688889"
"FIEGE,NADINE","2021","4.457143","4.257143","4.114286","4.257143","4.307692","4.692308","4.692308","4.769231","4.615385","4.615385"
"FIELD,CAITLIN ROSALIE","2022","4.160622","4.11399","4.290155","4.129534","4.170588","4.494253","4.456647","4.549708","4.364706","4.418605"
"FIELDS,DAUN","2023","4.413043","4.402174","4.652174","4.478261","4.662791","4.662791","4.767442","4.77907","4.732558","4.825581"
"FIELDS,KARIN GRACE","2024","4.727273","4.545455","4.727273","4.727273","4.909091","4.909091","4.909091","5","4.909091","4.909091"
"FIELDS,KATIE M","2025","3","2.8","2.6","3.4","2.8","3.8","3.2","3.5","3","3.2"
"FIGUEIREDO,RENATO JANSEN","2026","4.482143","4.464286","4.214286","4.464286","4.625","4.660714","4.5","4.767857","4.660714","4.696429"
"FIGUEROA ALDUNCE,ISABEL MARGARITA","2027","3.714602","3.692478","3.15708","3.882743","3.444695","3.689189","3.752252","3.932432","3.641084","3.761261"
"FIGUEROA GONZALEZ,AILYN","2028","3.814815","3.851852","4.185185","3.925926","3.814815","4.222222","4.037037","4.296296","3.925926","4.62963"
"FIK,TIMOTHY J","2029","4.671875","4.515625","4.546875","4.5625","4.84375","4.953125","4.875","4.921875","4.828125","4.984375"
"FILLA,CAITLYNN NICOLE","2030","4.47619","4.333333","4.380952","4.380952","4.666667","4.714286","4.809524","4.761905","4.619048","4.809524"
"FILLINGIM,ROGER BENTON","2031","4.082353","4","4.4","4.047059","4.4","4.392405","4.481013","4.410256","4.475","4.5375"
"FINK,ROBYN SHERRI","2032","4.75","4.5","4.5","4.75","5","5","5","5","5","5"
"FINLAY,ERIK A","2033","4.428571","4.428571","3.904762","4.285714","4.261905","4.738095","4.52381","4.690476","4.047619","4.404762"
"FIRPI FIGUEROA,CYNTHIA (CINDI)","2034","4.35124","4.280992","4.194215","4.285124","4.335135","4.464865","4.540541","4.454054","4.443243","4.459459"
"FISCHER,JONATHAN","2035","4.679825","4.679825","4.407895","4.653509","4.77193","4.789474","4.820175","4.859649","4.784141","4.806167"
"FISCHER,MICHAEL C","2036","4","3.963768","3.34058","4.123188","3.691176","3.656934","4.088235","4.144928","4.014706","4.080292"
"FISHER,CARLA L","2037","5","5","5","5","5","5","5","5","5","5"
"FISHER,GABRIELLE LYNN","2038","3.8","3.866667","4.466667","3.866667","3.833333","3.75","4.083333","3.833333","3.833333","3.916667"
"FISHER,JOSH","2039","4.204545","3.977273","3.613636","4.340909","3.795455","3.863636","4.227273","4.363636","4.295455","4"
"FISK-HOFFMAN,REBECCA J","2040","4.888889","4.888889","4.666667","4.888889","4.833333","4.944444","5","4.944444","5","4.944444"
"FITCH,ANDERSON KENT","2041","4.333333","4.25","3.625","4.333333","4.166667","4.333333","4.458333","4.625","4.291667","4.625"
"FITZ-COY,NORMAN G","2042","4","4.038961","3.909091","4.25974","3.818182","3.220779","3.688312","4.064935","3.701299","4.246753"
"FITZGERALD,MICHAEL","2043","4.136364","3.954545","3.681818","4.045455","3.727273","4.227273","4.363636","4.5","4.363636","4.5"
"FITZPATRICK,SARAH G","2044","4.6875","4.625","4.5","4.5625","4.466667","4.6","4.6","4.6","4.533333","4.6"
"FLAHERTY,MEREDITH P","2045","4.128205","4.064103","3.987179","4.064103","4.089744","4.25641","4.474359","4.551282","4.307692","4.589744"
"FLANAGAN,JOHN M","2046","4.525346","4.341014","4.686636","4.354839","4.543779","4.562212","4.423963","4.654378","4.56682","4.852535"
"FLANEGAN,JAMES B","2047","3.925926","3.703704","3.962963","4.148148","4.62963","4.592593","4.777778","4.777778","4.740741","4.925926"
"FLAVIN,BRIDGET","2048","4.263158","4.105263","3.894737","4.578947","4.157895","3.947368","4.315789","4.210526","4.315789","4.421053"
"FLEETWOOD,APRIL FAITH","2049","4.181818","4.272727","4.181818","4.181818","4.454545","4.545455","4.818182","4.727273","4.545455","4.727273"
"FLEMING,BRIANNE A","2050","4.631579","4.578947","4.515789","4.568421","4.680851","4.712766","4.797872","4.808511","4.765957","4.861702"
"FLEMMING,ADANIA","2051","4.25","4","3.75","3.75","3.5","3.75","3.5","3.5","3.25","4.75"
"FLESHMAN,SKYLER FIELDING","2052","4.423077","4.423077","4.5","4.346154","4.538462","3.923077","4.769231","4.538462","4.692308","4.846154"
"FLETCHER,BRAD S","2053","4.357143","4.142857","3.928571","4.357143","4.357143","4.357143","4.357143","4.357143","4.357143","4.285714"
"FLETCHER,EVELYN V","2054","4.238095","4.190476","4.047619","4.357143","4.309524","4.452381","4.404762","4.52381","4.428571","4.47619"
"FLETCHER,KATE H","2055","4.552901","4.494881","4.464164","4.491468","4.665529","4.798635","4.887372","4.87372","4.774744","4.901024"
"FLETCHER,RACHEL M","2056","3.888889","3.888889","4","3.777778","4.444444","4.333333","4.666667","4.444444","4.444444","4.555556"
"FLETCHER,ROBERT J","2057","4.916667","4.833333","4.916667","4.916667","5","4.916667","5","4.916667","5","5"
"FLINT,JEREMY J","2058","4.455959","4.388601","3.839378","4.466321","4.395604","4.48913","4.532967","4.617486","4.508287","4.532967"
"FLOCKS,JOAN","2059","4.5","4.333333","4.666667","4.666667","4.333333","4.5","4.666667","4.333333","4.5","4.833333"
"FLOM,JENNIFER","2060","3.936508","3.904762","3.396825","4.095238","3.344262","3.819672","3.716667","4.333333","3.6","4.15"
"FLOOD,IAN","2061","4.4375","4.515625","4.625","4.46875","4.75","4.90625","4.8125","4.90625","4.828125","4.890625"
"FLORES,CATHERINE","2062","4.555556","4.555556","4.444444","4.527778","4.588235","4.588235","4.647059","4.647059","4.676471","4.647059"
"FLORY,S LUKE","2063","4.6625","4.5125","4.6625","4.5625","4.725","4.556962","4.7625","4.725","4.7625","4.8875"
"FOERSTER,BRUCE","2064","5","4.75","4.75","4.5","5","5","4.75","5","5","5"
"FOGARTY,KATE","2065","4.412698","4.47619","4.365079","4.492063","4.629032","4.709677","4.709677","4.68254","4.507937","4.777778"
"FOGEL,JENNIFER D","2066","4.566667","4.4","4.55","4.4","4.616667","4.576271","4.733333","4.533333","4.516667","4.85"
"FOLEY,MIKE","2067","4.437811","4.455224","4.412935","4.360697","4.44","4.296203","4.48","4.5425","4.475","4.7975"
"FOLIMONOVA,SVETLANA YURYEVNA","2068","4.631579","4.552632","4.657895","4.578947","4.736842","4.783784","4.868421","4.868421","4.763158","4.921053"
"FOLTA,KEVIN M","2069","4.47619","4.437229","4.484848","4.437229","4.533937","4.235294","4.696833","4.38009","4.529412","4.886878"
"FONG,LARA LYNN","2070","4.725352","4.542254","4.676056","4.521127","4.880282","4.901408","4.915493","4.823944","4.894366","4.929577"
"FONSECA DE FARIA,ANDREIA","2071","4.584416","4.571429","4.480519","4.532468","4.350649","3.480519","4.727273","3.948052","4.272727","4.831169"
"FONTAN,LUKE ANTHONY","2072","3.981132","4.132075","3.603774","4.245283","3.188679","3.886792","4.226415","4.396226","3.09434","4.150943"
"FORACI,ANTHONY","2073","3.779661","3.898305","3.305085","3.983051","3.711864","4.084746","4.169492","4.322034","4","4.101695"
"FORBES,SEAN CHARLES","2074","4.562963","4.451852","4.333333","4.577778","4.777778","4.851852","4.822222","4.896296","4.703704","4.82963"
"FORBES,TEHQUIN D","2075","4.585526","4.401316","4.565789","4.664474","4.643357","4.643357","4.846154","4.769231","4.755245","4.839161"
"FORD,ANDY","2076","4.380952","4.333333","4.02381","4.333333","4.380952","4.658537","4.714286","4.634146","4.404762","4.738095"
"FORD,ISABEL MARIA","2077","4.685714","4.685714","4.828571","4.6","4.857143","4.942857","4.885714","4.942857","4.714286","4.914286"
"FORD,JOHN-PETER SPRINGER","2078","4.245098","4.181373","4.098039","4.318627","4.078818","4.305419","4.418719","4.394089","4.295567","4.413793"
"FORD,PATRICK","2079","4.801887","4.773585","4.811321","4.726415","4.877358","4.707547","4.924528","4.915094","4.877358","4.943396"
"FORDYCE,LACHLAN S","2080","2.55","2.7","3.15","3","4.05","4.15","4.25","3.95","4.5","4.65"
"FORESTANO,ROY THOMAS","2081","4.097561","4.195122","4","4.170732","4.6","4.775","4.8","4.85","4.525","4.75"
"FORGHANI,REZA","2082","3.75","3.5","3.35","3.6","4","3.95","4.05","3.95","4","4.5"
"FORGIONE,MELISSA LYNN","2083","4.202532","4.151899","4.417722","4.139241","4.294872","4.282051","4.615385","4.410256","4.448718","4.551282"
"FOROUTAN,FOROUGH","2084","3.75","3.75","4","3.25","4.25","4.25","4.5","4.5","4.25","4.75"
"FORREST,ALLISON LEIGH","2085","4.145455","3.963636","4.436364","4.290909","4.581818","4.654545","4.690909","4.672727","4.690909","4.654545"
"FORSMARK,CHRIS","2086","4.261905","4.142857","4.130952","4.107143","4.444444","4.3125","4.469136","4.358025","4.45679","4.469136"
"FORSYTH,RACHEL BRITTON","2087","4.75","4.75","4.833333","4.666667","4.666667","4.583333","4.833333","4.5","4.5","5"
"FORTE,ALESSANDRO","2088","3.89","4.03","4.07","4.18","4.397727","4.134831","4.5","4.393258","4.460674","4.831461"
"FORTE,DOMENIC J","2089","4.6","4.483333","4.391667","4.45","4.483333","4.416667","4.541667","4.625","4.516667","4.575"
"FORTES,JOSE A","2090","4.144231","4.134615","3.980769","4.096154","4.265823","4.164557","4.316456","4.405063","4.303797","4.405063"
"FORTHUN,LARRY","2091","4.611111","4.666667","4.555556","4.555556","4.5","4.277778","4.666667","4.555556","4.611111","4.555556"
"FORTNA,JEFFREY J","2092","4.809524","4.809524","4.666667","4.714286","4.952381","4.952381","5","5","4.952381","4.952381"
"FOSTER,DAVID A","2093","4.249258","4.181009","3.777448","4.299703","4.139073","3.993377","4.311258","4.397351","4.288079","4.374172"
"FOSTER,JAMIE S","2094","4.297436","4.2","3.837607","4.25812","4.164384","4.388316","4.27226","4.520548","4.410959","4.428082"
"FOSTER,JIM","2095","4.75","4.25","4.75","4.25","4.5","4.5","5","4.75","4.75","4.75"
"FOSTER,MARCEL","2096","3.9375","4.0625","3.375","4.125","3.5625","3.625","3.8125","3.875","3.6875","4.3125"
"FOSTER,SETH LINUS","2097","4.123596","4.11985","3.475655","4.134831","3.90625","4.115183","4.251309","4.193717","3.984211","4.157068"
"FOSTER,THOMAS C","2098","3.954545","3.636364","3.681818","4","4.047619","3.904762","4.272727","4.380952","4.272727","4.272727"
"FOTI,STEVEN JOSEPH","2099","4.50641","4.474359","4.333333","4.429487","4.564103","4.634615","4.711538","4.724359","4.589744","4.75641"
"FOULK,TREVOR A","2100","4.468354","4.367089","4.506329","4.417722","4.696203","4.683544","4.810127","4.759494","4.772152","4.848101"
"FOWLER,KIM","2101","3.950617","4.037037","4.037037","4.08642","4.075","4.0625","4.45","4.2375","4.2625","4.3875"
"FOX-ALVAREZ,STACEY","2102","3.764706","3.647059","3.764706","3.941176","4.357143","4.285714","4.571429","4.357143","4.714286","4.714286"
"FOX-ALVAREZ,WILLIAM ALEXANDER","2103","4.761905","4.571429","4.095238","4.666667","4.25","4","4.166667","4.166667","4.333333","4.333333"
"FOX,DAVID A","2104","4.678571","4.642857","4.535714","4.714286","4.785714","4.75","4.857143","4.857143","4.821429","4.571429"
"FOX,EMILY J","2105","4.54717","4.383648","4.459119","4.257862","4.716981","4.572327","4.735849","4.72956","4.742138","4.861635"
"FOX,JOSHUA E","2106","4.542683","4.515244","3.966463","4.47561","4.478528","4.30581","4.555215","4.651376","4.614679","4.702454"
"FOXX,RICARDA","2107","4.208609","3.993377","3.324503","4.195364","3.634146","4.059233","4.052265","4.211806","3.916376","4.055749"
"FOYET,METOLO","2108","3.555556","3.574879","3.256039","3.584541","3.298611","3.5","3.743056","3.5625","3.458333","3.805556"
"FRAISSE,CLYDE WILLIAM","2109","4.322581","4.225806","4.096774","4.193548","4.387097","4.387097","4.451613","4.451613","4.419355","4.451613"
"FRANCIS-FLOYD,RUTH","2110","4.633803","4.535211","4.549296","4.577465","4.788732","4.830986","4.816901","4.788732","4.788732","4.929577"
"FRANCIS,JASON","2111","4.219512","4.121951","4.195122","4.268293","4.463415","4.634146","4.658537","4.707317","4.634146","4.682927"
"FRANCIS,JESSICA","2112","4.435252","4.388489","4.406475","4.435252","4.673913","4.652174","4.781022","4.702899","4.746377","4.84058"
"FRANCK,ALAN","2113","4.75","4.75","4.75","4.75","5","5","5","5","5","5"
"FRANCOIS,MARC SONLEY","2114","4.204301","4.172043","4.021505","4.193548","4.032609","4.369565","4.413043","4.347826","4.152174","4.51087"
"FRANK,KATHRYN","2115","4.154762","4.095238","4.238095","4.214286","4.071429","4.190476","4.333333","4.297619","4.119048","4.440476"
"FRANKLIN,KATIE","2116","4.247525","4.178218","4.346535","4.138614","4.56","4.61","4.752475","4.594059","4.594059","4.722772"
"FRANKS,JACOB ALEXANDER","2117","4.125","4.125","3.458333","4.041667","3.954545","4.318182","4.363636","4.227273","4.136364","4.181818"
"FRANZ,BRYAN W","2118","4.384146","4.353659","4.268293","4.353659","4.396341","4.329268","4.359756","4.607362","4.560976","4.603659"
"FRASCA,KARA","2119","4.266667","4.233333","4.166667","4.1","4.3","4.7","4.433333","4.733333","4","4.466667"
"FRASER,BRITTNEY L","2120","4.713755","4.680297","4.66171","4.550186","4.597561","4.573171","4.609756","4.6","4.609756","4.621951"
"FRASER,GARETH JOHN","2121","4.0625","4.007812","4","4.140625","4.03125","3.703125","4.515625","3.867188","4.148438","4.710938"
"FRAZER,REBECCA DANIELLE","2122","4.564815","4.555556","4.601852","4.509259","4.638889","4.592593","4.731481","4.805556","4.722222","4.87037"
"FRAZIER,CHARLES JASON","2123","4.75","4.5","4","4.25","4.75","3.25","4.5","4.25","4.75","4.25"
"FRAZIER,RACHEL M","2124","4.21458","4.299862","4.449794","4.247593","4.503458","4.484094","4.735823","4.666205","4.562932","4.849239"
"FREAS,INDEE C","2125","4.282051","4.307692","3.871795","4.384615","4.102564","4.179487","4.410256","4.333333","4.358974","4.435897"
"FREBERG,KAREN JUNE","2126","4.45","4.55","4.05","4.4","4.6","4.4","4.65","4.55","4.65","4.7"
"FREBURG-HOFFMEISTER,DANIELLE LYNN","2127","4.697674","4.627907","4.697674","4.651163","4.883721","4.883721","4.883721","4.883721","4.883721","4.860465"
"FREEMAN,AMY","2128","3.827586","3.909814","3.888594","3.570292","3.68435","3.96817","4.084881","4.013263","3.737401","4.559682"
"FREEMAN,DAVID E","2129","4.447368","4.320175","4.460526","4.399123","4.754601","4.695652","4.797546","4.728395","4.742331","4.810976"
"FREEMAN,JARED TYLER","2130","4.933333","4.8","4.866667","4.866667","4.833333","5","5","5","5","4.833333"
"FREEMAN,JOHN GLENN","2131","4.375","4.375","4.583333","4.291667","4.208333","4.416667","4.375","4.416667","4.416667","4.791667"
"FREEMAN,REGINALD DION","2132","4.380952","4.285714","4.333333","4.333333","4.619048","4.761905","4.761905","4.761905","4.761905","4.809524"
"FREEMAN,SHEMA","2133","2.5","2.5","2.75","2.5","2.5","2.75","2.75","3.25","2.5","3.5"
"FREIFELD,ALICE","2134","4","3.333333","5","4.333333","4.666667","4.333333","4.333333","4.333333","4","4.666667"
"FRENZER,MEAGAN T","2135","4.294118","4.176471","4.441176","4.323529","4.676471","4.382353","4.852941","4.558824","4.852941","4.941176"
"FRESH,ELINORE L","2136","4.745614","4.701754","4.824561","4.684211","4.701754","4.780702","4.710526","4.807018","4.657895","4.850877"
"FRIDKIN,DUSTIN J","2137","4.717949","4.692308","4.641026","4.641026","4.769231","4.717949","4.871795","4.564103","4.769231","4.923077"
"FRIEDL,MATT","2138","4.241113","4.119011","3.87017","4.301391","4.082426","4.256211","4.374224","4.575428","4.298137","4.484472"
"FRIERSON,EMMA E","2139","4.323529","4.117647","4.661765","4.323529","4.80597","4.776119","4.835821","4.731343","4.761194","4.820896"
"FRIOU,DIANA STILES","2140","3.652174","3.73913","3.869565","3.695652","3.826087","4.26087","4.043478","4.173913","3.695652","4.304348"
"FRISA,IVANA MARIA","2141","4.366864","4.230769","4.544379","4.094675","4.541667","4.60119","4.785714","4.708333","4.571429","4.863095"
"FRNDJIBACHIAN,MAI","2142","3.707447","3.739362","3.521277","3.760638","4.333333","4.390244","4.382114","4.528455","4.292683","4.520325"
"FROMM,JASON STEVEN","2143","4.41189","4.303609","4.367304","4.314225","4.526767","4.556745","4.642398","4.616702","4.573876","4.665953"
"FROSCH,JOAN DIANE","2144","4.452381","4.47619","4.678571","4.309524","4.761905","4.809524","4.869048","4.678571","4.619048","4.952381"
"FRYE,KATHERINE ELIZABETH","2145","4.666667","4.111111","4.222222","3.888889","4.666667","5","4.666667","4.777778","4.333333","4.666667"
"FU,DANLING","2146","4.428571","4.095238","4.380952","4.333333","4.428571","4.714286","4.666667","4.52381","4.333333","4.714286"
"FU,JIE","2147","3.744681","3.989362","3.56383","4.042553","3.691489","3.691489","4.042553","4.095745","3.776596","4.170213"
"FU,RACHEL J.C","2148","4.533333","4.44","4.56","4.36","4.706667","4.773333","4.84","4.773333","4.693333","4.906667"
"FUCHS,KENT","2149","4.245455","4.090909","3.990909","4.236364","4.290909","4.463636","4.645455","4.718182","4.536364","4.718182"
"FUENMAYOR DE FERNANDEZ,JENNIFER","2150","5","5","5","4.888889","4.888889","4.888889","5","4.888889","5","5"
"FUENMAYOR,JESUS","2151","3.866667","4","3.866667","4.266667","3.466667","3.6","3.333333","3.8","3.333333","4.4"
"FUENTES,YERSON FABIAN","2152","4.523438","4.390625","4.640625","4.398438","4.804688","4.84375","4.882812","4.75","4.71875","4.898438"
"FUGLESTAD,CHRIS","2153","4.507937","4.47619","4.444444","4.333333","4.555556","4.634921","4.68254","4.730159","4.52381","4.777778"
"FUHR,JOSEPH","2154","3.571429","4","3","4.285714","2.714286","2.571429","3.571429","4","2.857143","3.428571"
"FUJII,KOTARO","2155","4.16129","4.150538","4.236559","4.150538","4.096774","4.182796","4.419355","4.301075","3.935484","4.569892"
"FUJIMOTO,MASANORI","2156","4.663158","4.621053","4.663158","4.684211","4.736842","4.778947","4.926316","4.863158","4.747368","4.936842"
"FULCHER,JAMES W","2157","4.675214","4.564103","4.273504","4.615385","4.688034","4.628205","4.782051","4.739316","4.75641","4.769231"
"FULDA,PAUL","2158","4.809524","4.809524","4.761905","4.428571","4.666667","4.714286","4.809524","4.857143","4.857143","4.761905"
"FULLER,CHRISTOPHER E","2159","4.560976","4.560976","4.682927","4.487805","4.902439","4.829268","4.902439","4.780488","4.853659","4.95122"
"FULLER,DAVID","2160","4.666667","4.25","4.583333","4.666667","4.727273","4.090909","4.909091","4.636364","4.818182","4.909091"
"FULLER,SAMANTHA","2161","4.692308","4.615385","4.692308","4.615385","5","5","5","5","5","5"
"FULTZ,PAMELA","2162","4.52809","4.47191","4.337079","4.258427","4.522727","4.83908","4.693182","4.862069","4.443182","4.704545"
"FUNG,TIFFANY","2163","4.466667","4.4","4.4","4.4","4.266667","4.533333","4.4","4.6","4.333333","4.466667"
"FUNICELLI,NICHOLAS ANTHONY","2164","4.5","4.535714","4.535714","4.571429","4.5","4.5","4.678571","4.571429","4.464286","4.821429"
"FUNKENBUSCH,LILU TIAN","2165","4.762712","4.720339","4.610169","4.661017","4.765217","4.869565","4.843478","4.869565","4.808696","4.86087"
"FURIC,IVAN KRESIMIR","2166","4.275","4.325","4.7","4.275","4.125","3.3","4.325","3.9","4.225","4.5"
"FURLONG,ANNEMARIE P","2167","4.581081","4.513514","4.405405","4.581081","4.527027","4.648649","4.77027","4.635135","4.648649","4.783784"
"FURST,JESSICA CLAIRE","2168","4.814815","4.592593","4.740741","4.62963","4.851852","4.37037","4.814815","4.777778","4.777778","4.962963"
"FURTNEY,SARAH","2169","4.501222","4.400978","4.342298","4.427873","4.644205","4.619946","4.797844","4.757412","4.811321","4.892183"
"FUTCH,CORINNE E","2170","4.078947","4.052632","3.526316","4.236842","3.815789","3.815789","4.368421","4.236842","4.210526","4.5"
"FUTTERKNECHT,FRANZ O","2171","4.272727","4.181818","4.272727","3.909091","4.363636","4.636364","4.636364","4.545455","4.272727","4.909091"
"GABEAU,RUBIN","2172","3.21875","3.28125","3.3125","3.15625","2.53125","2.5625","2.71875","2.4375","2.40625","2.84375"
"GABRIEL,DEAN W","2173","4.142857","4.142857","4.107143","4.035714","4.178571","4.222222","4.214286","4.285714","3.964286","4.392857"
"GABRIEL,DOUGLAS","2174","4.736264","4.637363","4.318681","4.692308","4.879121","4.824176","4.857143","4.89011","4.901099","4.945055"
"GABRIELLI,DAVID","2175","4","4","4","5","5","5","5","5","5","5"
"GABRIELLI,JOY","2176","4.534161","4.509317","4.267081","4.503106","4.596273","4.57764","4.73913","4.645963","4.689441","4.776398"
"GACSY,BRITTANY","2177","4.916667","4.916667","4.833333","4.75","5","4.833333","5","4.666667","4.833333","5"
"GADDIS,BENJAMIN","2178","4.625","4.425","4.575","4.375","4.8","4.75","4.925","4.85","4.9","4.95"
"GADDY,JACOB RONALD","2179","4.566667","4.533333","4.533333","4.366667","4.7","4.533333","4.666667","4.7","4.7","4.6"
"GADSBY,ELIZABETH D","2180","4.633229","4.514107","4.498433","4.583072","4.833856","4.918495","4.912226","4.896552","4.855799","4.949843"
"GAFAROV,MURAD","2181","4.680851","4.468085","4.595745","4.361702","4.891304","4.891304","4.869565","4.869565","4.891304","4.956522"
"GAFFEY,BETHANY M","2182","4.933333","4.8","4.866667","4.866667","5","5","5","4.928571","5","5"
"GAGE,JUSTIN RANDOLPH","2183","4.47619","4.52381","4.142857","4.333333","4.52381","4.428571","4.380952","4.428571","4.666667","4.52381"
"GAGE,NICHOLAS A","2184","5","5","4.5","5","5","4.5","5","5","5","5"
"GAINES,BRIANA","2185","4.4","4.34","3.92","4.42","4.22","4","4.32","4.22","4.44","4.58"
"GAINES,EMILY A","2186","4.71831","4.676056","4.676056","4.577465","4.742857","4.771429","4.757143","4.771429","4.728571","4.728571"
"GALDAVADZE,ANA","2187","3.786667","3.8","3.386667","3.786667","4.136364","4.422222","4.386364","4.340909","4.204545","4.477273"
"GALINDO CRUZ,RAFAEL RICARDO","2188","4.172414","4.195402","3.62069","4.252874","3.872093","4.034884","4.264368","4.218391","4.183908","4.126437"
"GALINDO,SEBASTIAN","2189","4.36","4.31","4.05","4.42","4.29","4.03","4.47","4.4","4.36","4.54"
"GALINSKI,ANDREA","2190","4.145833","4.072917","3.84375","4.0625","3.673684","3.836842","4.178947","4.121053","3.831579","4.263158"
"GALLAGHER,SAOIRSE P","2191","4.272727","4.227273","4.318182","4.295455","4.604651","4.302326","4.55814","4.744186","4.465116","4.953488"
"GALLASTEGUI MENOYO,AITOR","2192","4.495298","4.421108","4.522466","4.45977","3.992144","4.206742","4.250281","4.362205","3.808081","4.337079"
"GALLEGOS,BRITTANY ROSE","2193","4.597403","4.584416","4.558442","4.558442","4.727273","4.792208","4.818182","4.831169","4.74026","4.883117"
"GALLINGANE,CAITLIN","2194","4.592593","4.555556","4.472222","4.518519","4.775701","4.766355","4.82243","4.803738","4.738318","4.850467"
"GALLOWAY,ANNA BAIRD","2195","4.746615","4.719536","4.725338","4.630561","4.883946","4.847195","4.907157","4.897485","4.860735","4.93617"
"GALLOWAY,GLENN","2196","4.714286","4.714286","4.785714","4.714286","4.738095","4.833333","4.738095","4.880952","4.738095","4.97619"
"GALVAN,MARGARET","2197","4.798561","4.784173","4.841727","4.776978","4.906475","4.913669","4.964029","4.94964","4.913669","4.978417"
"GALVÃO,KLIBS","2198","4.183365","4.204159","4.374291","4.137996","4.458333","4.389868","4.617068","4.449561","4.54267","4.746171"
"GAMBA SEGOVIA,JOHAN ALEJANDRO","2199","3.906977","3.767442","4.023256","4","3.604651","4.023256","4.348837","4.44186","4.093023","4.534884"
"GAMBLE,DYLAN","2200","4.411765","4.5","4.411765","4.176471","4.705882","4.647059","4.794118","4.735294","4.705882","4.617647"
"GAMBLE,LESLEY","2201","4.555556","4.37037","4.666667","4.555556","4.666667","4.481481","4.703704","4.592593","4.555556","5"
"GAMBLE,SARAH","2202","3.988764","3.955056","3.872659","4.082397","4.090196","4.035573","4.286275","4.32549","4.227451","4.47451"
"GÁMEZ TANSEY,MALÚ","2203","4.092593","4.018519","4.425926","4.12963","4.306122","4.404255","4.489796","4.446809","4.387755","4.55102"
"GAMMONS,MURIELLE","2204","4.512821","4.487179","4.102564","4.512821","4.205128","4.25641","4.435897","4.153846","4.179487","4.589744"
"GANAPATHY PRASAD,PRIYADHARSHINI","2205","4.444444","4.444444","3.666667","4.222222","3.666667","4.222222","4.333333","4.666667","4.111111","4.666667"
"GANGULY,SOUMITRA","2206","3.9","3.9","4","3.9","4.9","4.9","5","4.9","5","4.9"
"GANIM,SARA E","2207","4.555556","4.777778","4.777778","4.555556","4.888889","4.222222","4.888889","4.333333","4.888889","4.777778"
"GANKOFSKIE,BETH TREAT","2208","4.206897","4.241379","4.517241","4.206897","4.367816","4.298851","4.632184","4.183908","4.16092","4.770115"
"GANLEY,KARLA YVONNE","2209","4.220779","4.038961","3.883117","4.077922","4.066667","3.946667","4.373333","4.146667","4.36","4.4"
"GANNON,JANE M","2210","4.362319","4.15942","4.246377","4.173913","4.4","4.5","4.483333","4.533333","4.533333","4.766667"
"GANSER,CLAUDIA","2211","5","4.666667","5","4.666667","5","5","5","5","5","5"
"GANT,PHYLINDIA C","2212","4.289474","4.280702","3.903509","4.385965","4.235294","4.303922","4.441176","4.480392","4.401961","4.45098"
"GAO,ALLIE","2213","4.619048","4.619048","4.666667","4.571429","4.857143","4.952381","4.952381","4.904762","4.952381","4.904762"
"GAO,GENHONG","2214","4.391304","4.391304","4.086957","4.304348","4.0625","4.1875","4.25","4.4375","4.3125","4.3125"
"GAO,JIAMENG","2215","3.8","3.6","3.8","3.8","4.6","5","4.6","4.4","4.4","4.6"
"GAO,XINTIAN","2216","4.315789","4.421053","4.368421","4.473684","4.555556","4.777778","4.833333","4.833333","4.833333","4.888889"
"GAO,XUEYAN","2217","4.333333","4.333333","4.333333","4.333333","4.666667","4.666667","4.666667","4.666667","4.666667","4.666667"
"GAO,YUAN","2218","3.964286","4.232143","3.982143","4.160714","4.25","4.285714","4.446429","4.482143","4.303571","4.5"
"GAO,ZHIFENG","2219","4.730769","4.769231","4.75","4.692308","4.711538","4.846154","4.807692","4.826923","4.673077","4.826923"
"GARBAS,BREANN L","2220","4.572954","4.508897","4.537367","4.505338","4.782918","4.779359","4.797153","4.807829","4.765125","4.843416"
"GARCIA DA CRUZ CANELLAS,BRUNA","2221","4.207207","4.225225","4.099099","4.18018","4.252252","4.306306","4.567568","4.423423","4.216216","4.504505"
"GARCIA FERRES,EVA AMAYA","2222","4.17","4.05","3.8","4.25","3.877778","4.263736","4.147727","4.472527","3.955056","4.235955"
"GARCIA MUNOZ,EMANUEL","2223","4.194444","4.138889","4.083333","4.25","4.277778","4.277778","4.583333","4.833333","4.166667","4.5"
"GARCIA-GUETTLER,KRISTINA","2224","4.559687","4.479452","4.360078","4.499022","4.678782","4.598626","4.817289","4.77527","4.804519","4.841847"
"GARCIA-ROSE,ISA MERCEDES","2225","4.866667","4.773333","4.853333","4.786667","4.906667","4.84","4.88","4.84","4.84","4.88"
"GARCIA,ALEX MICHAEL","2226","4.533333","4.6","4.733333","4.266667","4.866667","4.8","5","4.933333","4.8","5"
"GARCIA,BRUNA","2227","4.59","4.55","4.55","4.55","4.540816","4.561224","4.571429","4.581633","4.530612","4.612245"
"GARCIA,GABRIEL A","2228","4.52459","4.464481","4.434426","4.478142","4.732759","4.651297","4.793103","4.698276","4.744253","4.821839"
"GARCIA,JANELLE TERESA","2229","4.130435","4.152174","3.847826","4.086957","4.086957","4.5","4.456522","4.478261","4.108696","4.76087"
"GARCIA,JAVIER ANDRES","2230","4.11","4.12","4.1","4.16","4.333333","4.363636","4.565657","4.565657","4.555556","4.494949"
"GARCIA,LAWRENCE N","2231","4.492754","4.396135","4.42029","4.458937","4.509202","4.465839","4.588957","4.518519","4.579268","4.668712"
"GARCIA,MELISSA","2232","4.552632","4.368421","4.105263","4.605263","4.368421","4.105263","4.447368","4.105263","4.368421","4.526316"
"GARDNER,ANNA K","2233","4.676502","4.548999","4.514226","4.648051","4.850369","4.858799","4.900948","4.918862","4.903056","4.938883"
"GARDNER,DANNY","2234","4.642857","4.571429","4.071429","4.642857","4.5","4.5","4.785714","4.571429","4.714286","4.785714"
"GARDNER,KRISTIN J","2235","4","3.829268","3.634146","4.012195","3.987805","3.841463","4.146341","4.182927","3.987805","4.365854"
"GARDNER,LAURA DALO","2236","4.575342","4.493151","4.552511","4.39726","4.657277","4.704225","4.812207","4.746479","4.657277","4.821596"
"GARDNER,MOLLY ELIZABETH","2237","4.235294","4.264706","4.348039","4.254902","4.392157","4.191176","4.573529","4.45098","4.406863","4.759804"
"GARDNER,NICHOLAS","2238","3.813084","3.775701","3.242991","3.869159","3.712644","3.897727","3.91954","3.965517","3.988506","4.127907"
"GARG,SONALI","2239","4.428571","4.285714","4.428571","4.142857","4.428571","4.285714","4.428571","4.285714","4.285714","4.428571"
"GARIS,ELIZABETH J","2240","4.368421","4.315789","4.157895","4.342105","4.473684","4.789474","4.605263","4.710526","4.421053","4.657895"
"GARLAND,TIZA","2241","4.307692","4.461538","4.307692","3.923077","4.545455","4.636364","4.090909","4.454545","4.636364","4.727273"
"GARLITZ,DUSTIN BRADLEY","2242","4.357143","4.5","4.142857","4.357143","4.214286","4.714286","4.5","4.857143","4.357143","5"
"GARLITZ,JAY HARRIS","2243","4.530864","4.493827","4.469136","4.493827","4.666667","4.634921","4.714286","4.666667","4.634921","4.714286"
"GARNER,JAMIE","2244","4.524793","4.421488","4.35124","4.483471","4.466942","4.450413","4.603306","4.673554","4.586777","4.652893"
"GARNER,REGAN","2245","4.771429","4.471429","4.871429","4.685714","4.914286","4.928571","4.942857","4.957143","4.928571","4.971429"
"GARNICA DIAZ,CLAUDIA JULIANA","2246","4.333333","4.2","4.222222","4.111111","4.744186","4.930233","4.883721","4.883721","4.767442","4.930233"
"GARRETT,KAREN","2247","4.75","4.666667","4.75","4.583333","4.5","4.583333","4.666667","4.666667","4.583333","4.916667"
"GARRETT,TIMOTHY J","2248","4.142857","4.030612","4.387755","4.071429","4.43617","4.408602","4.553191","4.456522","4.468085","4.574468"
"GARRIDO,ANA MARIA","2249","4.132911","4.107595","3.544304","4.126582","3.757962","3.713376","4.280255","4.299363","4.203822","4.324841"
"GARRISON,KELSEY MORGAN","2250","4.467742","4.419355","4.564516","4.451613","4.677419","4.786885","4.887097","4.868852","4.790323","4.83871"
"GARRISON,SELENA TIARA","2251","4.486405","4.39577","3.930514","4.471299","4.326284","4.628399","4.643505","4.719033","4.480363","4.673716"
"GARRISON,THOMAS","2252","4.348837","4.395349","3.883721","4.325581","2.85","3.225","3.125","3.6","3.1","3.125"
"GARS,JARED E","2253","4.026515","4.011364","3.621212","4.155303","3.893536","4.103053","4.281369","4.315589","4.212928","4.368821"
"GARVAN,FRANK","2254","4.465347","4.554455","4.514851","4.60396","4.514851","4.49505","4.633663","4.60396","4.514851","4.752475"
"GARVEY,THOMAS CHARLES","2255","4.206718","4.069767","4.111111","4.29199","4.51938","4.403101","4.764858","4.578811","4.70801","4.81137"
"GARVEY,TIMOTHY P","2256","4.928571","4.928571","4.928571","4.928571","5","5","5","5","5","5"
"GARY,KRISTEN NATASHA","2257","4.246073","4.167539","3.942408","4.319372","4.112","4.165354","4.256","4.248","4.208","4.232"
"GASDOW,ASHLEY K","2258","4.384615","4.282051","4.615385","4.410256","4.564103","4.74359","4.769231","4.717949","4.692308","4.820513"
"GASSMAN,MATTIAS PHILIP","2259","4.053333","4.053333","4.56","4.106667","4.506667","4.613333","4.653333","4.824324","4.36","4.92"
"GASSON,EVA","2260","4.59375","4.5625","4.453125","4.546875","4.609375","4.8125","4.796875","4.765625","4.71875","4.75"
"GASTADOR,MADDY","2261","4.421053","4.052632","4.473684","4.368421","4.631579","4.578947","4.736842","4.631579","4.684211","4.578947"
"GATHIRU,ANTONY GITEI","2262","4.432432","4.297297","3.297297","4.486486","3.8","4.028571","4.342857","4.457143","4.171429","4.228571"
"GATSCHE,ALLISON M","2263","4.164557","4.050633","4.367089","4.113924","4.468354","4.594937","4.658228","4.64557","4.607595","4.759494"
"GATTONE,CHARLES F","2264","4.641026","4.606838","4.692308","4.632479","4.794872","4.752137","4.880342","4.777778","4.777778","4.880342"
"GAUDREAULT,BRIGITTE N","2265","4.323529","4.294118","4.323529","4.235294","4.444444","4.444444","4.592593","4.518519","4.37037","4.740741"
"GAUGER,LAURIE M","2266","4.727273","4.657025","4.607438","4.702479","4.797521","4.842975","4.826446","4.859504","4.842975","4.884298"
"GAUTHIER,NICK","2267","5","5","5","4.785714","4.928571","4.785714","4.928571","4.857143","4.785714","4.857143"
"GAVRILOS,ANASTASIA YVONNE","2268","3.876812","3.978261","4.123188","3.949275","4.620438","4.554745","4.781022","4.678832","4.744526","4.824818"
"GAZDA,STEFANIE K","2269","3.755959","3.735528","3.227015","3.827469","3.348917","3.637714","3.762557","4.072","3.64","3.866438"
"GE,BAOYUN","2270","4.261538","4.092308","3.938462","4.215385","3.953846","4.261538","4.230769","4.553846","3.969231","4.523077"
"GE,GE","2271","4.563636","4.581818","4.236364","4.490909","4.472727","4.654545","4.709091","4.709091","4.527273","4.690909"
"GEBERT,TESSA MARIE","2272","3.906977","3.953488","4.395349","3.930233","4.465116","4.674419","4.395349","4.744186","4.72093","4.627907"
"GEER,ELYSSA A","2273","4.654545","4.527273","4.327273","4.509091","4.472727","4.472727","4.763636","4.727273","4.563636","4.709091"
"GEFFNER,GLENN","2274","4.428571","4.428571","4.285714","4.428571","4.571429","4.571429","4.571429","4.571429","4.571429","4.571429"
"GEIGER,CHRIS","2275","4.5","4.525862","4.422414","4.323276","4.586207","4.659483","4.715517","4.728448","4.625","4.810345"
"GEIGER,MACY G","2276","4.777778","4.666667","4.666667","4.444444","4.888889","4.888889","4.888889","4.777778","4.666667","5"
"GELDRICH,PETER M","2277","4.571429","4.285714","4.571429","4.571429","5","4.857143","5","4.428571","5","5"
"GELIS-CADENA,KARINA","2278","4.216418","4.186567","3.921642","4.291045","4.086142","4.199248","4.539326","4.588015","4.127341","4.730337"
"GELLER,NICOLE PEREZ","2279","4.125","4.125","3.625","4.125","4.125","4.5","4.5","4.75","4.25","4.5"
"GENDREAU,BRIAN","2280","4.048276","4.094253","3.970115","4.188506","4.059908","4.322581","4.200461","4.419355","4.071429","4.4447"
"GENERAL,COURTNEY","2281","4.066667","3.933333","4.666667","4.266667","4.466667","4.533333","4.666667","4.666667","4.466667","4.733333"
"GENERALE,MICHAEL S","2282","4.582524","4.553398","4.737864","4.466019","4.514563","4.524272","4.815534","4.699029","4.495146","4.941748"
"GENEROSO,CALEB EATHAN PALOMPO","2283","4.7","4.7","4.733333","4.5","4.7","4.533333","4.866667","4.733333","4.433333","4.8"
"GENTRY,MATTHEW S","2284","4.8","5","5","4.6","4.8","5","5","4.8","4.6","4.6"
"GENTRY,RICHARD JOHN","2285","4.398773","4.343558","4.03681","4.294479","4.493827","4.521472","4.595092","4.552147","4.380368","4.693252"
"GEORGE,CHRISTIAN P","2286","4.923077","4.846154","4.923077","4.769231","5","4.923077","5","4.923077","5","5"
"GEORGE,THOMAS J","2287","4.186275","4.058824","4.098039","4.117647","4.333333","4.229885","4.344444","4.261364","4.348315","4.370787"
"GERBER,STEFAN","2288","4.666667","4.571429","4.690476","4.333333","4.857143","4.857143","4.97619","4.880952","4.595238","4.952381"
"GERIEN-CHEN,JAMES","2289","4.295455","4.204545","4.340909","4.159091","4.113636","3.863636","4.045455","4.318182","4.113636","4.613636"
"GERLACH,NICOLE","2290","3.799824","3.694004","3.381834","3.87037","3.820106","3.7553","4.077601","4.262136","4.085538","4.518519"
"GERMAN-COLEY,MARIANO","2291","4.795918","4.744898","4.846939","4.653061","4.897959","4.918367","4.795918","4.877551","4.714286","4.979592"
"GERNERT,AURORA","2292","4","4","3.6","3.8","2.75","3.25","3.5","3.25","3.25","3.5"
"GERSON,VICTORIA R","2293","3.337079","3.505618","3.376404","3.38764","3.152866","3.588608","3.624204","3.835443","3.537975","3.700637"
"GERTLER,JOSHUA HARRIS","2294","4","4.090909","3.836364","4.127273","4","4.463415","4.230769","4.3","4.125","4.15"
"GESUELLI,KELLY-ANN","2295","4.583333","4.5","4.75","4.5","4.583333","4.416667","4.833333","4.666667","4.833333","4.833333"
"GETHICKER,SYLVIA P","2296","4.75","4.75","4.694444","4.638889","4.888889","4.972222","4.972222","4.888889","4.75","4.972222"
"GHADGE,RAVI","2297","4.553846","4.461538","4.411538","4.478846","4.601923","4.521154","4.784615","4.690385","4.719231","4.819231"
"GHANIMI,ZIAD","2298","4.555556","4.333333","4.333333","4.444444","4.333333","4.666667","4.555556","4.555556","4.666667","4.888889"
"GHARAIBEH,RAAD","2299","4.296703","4.164835","4.175824","4.120879","4.24359","4.194805","4.25641","4.220779","4.24359","4.25641"
"GHATAK,SUVENDU","2300","3.894737","3.973684","3.578947","4.394737","3.552632","3.184211","3.947368","3.894737","3.894737","3.973684"
"GHEISARI,MASOUD","2301","4.273859","4.182573","4.024896","4.244813","4.017021","4.2","4.302128","4.33617","4.225532","4.391489"
"GHIOTTI,NARAYAN D","2302","4.166667","4.083333","4.333333","4.125","4.125","4.208333","4.333333","4.083333","4","4.541667"
"GHOSH,MALAY","2303","4.525","4.35","4.375","4.5","4.375","4.475","4.6","4.692308","4.325","4.725"
"GIANG,WAYNE CHI WEI","2304","3.886598","4.113402","3.824742","4","3.608247","3.948454","4.123711","4.494845","3.886598","4.412371"
"GIANGRANDE,JENNIFER L","2305","4.414474","4.375","3.927632","4.355263","4.526316","4.690789","4.697368","4.756579","4.605263","4.657895"
"GIANNADAKI,IFIGENEIA","2306","3.820896","3.708955","3.902985","4.067164","4.015038","4.067164","4.180451","4.308271","4.074627","4.789474"
"GIASSON,BENOIT","2307","4.632184","4.517241","4.511494","4.465517","4.371795","4.434211","4.518987","4.535948","4.467949","4.56051"
"GIBBONS,LORI","2308","4.223684","4.184211","3.802632","4.328947","4.253333","4.36","4.447368","4.434211","4.407895","4.605263"
"GIBBS BARRIENTOS,DANIELLE","2309","4.193548","4.225806","4.322581","4.33871","4.290323","4.483871","4.548387","4.612903","4.419355","4.774194"
"GIBSON,BETH ANDERSON","2310","4.272727","4.090909","4.727273","4.363636","4.727273","4.454545","4.636364","4.454545","4.636364","4.727273"
"GIBSON,CHRIS L","2311","4.503356","4.42953","4.469799","4.530201","4.590604","4.449664","4.751678","4.442953","4.630872","4.852349"
"GIBSON,FRANK","2312","5","5","5","5","4.666667","5","5","5","5","5"
"GIBSON,HEATHER JULIE","2313","4.528796","4.481675","4.455497","4.518325","4.575916","4.565445","4.675393","4.769634","4.65445","4.816754"
"GIBSON,MICHELLE ZAZAAX","2314","4.142857","4.428571","4.714286","4.285714","4.428571","4.714286","4.714286","4.714286","4.428571","4.714286"
"GIFFORD,TREY","2315","4.477273","4.386364","4.409091","4.477273","4.767442","4.813953","4.837209","4.837209","4.813953","4.860465"
"GIGLIO,ROBSON","2316","4","4","4","4.5","4.5","4.5","4.5","4.5","4.5","4.5"
"GILA,BRENT P","2317","4.875","4.6875","4.875","4.75","4.875","4.5625","4.9375","4.625","4.875","5"
"GILBERT,PAMELA K","2318","4.51","4.38","4.47","4.46","4.59","4.59","4.63","4.63","4.62","4.9"
"GILDEN,SUSAN M","2319","4.5","4.333333","4.5","4.333333","4.666667","4.666667","4.666667","4.5","4.666667","4.833333"
"GILES,LEXUS SHAMBRIA","2320","4.65","4.6","4.75","4.3","4.4","4.4","4.75","4.15","4.35","4.75"
"GILL JR,RONALD E","2321","4","4","3.6875","4.166667","3.854167","3.916667","4.125","3.9375","3.916667","4.1875"
"GILLAND,DAVID R","2322","4.875","4.75","4.75","4.708333","4.916667","4.708333","4.958333","4.916667","4.875","4.916667"
"GILLEN,KATIE P","2323","4.5","4.5","4.555556","4.5","4.944444","4.944444","4.888889","4.888889","4.888889","4.944444"
"GILLEN,MARTIE","2324","4.53605","4.445141","4.0721","4.482759","4.304075","4.53605","4.545455","4.650943","4.482759","4.579937"
"GILLENTINE,EVAN ORHAN","2325","4.592593","4.592593","4.703704","4.37037","4.925926","4.888889","4.925926","4.925926","4.888889","4.925926"
"GILLESPIE,JIM","2326","4.319277","4.289157","4.307229","4.361446","4.176829","4.288344","4.402439","4.5","4.365854","4.493902"
"GILLESPIE,KENNETH L","2327","4.823529","4.745098","4.843137","4.745098","4.901961","4.823529","4.941176","4.921569","4.862745","4.980392"
"GILLESPIE,SUSAN D","2328","4.209302","4.110465","3.872093","4.261628","4.226744","4.447059","4.319767","4.587209","4.383721","4.534884"
"GILLETT,LAUREN ELIZABETH","2329","4.075","4.05","4.1125","4.05","4.441558","4.551282","4.589744","4.679487","4.571429","4.653846"
"GILLETTE,VANESSA","2330","3.615385","3.626374","3.681319","3.505495","4.505495","4.659341","4.714286","4.747253","4.692308","4.791209"
"GILLEY,KEVIN L","2331","4.450331","4.390728","4.470199","4.496689","4.556291","4.682119","4.801325","4.847682","4.675497","4.774834"
"GILLIAM,TYELER LEE","2332","4.615385","4.461538","4.692308","4.615385","4.230769","4.615385","4.692308","4.538462","4.538462","4.769231"
"GILLOOLY,JAMES FRANCISCUS","2333","4.22157","4.080619","3.89055","4.147891","4.439678","4.281418","4.678457","4.579088","4.600214","4.773848"
"GILOR,CHEN","2334","4.579637","4.545363","4.506048","4.52621","4.368693","4.303385","4.394057","4.433766","4.341085","4.554839"
"GILOR,SHIR","2335","4.582734","4.539568","4.563549","4.534772","4.365517","4.370242","4.527586","4.451724","4.368966","4.612457"
"GIMENEZ,GUADALUPE","2336","4.453846","4.338462","4.553846","4.253846","4.792308","4.807692","4.892308","4.861538","4.846154","4.815385"
"GINSBURG,ADAM","2337","4.25","4.270833","4.458333","4.145833","4.4375","4.375","4.583333","4.708333","4.354167","4.833333"
"GINWAY,LIBBY","2338","4.65","4.633333","4.783333","4.716667","4.683333","4.766667","4.816667","4.8","4.433333","4.866667"
"GITS,MADISON","2339","4.5","4.166667","4.5","4.166667","4","4.5","4.25","4.75","3.75","3.75"
"GITTO,PETER ROBERT","2340","4.1875","4.0625","4.125","4.375","3.9375","3.9375","4.3125","4","4.0625","4.4375"
"GITZENDANNER,MATT","2341","4.486207","4.313793","4.134483","4.468966","4.388889","4.463415","4.707317","4.715278","4.607639","4.738676"
"GIULIANI,SARAH ELLEN","2342","4.58209","4.477612","4.179104","4.492537","4.378788","4.530303","4.590909","4.636364","4.651515","4.636364"
"GIUSTI-RODRIGUEZ,PAOLA","2343","4.518519","4.296296","4.666667","4.407407","4.62963","4.692308","4.777778","4.769231","4.666667","4.814815"
"GLADDYS,KATERIE","2344","4.508197","4.360656","4.754098","4.196721","4.655738","4.786885","4.770492","4.737705","4.508197","4.819672"
"GLAKHOVA,TATIANA V","2345","3.888889","3.925926","4.37037","3.666667","3.88","4.08","4.48","4.24","3.76","4.56"
"GLEN,GEORGE","2346","3.538462","3.384615","4.076923","3.5","3.96","4.08","4.4","4.2","4","4.44"
"GLIDDEN,CHRISTOPHER W","2347","4.371429","4.285714","4.142857","4.371429","4.257143","4.485714","4.571429","4.542857","4.571429","4.6"
"GLIESCHE,JULES D","2348","4.5","4.5","4.5","4.5","4.5","4","4.5","4","4.5","5"
"GLIWA,KEELY NICOLE","2349","3.6","3.6","3.3","3.633333","3.333333","3.8","3.866667","4.266667","3.533333","4.133333"
"GLOTZER,PAIGE","2350","4.448276","4.431034","4.448276","4.405172","4.6","4.547826","4.704348","4.686957","4.591304","4.852174"
"GLOVER,ANDREW MICHAEL","2351","4.225","4.225","4.225","4.3","4.15","4.225","4.35","4.475","4.25","4.525"
"GLOVER,SABRINA JEAN","2352","4.677419","4.602151","4.677419","4.494624","4.903226","4.892473","4.924731","4.924731","4.924731","4.946237"
"GMITTER JR,FRED G","2353","4.8","4.7","4.55","4.75","4.45","4.15","4.5","4.4","4.45","4.45"
"GODA,NORMAN JW","2354","5","4.857143","4.857143","4.857143","4.857143","4.571429","5","4.714286","4.857143","5"
"GODDARD,CHRISTOPHER D","2355","4","3.931034","4.206897","4.137931","3.964286","3.964286","4.071429","4.392857","4.035714","4.428571"
"GODFREY,R. KEATING","2356","4.769231","4.692308","4.846154","4.538462","4.961538","4.923077","4.923077","4.923077","4.923077","4.961538"
"GOEBEL,DON ELMER","2357","4.333333","4","4.333333","4.333333","4","4.333333","4.666667","4.333333","4.333333","5"
"GOELZ,JENNY","2358","3.2","3.6","3.4","3","4.333333","4.333333","4.666667","5","5","5"
"GOETZ,ANDREW D","2359","3.606061","3.848485","3.757576","3.939394","4.060606","4.333333","4.333333","4.393939","4.242424","4.393939"
"GOETZ,JACOB M","2360","3.888889","3.444444","4.666667","3.666667","3.666667","3.888889","4.666667","4.333333","3.888889","4.666667"
"GOFF,CASSIE","2361","4.146341","4.186992","4.373984","4.130081","4.577236","4.658537","4.699187","4.699187","4.666667","4.723577"
"GOFORTH,MOLLY E","2362","4.278689","4.278689","4.295082","4.229508","4.508197","4.508197","4.540984","4.688525","4.57377","4.754098"
"GOGOLISHVILI,MARIAMI","2363","4.6","4.2","4.4","4.8","4.666667","4.666667","5","4.666667","4.666667","5"
"GOHEL,ANITA","2364","4.642857","4.619048","4.52381","4.595238","4.761905","4.642857","4.738095","4.642857","4.690476","4.809524"
"GOHEL,RAJ","2365","4.615385","4.615385","4.564103","4.606838","4.688312","4.69697","4.722944","4.731602","4.727273","4.744589"
"GOINS,JESSICA","2366","4.588235","4.588235","4.647059","4.588235","4.642857","4.714286","4.714286","4.785714","4.714286","4.928571"
"GOLD,JAANA T","2367","4.102981","4.02168","3.850949","3.99729","3.901907","3.950954","3.945504","4.016349","3.978202","4.06812"
"GOLD,MARTIN ARNOLD","2368","4.014388","3.985612","3.676259","4.05036","3.630435","3.514493","3.669065","3.690647","3.791367","4.294964"
"GOLD,MATTHEW REESE","2369","4.722222","4.611111","4.777778","4.777778","4.388889","4.722222","4.888889","4.777778","4.555556","4.555556"
"GOLDBERG,LINDSEY A","2370","4.714286","4.619048","4.722222","4.68254","4.793651","4.456","4.873016","4.857143","4.801587","4.928571"
"GOLDBERG,MICHAEL","2371","4.275862","4.241379","3.965517","4.275862","4.185185","4.407407","4.333333","4.444444","4.296296","4.37037"
"GOLDEN,TASHA","2372","5","5","5","4.75","5","5","5","5","5","5"
"GOLDHABER,CHARLES ABRAHAM","2373","4.531915","4.478723","4.680851","4.468085","4.734043","4.5","4.648936","4.691489","4.648936","4.861702"
"GOLDMAN,CANAAN REUBEN","2374","5","5","5","4.833333","5","5","5","5","4.833333","5"
"GOLDWIRE,TAVIS RYLAN","2375","4.363636","4.30303","4.515152","4.030303","4.666667","4.575758","4.848485","4.666667","4.787879","4.787879"
"GOLOMB,ZOE DANIELLE","2376","4.5","4.333333","4.333333","4.5","4.666667","3.833333","4.666667","4.166667","4.666667","4.666667"
"GOLOMBEK,PAULA","2377","4.563218","4.482759","4.712644","4.471264","4.770115","4.770115","4.804598","4.747126","4.724138","4.908046"
"GOMES DE SIQUEIRA,ALEXANDRE","2378","4.18399","4.205617","3.571982","4.061975","3.939669","3.918208","4.355707","4.375365","4.22406","4.516213"
"GOMEZ LOMELI,LUIS FELIPE","2379","4.53125","4.46875","4.695312","4.453125","4.84375","4.71875","4.914062","4.796875","4.773438","4.984375"
"GOMEZ VARGAS,CELINA D","2380","5","5","4.5","5","3.5","3","4","4","3.5","3.5"
"GOMEZ-MONEDERO,FERNAN","2381","4.290323","4.193548","4.483871","4.311828","4.445652","4.597826","4.771739","4.641304","4.423913","4.902174"
"GOMEZ,LAURA REGINA","2382","4.571429","4.539683","4.31746","4.47619","4.571429","4.714286","4.634921","4.68254","4.555556","4.666667"
"GONÇALVES,RONALD","2383","4.656827","4.608856","4.559041","4.538745","4.657778","4.589286","4.697778","4.608889","4.684444","4.751111"
"GONCHER,ANDREA","2384","4.052257","4.144893","3.997625","3.902613","3.969048","4.207637","4.507143","4.427208","4.211905","4.671429"
"GONELLA DIAZA,ANGELA MARIA","2385","4","4.333333","4.333333","4.333333","4.666667","4.666667","4.666667","4.666667","4.666667","4.666667"
"GONG,KUANG","2386","4.23","4.16","4.07","4.22","4.22","4.42","4.54","4.73","4.17","4.8"
"GONI-LESSAN,ANA C","2387","4.285714","4.571429","4.357143","4.285714","4.857143","4.571429","4.928571","4.785714","4.785714","5"
"GONSALVES,VIVIAN E","2388","4.705263","4.6","4.378947","4.642105","4.648936","4.712766","4.851064","4.829787","4.776596","4.797872"
"GONYEAU,HEATHER L","2389","4.100917","4.073394","4.183486","4.165138","4.330275","4.431193","4.59633","4.623853","4.559633","4.651376"
"GONZAGA,LUIZ H","2390","4.666667","4.666667","4.666667","4.666667","4","4","4","4","4","4"
"GONZALES TOVAR,JAZMIN","2391","4.818182","4.727273","4.909091","4.545455","4.909091","4.909091","4.818182","4.545455","4.818182","5"
"GONZALES,LAURA","2392","4.74359","4.769231","4.769231","4.74359","4.846154","4.871795","4.897436","4.897436","4.794872","4.897436"
"GONZALEZ BARRIENTOS,CRISTY ROCIO","2393","4.32967","4.296703","4.318681","4.285714","4.333333","4.275362","4.463768","4.333333","4.376812","4.463768"
"GONZALEZ DUQUE,ANGUIE XIOMARA","2394","4.2","4.4","4.4","4.4","4.7","4.8","4.8","4.8","4.7","4.8"
"GONZALEZ PEREZ,ALI","2395","4.480769","4.403846","4.403846","4.384615","4.294118","4.313725","4.490196","4.470588","4.333333","4.490196"
"GONZALEZ RIVERA,GREITY","2396","4.230769","4.120879","4.32967","4.043956","4.505495","4.549451","4.747253","4.571429","4.472527","4.725275"
"GONZALEZ-DIAZ,LUIS DIEGO","2397","4.564516","4.443548","4.435484","4.540323","4.540323","4.5","4.798387","4.725806","4.677419","4.806452"
"GONZALEZ-ROTHI,ELISA","2398","4.705202","4.612717","4.612717","4.624277","4.913295","4.768786","4.907514","4.797688","4.924855","4.942197"
"GONZÁLEZ-SILVA,FELIPE","2399","4.433333","4.413333","4.4","4.36","4.57047","4.72","4.706667","4.666667","4.54","4.7"
"GONZALEZ,ADRIAN A","2400","4.266667","4.388889","4.577778","4.133333","4.454545","4.415584","4.679487","4.589744","4.2125","4.792208"
"GONZALEZ,AIMEE E","2401","4.3","4.1","4.3","4.4","4.1","3.5","4.3","4.4","4.2","4.5"
"GONZALEZ,ANGEL LILLE","2402","4.608696","4.369565","4.391304","4.521739","4.456522","4.630435","4.76087","4.782609","4.5","4.913043"
"GONZALEZ,ANTHONY","2403","3.828909","3.79351","3.436578","3.967552","3.748521","3.863905","4.20059","4.383481","3.973373","4.230088"
"GONZALEZ,CHRISTIAN ALONSO","2404","4.571429","4.196429","4.089286","4.482143","4.672727","4.690909","4.8","4.854545","4.709091","4.8"
"GONZALEZ,CLAUDIO F","2405","4.362319","4.415459","4.207729","4.352657","4.22439","4.243902","4.434146","4.507317","4.04878","4.62439"
"GONZALEZ,CRISTINA MARIE","2406","4.470588","4.323529","4.117647","4.441176","4.5","4.647059","4.705882","4.647059","4.441176","4.617647"
"GONZALEZ,GABRIEL A","2407","4.706667","4.653333","4.773333","4.573333","4.813333","4.706667","4.746667","4.773333","4.693333","4.946667"
"GONZALEZ,JEANNE STEPHANIE","2408","4.648649","4.540541","4.648649","4.486486","4.72973","4.621622","4.891892","4.837838","4.72973","4.891892"
"GONZALEZ,JENNA D","2409","4.719626","4.563863","4.464174","4.638629","4.86875","4.748428","4.934375","4.90625","4.921875","4.95625"
"GONZALEZ,MARIO A","2410","4.153846","4.076923","4.076923","4.230769","4.230769","4.038462","4.5","4.615385","4.576923","4.615385"
"GONZALEZ,MISAEL","2411","4.181818","4.272727","4","4.363636","3.727273","3.636364","3.909091","3.727273","3.909091","4.181818"
"GONZALEZ,TOMAS DELFIN","2412","4.454545","4.272727","4.363636","4.363636","4.363636","4.454545","4.545455","4.545455","4.363636","4.545455"
"GOOD,RYAN Z","2413","4.011199","3.957181","3.731884","4.073123","4.126984","4.194149","4.372185","4.548643","4.371863","4.538665"
"GOODHEW,LEE","2414","4.5","4.5","4","4.5","4.5","4.5","5","4","4.5","5"
"GOODIN,AMIE J","2415","4.350649","4.272727","4.380952","4.21645","4.597403","4.56087","4.675325","4.666667","4.593074","4.675325"
"GOODLOE,SCOTTY","2416","4.333333","4.4","4.4","4.266667","3.733333","3.8","4.266667","4.4","4.066667","4.6"
"GOODMAN,JOHN A","2417","4.375","4","4.125","4.5","4.125","4.625","4.5","4","4.125","4.625"
"GOODMAN,ROBYN","2418","4.347826","4.26087","4.608696","4.195652","4.543478","4.630435","4.608696","4.630435","4.521739","4.73913"
"GOODWIN JR,JAMES E","2419","4.835616","4.835616","4.917808","4.808219","4.972603","4.972603","4.90411","4.945205","4.986301","4.986301"
"GOODWIN,CHRISTOPHER THOMAS","2420","4.635135","4.540541","4.418919","4.425676","4.736486","4.77027","4.797297","4.844595","4.783784","4.858108"
"GOODWIN,LANE","2421","4.311111","4.088889","4.466667","4.311111","4.431818","4.431818","4.727273","4.681818","4.659091","4.659091"
"GORDAN,RACHEL","2422","3.835443","3.708861","3.468354","4.037975","3.448718","3.974684","3.873418","3.886076","3.831169","3.873418"
"GORDON,BENJAMIN T","2423","4.604824","4.486085","4.54731","4.57885","4.727273","4.67718","4.820037","4.710575","4.703154","4.918367"
"GORDON,EMILIA W","2424","4.727273","4.727273","4.454545","4.818182","4.909091","4.909091","5","5","5","5"
"GORHAM,MICHAEL S","2425","4.6","4.573333","4.786667","4.586667","4.756757","4.756757","4.824324","4.851351","4.810811","4.891892"
"GOSLINGA,JILL K","2426","3.956927","3.894645","3.133295","3.972061","3.555102","3.598485","3.862974","4.259778","3.860723","4.082168"
"GOSS,ERICA M","2427","4.422414","4.396552","4.534483","4.439655","4.565217","4.695652","4.756522","4.791304","4.678261","4.695652"
"GOUGE,PETER P","2428","4.705882","4.588235","4.843137","4.54902","4.784314","4.745098","4.882353","4.764706","4.607843","4.843137"
"GOUIN,KEITH LUCIEN","2429","3.428571","3.285714","3.428571","3.285714","4.333333","4.333333","4.333333","4.333333","4.333333","4.333333"
"GOWER,LAURIE B","2430","3.055556","3.333333","2.777778","3.611111","2.722222","3.166667","2.882353","3.705882","2.555556","3.722222"
"GRABER,JULIA A","2431","5","5","5","5","5","5","5","5","5","5"
"GRAFF,STACI H","2432","4.9","4.9","4.8","4.8","4.6","4.6","4.5","4.8","4.8","4.9"
"GRAFFT-WEISS,AMBER J","2433","4.181818","4.054545","4.309091","4.109091","3.727273","3.890909","4.127273","4.109091","3.8","4.472727"
"GRAHAM,ELIZABETH P","2434","4","4","4","4","4","5","5","5","5","5"
"GRAHAM,JACK EDWARD","2435","4.4","4.4","3.842857","4.4","4.283582","4.30303","4.537313","4.522388","4.432836","4.61194"
"GRAHAM,KATRICE","2436","4.192308","4.115385","4.307692","4.192308","4.12","4.2","4.16","4.56","4.36","4.68"
"GRAIM,KILEY","2437","4.098361","4.180328","4","4.081967","4.196721","4.311475","4.459016","4.377049","4.311475","4.639344"
"GRANDERSON,KAL KAELUNDO","2438","4.790323","4.741935","4.790323","4.741935","4.517241","4.603448","4.568966","4.327586","4.62069","4.482759"
"GRANT,CHRISTAN","2439","4.244681","4.276596","4.255319","4.212766","4.430108","4.308511","4.574468","4.521277","4.478723","4.659574"
"GRANT,DAVID MICHAEL","2440","4.320132","4.29703","4.320132","4.313531","4.55814","4.343333","4.66113","4.664452","4.710963","4.797342"
"GRANT,LAUREN A","2441","4.528963","4.47561","4.66311","4.407012","4.756508","4.727412","4.902141","4.776758","4.75841","4.911315"
"GRANT,LYNDAL","2442","4.322581","4.366935","4.33871","4.358871","4.520161","4.266393","4.693548","4.612903","4.685484","4.854839"
"GRANT,RACHEL L","2443","4.223529","4.152941","4.247059","4.258824","4.223529","4.188235","4.294118","4.482353","4.188235","4.658824"
"GRANT,STEVEN W","2444","4.5","4.38","4.52","4.42","4.693878","4.632653","4.714286","4.816327","4.632653","4.755102"
"GRANT,TRAVIS","2445","4.641026","4.551282","4.641026","4.525641","4.858974","4.846154","4.884615","4.871795","4.858974","4.897436"
"GRANT,VANISIA H","2446","4.842105","4.842105","4.842105","4.842105","4.894737","4.894737","4.894737","4.894737","4.894737","4.894737"
"GRASS,SEAN","2447","4.617284","4.555556","4.691358","4.604938","4.790123","4.753086","4.888889","4.888889","4.814815","4.91358"
"GRAVINA,NICOLE","2448","4.603774","4.622642","4.603774","4.509434","4.792453","4.735849","4.849057","4.830189","4.849057","4.811321"
"GRAY,MITCHELL WILLIAM","2449","4","3.72","3.96","3.88","4.76","4.84","4.92","4.8","4.84","4.96"
"GRECO,NICOLE MARIE","2450","4.410256","4.307692","4.102564","4.384615","4.384615","4.666667","4.641026","4.717949","4.538462","4.512821"
"GREEN,ALEXANDER","2451","4.571429","4.214286","4.642857","3.857143","4.428571","4.571429","4.5","4.714286","4.285714","4.642857"
"GREENBERG,BECCA","2452","4.422339","4.187318","3.605003","4.467132","4.033333","4.202802","4.291333","4.413724","4.286667","4.248833"
"GREENE,ALLISON K","2453","4.611111","4.444444","3.972222","4.527778","4.555556","4.638889","4.666667","4.694444","4.611111","4.472222"
"GREENE,CLAY","2454","4.307692","4.423077","4.576923","4.230769","4.615385","4.346154","4.730769","4.461538","4.769231","4.923077"
"GREENE,JAIME","2455","4.6","4.6","4.6","4.6","5","5","5","5","5","5"
"GREENE,KIAN NANDHAN","2456","3.4","3.7","4.3","3.7","4.4","4.5","4.5","4.4","4.6","4.3"
"GREENE,MAX LEWIS","2457","4.352113","4.309859","3.901408","4.323944","4.442857","4.742857","4.442857","4.8","4.3","4.642857"
"GREENHAW,LAURA","2458","4.493392","4.497797","4.572687","4.519824","4.722467","4.704846","4.854626","4.801762","4.76652","4.907489"
"GREENSLET,HITOMI YAMAGUCHI","2459","4.40856","4.29572","4.128405","4.404669","4.460938","4.4375","4.683594","4.722656","4.46875","4.78125"
"GREER,CREED","2460","4.8","4.72","4.6","4.8","4.68","4.36","4.64","4.52","4.44","4.76"
"GREGORY,ADAM DANIEL","2461","3.417508","3.518519","3.003367","3.569024","3.492063","3.726316","3.767196","3.979058","3.654255","3.825397"
"GREGORY,MEGAN E","2462","4.409091","4.318182","4.590909","4.318182","4.772727","4.727273","4.818182","4.818182","4.772727","4.818182"
"GRENNING,ALEXANDER J","2463","4.046296","3.833333","3.981481","4.009259","4.111111","4.194444","4.453704","4.37963","4.138889","4.805556"
"GREWAL,HARDEV SINGH","2464","4.631579","4.210526","4.473684","4.578947","4.368421","4.368421","4.105263","4.473684","4.315789","4.736842"
"GRIFFIN,BRENDA","2465","4.636364","4.636364","4.727273","4.590909","4.772727","4.681818","4.772727","4.772727","4.772727","4.772727"
"GRIFFIN,CYNTHIA CARLSON","2466","4.684211","4.631579","4.368421","4.578947","4.611111","4.722222","4.789474","4.789474","4.842105","4.789474"
"GRIFFIN,DORI","2467","4.2","4.25","4.425","4.1375","4.2125","4.5","4.4875","4.5875","4.225","4.8"
"GRIFFIN,FRANCESCA C","2468","4.708333","4.625","4.739583","4.619792","4.763006","4.777457","4.815029","4.806358","4.806358","4.829971"
"GRIFFIS,MADISEN REED","2469","4.353741","4.183673","3.891156","4.326531","4.503401","4.619048","4.714286","4.659864","4.632653","4.578231"
"GRIFFIS,MICHAEL W","2470","4.18706","4.113924","4.066104","4.241913","4.182841","4.208158","4.563994","4.482419","4.2391","4.870605"
"GRIGSBY-CALAGE,CHARLES CATE","2471","3.526316","3.526316","3.789474","3.684211","3.578947","4","4.052632","4.263158","3.526316","4.263158"
"GRIGSBY,PATRICK A","2472","4.675","4.675","4.675","4.55","4.75","4.75","4.8","4.775","4.625","4.95"
"GRILLO,KATHERINE M","2473","4.363636","4.363636","4.518182","4.281818","4.536364","4.454545","4.663636","4.627273","4.636364","4.9"
"GRILLON,EVAN E","2474","3.756522","3.843478","2.965217","3.904348","3.385965","3.763158","3.780702","3.701754","3.681416","3.814159"
"GRIMALDI,NICOLAS SERGE","2475","4.277778","4.5","4.444444","4.444444","4.166667","4.111111","4.5","4.611111","4.166667","4.166667"
"GRIMES,DEAETTA","2476","4.640625","4.640625","4.5625","4.578125","4.625","4.75","4.75","4.6875","4.625","4.75"
"GRIX,A","2477","3.857143","4","4.52381","3.857143","4.02381","3.904762","4.47619","4.119048","3.904762","4.642857"
"GROGAN,BRIDGET A","2478","3.974194","4.009677","3.570968","4.103226","3.765472","4.084691","4.133987","4.436482","4.085246","4.140523"
"GROGAN,KELLY A","2479","4.484848","4.454545","4.454545","4.454545","4.666667","4.666667","4.818182","4.757576","4.575758","4.757576"
"GROISSER,DAVID JOEL","2480","4.092308","4.261538","3.846154","4.261538","3.923077","4.123077","3.861538","4.415385","3.723077","4.461538"
"GROMOLL,RONALD N","2481","4.356784","4.306533","4.39196","4.296482","4.432161","4.502513","4.59799","4.557789","4.527638","4.688442"
"GROSCHE,ASTRID","2482","4.387097","4.258065","4.322581","4.419355","4.1","4","4.266667","4.066667","4.1","4.3"
"GROSDIDIER,ROBERT FRANCIS LAWRENCE","2483","4.133333","3.933333","3.933333","4.2","3.466667","3.733333","3.933333","3.4","3.333333","4.2"
"GROSSBERG,MARC WILLIAM","2484","4.351351","4.189189","4.081081","4.243243","4.594595","4.675676","4.702703","4.567568","4.621622","4.810811"
"GROSSER,JUDE WILLIAM","2485","4.8","4.7","4.55","4.75","4.45","4.2","4.45","4.4","4.35","4.55"
"GROSSMAN,JONATHAN","2486","4.833333","4.820513","4.435897","4.846154","4.871795","4.628205","4.871795","4.705128","4.884615","4.910256"
"GROVE,JULIAN","2487","4.142857","4.428571","4.285714","4","4.428571","4.571429","4.571429","4.571429","4.428571","4.428571"
"GRUNDMANN,OLIVER","2488","4.527928","4.452252","4.115315","4.513514","4.524074","4.610801","4.696296","4.737037","4.601852","4.684601"
"GRUNTMEIR,JEFF M","2489","4.333333","4.666667","4.444444","4.111111","4.5","4.5","4.75","4.75","4.375","4.75"
"GRUNWALD,SABINE","2490","4.354839","4.225806","4.322581","4.16129","3.967742","4.483871","4.548387","4.612903","4.322581","4.677419"
"GRUPP,ROBERT W","2491","4.72973","4.756757","4.567568","4.783784","4.675676","4.864865","4.945946","4.945946","4.783784","4.918919"
"GRUVER,STEPHANIE MELISSA","2492","3.856287","3.826347","3.580838","3.892216","3.610778","3.759036","4.017964","4.011976","3.862275","4.191617"
"GU,LIWEI","2493","4.45","4.333333","4.2","4.35","4.266667","4.118644","4.383333","4.25","4.25","4.55"
"GU,SHENGYING","2494","4.190476","4.380952","4.595238","4.261905","3.826087","4.16","3.909091","4.090909","4","3.954545"
"GU,YIJIA","2495","4.041667","4.25","4","4.291667","4.125","4.083333","4.333333","4.458333","3.791667","4.541667"
"GUAGLIARDO,MARA","2496","5","5","5","5","5","5","5","5","5","5"
"GUAN,JUAN","2497","4.403846","4.461538","4.153846","4.423077","4.269231","4.211538","4.480769","4.615385","4.326923","4.596154"
"GUAN,YONGPEI","2498","4.306667","4.386667","4.213333","4.346667","4.472973","4.4","4.613333","4.6","4.293333","4.773333"
"GUARIN,DIEGO L","2499","3.801282","3.814103","3.846154","3.852564","3.698718","3.878205","3.916667","4.089744","3.717949","4.076923"
"GUDAHL,KELLEY MARIE","2500","3.590909","3.636364","3.136364","3.681818","3.727273","3.727273","3.818182","3.636364","3.863636","3.954545"
"GUELMANN,MARCIO","2501","4.666667","4.666667","4.62963","4.62963","4.814815","4.814815","4.814815","4.814815","4.814815","4.814815"
"GUELZO,ALLEN","2502","4.333333","4.222222","4.444444","4.222222","4.777778","4.444444","4.888889","4.777778","4.444444","4.888889"
"GUERIOS,SIMONE","2503","4.797059","4.717647","4.723529","4.694118","4.815047","4.818182","4.824451","4.808777","4.758621","4.855799"
"GUERRA,LILLIAN","2504","4.657895","4.684211","4.631579","4.763158","4.789474","4.710526","4.605263","4.631579","4.763158","4.921053"
"GUERRERO APPLEWHITE,HERNAN ALONSO","2505","3.07874","3.15748","2.346457","3.566929","2.48","2.728","3.008","2.88","2.936","3.024"
"GUERRERO,FIORELLA","2506","3.131579","3.342105","3.763158","3.394737","3.157895","3.447368","3.684211","3.710526","2.921053","4.210526"
"GUERTIN,JILLIAN ELIZABETH","2507","4.9375","4.6875","4.875","4.8125","4.5","4.5625","4.6875","4.625","4.5625","4.8125"
"GUEVARA,AMANDA LYNN","2508","4.672131","4.622951","4.688525","4.508197","4.967213","4.933333","4.95082","4.916667","4.967213","4.967213"
"GUEVARA,RICARDO","2509","4.090909","3.772727","3.818182","3.818182","4.761905","4.761905","4.809524","4.809524","4.809524","4.809524"
"GUHA,SUBHARUP","2510","4.1","4.25","4.1","4.25","4.3","4.35","4.5","4.5","4.3","4.5"
"GUINOT,ODILE","2511","4.192242","4.049059","3.844267","4.143183","4.187893","4.268725","4.521714","4.546079","4.40434","4.677143"
"GULAWITA GANITHAGE,BINUL DULSARA","2512","3.538462","3.717949","3.512821","3.692308","3.076923","3.358974","3.358974","3.615385","2.974359","3.641026"
"GULIG,PAUL A","2513","4.227778","4.088889","3.569444","4.223611","3.933803","3.977401","4.101266","4.361972","4.074753","4.324895"
"GULLETT,JOSEPH M","2514","4.615385","4.307692","4.076923","4.538462","4.538462","4.538462","4.615385","4.692308","4.538462","4.538462"
"GUMZ,MICHELLE L","2515","3.448441","3.470024","3.597122","3.760192","3.831633","3.758713","3.885117","3.824","3.878481","4.235443"
"GUNAWAN,NANANG","2516","3.647059","3.823529","3.647059","3.882353","3.647059","4.235294","4.058824","4.058824","3.764706","4.058824"
"GUNAY,FATMA BUSRA","2517","4.477752","4.440281","4.449649","4.398126","4.557647","4.491765","4.68","4.651765","4.491765","4.790588"
"GUNDUZ,AYSEGUL","2518","3.508065","3.669355","3.403226","3.66129","3.16129","3.467742","3.564516","4.064516","3.16129","4.048387"
"GUNN,ARIEL ANTARES","2519","4.8125","4.5625","4.375","4.625","4.6875","4.75","4.8125","4.75","4.5625","4.8125"
"GUNTHER,KARL A","2520","4.685897","4.557692","4.814103","4.49359","4.910345","4.862069","4.937931","4.882759","4.903448","4.972414"
"GUNTHER,KEEGAN R","2521","3.824427","4.015267","3.847328","3.954198","3.992308","3.976923","4.3","4.238462","4.153846","4.523077"
"GUO,JING","2522","4.315789","4.252632","4","4.463158","4.255319","4.43617","4.382979","4.489362","4.319149","4.62766"
"GUO,MEIZE","2523","2.090909","2.181818","3.090909","1.909091","2.727273","1.909091","3.272727","3.363636","2.727273","4"
"GUO,RUI","2524","4.331933","4.378151","4.117647","4.365546","4.201681","4.411765","4.42437","4.508403","4.226891","4.470588"
"GUO,SERENA JINGCHUAN","2525","4.418605","4.409884","4.47093","4.406977","4.5","4.51895","4.559767","4.539359","4.473837","4.56686"
"GUO,YANBO","2526","3.945946","4.189189","4.027027","4.108108","3.864865","4.162162","4.135135","4.27027","4.027027","4.027027"
"GUO,YI","2527","4.73913","4.695652","4.73913","4.608696","4.782609","4.782609","4.869565","4.73913","4.913043","4.652174"
"GUO,ZHONGWU","2528","3.782609","3.758893","3.347826","3.944664","3.086957","3.667984","3.636364","4.071146","3.130435","4.185771"
"GUPTA,SAGAR KUMAR","2529","4.230769","4.153846","4.307692","4.307692","4.384615","4.538462","4.538462","4.538462","4.538462","4.538462"
"GUPTA,SUGANDH","2530","4.057143","3.771429","4.2","4.114286","4.171429","3.942857","4.6","4.542857","4.285714","4.628571"
"GUPTE,PRAJAKTA RAJEEV","2531","4.176","4.096","3.736","4.32","4.04","3.984","4.256","4.44","4.352","4.36"
"GURALNICK,ROBERT","2532","4.648649","4.675676","4.621622","4.648649","4.72973","4.783784","4.783784","4.891892","4.810811","4.918919"
"GURDON,MOLLY","2533","4","4","4.2","4.4","4.8","3.6","4","4.4","4.4","4.4"
"GURKA,KELLY K","2534","2.678571","2.910714","3.339286","2.982143","2.660714","2.321429","3.232143","2.517857","2.625","3.964286"
"GURLEY,KURTIS R","2535","4.769697","4.787879","4.539394","4.733333","4.908537","4.731707","4.835366","4.859756","4.914634","4.902439"
"GURLEY,WILLIAM B","2536","4.417526","4.329897","3.907216","4.448454","4.523316","4.362694","4.65285","4.559585","4.476684","4.849741"
"GURRALA,ANJELA SRIPRADA","2537","4.33913","4.078261","3.878261","4.26087","3.955752","4.123894","4.185841","4.380531","4.079646","4.265487"
"GURYANOVA,OLGA","2538","4.461538","4.346154","4.3","4.415385","4.592308","4.530769","4.592308","4.6","4.569231","4.630769"
"GUTHRIE,OLIVIA","2539","4.323529","4.117647","3.970588","4.323529","4.323529","4.529412","4.5","4.5","4.558824","4.470588"
"GUTIERREZ,PAUL","2540","4.588235","4.588235","4.705882","4.588235","4.705882","4.823529","4.882353","4.764706","4.764706","4.823529"
"GUTIERREZ,SELENA MARIE","2541","4.645161","4.580645","4.741935","4.451613","4.83871","4.903226","4.806452","4.903226","4.83871","4.870968"
"GUTIERREZ,VIX","2542","4.555556","4.555556","4.444444","4.444444","4.444444","4.777778","4.888889","4.777778","4.666667","4.888889"
"GUTTI,JISHNU RAO","2543","4.596491","4.473684","4.438596","4.491228","4.891304","4.76087","4.869565","4.804348","4.913043","4.891304"
"GUTTIERES,LUCAS J","2544","3.796296","3.685185","3.388889","3.888889","3.581395","3.977273","3.785714","4.116279","3.595238","3.904762"
"GUYER,BENJAMIN","2545","5","5","5","5","5","5","5","5","5","5"
"GUZMAN,SANDRA M","2546","4.6","4.733333","4.666667","4.466667","4.333333","4.2","4.733333","4.533333","4.4","4.733333"
"GUZY,SERGE","2547","4.71875","4.59375","4.59375","4.65625","4.625","4.375","4.6875","4.53125","4.5","4.78125"
"GYETVAI,ATTILA","2548","4.227273","4.045455","4.5","4.272727","4.181818","4.090909","4.272727","4.636364","4.136364","4.636364"
"HABENICHT,STEFANIE HEIKE","2549","4.161806","4.214487","3.701787","4.206021","4.184384","4.17968","4.147695","4.516463","4.292568","4.339605"
"HACK,GARRET O","2550","4.547619","4.357143","4.190476","4.52381","4.5","4.642857","4.595238","4.833333","4.619048","4.690476"
"HACK,GEORGE","2551","4.672727","4.690909","4.872727","4.581818","4.862745","4.960784","4.901961","4.960784","4.843137","5"
"HADDAD,YOUSSEF A","2552","5","5","4.857143","4.857143","5","4.857143","5","5","4.857143","5"
"HAEDO,AMANDA","2553","4.285714","4.142857","4.428571","4.428571","4.142857","4.285714","4.428571","4.285714","4.428571","4.428571"
"HAFEZ,ANAN SAFWAT GABER","2554","3.393939","3.515152","3.606061","3.393939","2.909091","3.242424","3.393939","2.848485","2.636364","4.333333"
"HAFUTA,YEOR","2555","4.111111","3.944444","3.444444","4.111111","3.444444","4.055556","3.666667","4.111111","3.777778","4.111111"
"HAGELIN WEAVER,HELENA E","2556","4.487179","4.487179","4.128205","4.435897","4.25641","4.358974","4.435897","4.666667","4.128205","4.615385"
"HAGER,WILLIAM WARD","2557","4.466667","4.35","4.383333","4.416667","4.45","4.4","4.483333","4.633333","4.45","4.716667"
"HAGES,CHARLES J","2558","4.771429","4.742857","4.714286","4.6","4.828571","4.685714","4.914286","4.685714","4.657143","4.971429"
"HAGLER,NATALIE","2559","4.857143","4.857143","4.857143","4.714286","5","5","5","5","5","5"
"HAGOPIAN,ARA MICHAEL","2560","4.538462","4.692308","4.846154","4.615385","4.538462","4.230769","4.769231","4.307692","4.615385","4.769231"
"HAHN,DANIEL","2561","4.571429","4.609524","4.628571","4.609524","4.704762","4.67619","4.771429","4.8","4.6","4.92381"
"HAHN,PHIL","2562","4.614286","4.552381","4.438095","4.52381","4.685714","4.614286","4.780952","4.714286","4.595238","4.714286"
"HAIGH,CASSIDY B","2563","4.722222","4.722222","4.555556","4.777778","4.777778","4.611111","4.944444","4.944444","4.833333","4.888889"
"HAILEY II,CHARLES L","2564","4.61194","4.58209","4.58209","4.492537","4.880597","4.865672","4.955224","4.835821","4.850746","4.970149"
"HAIRE,GABRIELLA MARIE","2565","4.604167","4.5","4.604167","4.5625","4.630435","4.695652","4.73913","4.695652","4.717391","4.695652"
"HAIRE,LAUREN E","2566","4.728916","4.650602","4.620482","4.63253","4.448276","4.431034","4.517241","4.525424","4.551724","4.5"
"HAJIHASSANI,ABOLFAZL","2567","4.2","4.123077","3.892308","4.246154","4.213115","4.409836","4.333333","4.393443","4.229508","4.344262"
"HALDAR,DEBAKANYA","2568","4.50495","4.485149","4.663366","4.50495","4.722772","4.742574","4.821782","4.742574","4.752475","4.861386"
"HALE,ASHLYN R","2569","4.085919","4.019093","3.838305","4.041766","3.875149","3.919904","4.55403","4.509254","4.055522","4.877015"
"HALE,MATTHEW","2570","4.916667","4.833333","4.75","4.916667","5","4.916667","5","5","5","5"
"HALEEM,ZUHAIR MIAN","2571","3.222222","3.888889","2.666667","3.666667","2.75","2.75","3.375","3.625","3.375","3.375"
"HALEY,NICHOLAS M","2572","4.285714","4.228571","4.285714","4.2","4.529412","4.588235","4.705882","4.617647","4.588235","4.647059"
"HALEY,THOMAS","2573","4.433333","4.411111","4.511111","4.427778","4.430168","4.235955","4.611111","4.661111","4.5","4.6"
"HALL,AUDREY L","2574","4.103448","4.103448","3.62069","4.034483","4.103448","4.482759","4.310345","4.37931","4.172414","4.275862"
"HALL,AUSTIN LEE","2575","4.219512","4.268293","4.512195","4.341463","4.804878","4.804878","4.902439","4.829268","4.878049","4.804878"
"HALL,DUSTIN S","2576","4.451852","4.296296","4.57037","4.12963","4.588889","4.640741","4.799257","4.722222","4.607407","4.851852"
"HALL,JACLYN MARIE","2577","4.666667","4.333333","4.666667","4.666667","4.666667","4.666667","4.666667","4.666667","4.666667","4.666667"
"HALL,PETER D","2578","4.333333","4.333333","4.333333","4.333333","4","4.666667","4.666667","4.666667","4.333333","4.666667"
"HALL,TODD K","2579","4.126984","4.142857","3.460317","4.238095","3.968254","3.460317","4.064516","3.587302","4.145161","4.174603"
"HALLETT,MATTHEW THOMAS","2580","4.83871","4.787097","4.819355","4.774194","4.88961","4.741935","4.929032","4.812903","4.935484","4.954839"
"HALLORAN,TIMOTHY J","2581","4.352113","4.338028","4.15493","4.380282","4.469965","4.452297","4.659574","4.634752","4.572438","4.70318"
"HALO,ADELA","2582","4.5","4.625","4.75","4.5","4.875","4.875","4.75","5","4.75","4.875"
"HALSTEAD,JUDITH ANN","2583","4.666667","4.636364","4.636364","4.606061","4.787879","4.787879","4.818182","4.757576","4.787879","4.818182"
"HAM,JEONGMIN","2584","4.586667","4.546667","4.56","4.56","4.6","4.743243","4.783784","4.826667","4.613333","4.666667"
"HAM,KAT","2585","4.371824","4.281755","4.383372","4.244804","4.695082","4.678808","4.711475","4.656766","4.75082","4.734426"
"HAMAKER,ZACHARY","2586","4.117647","4.147059","3.941176","4.073529","3.882353","3.808824","4.338235","4.161765","3.676471","4.647059"
"HAMBACHER,ELYSE","2587","4.672414","4.612069","4.474138","4.594828","4.646552","4.741379","4.862069","4.818966","4.715517","4.810345"
"HAMERLINCK,GABRIELA","2588","4.404459","4.348726","4.175159","4.374204","4.606688","4.645933","4.694268","4.713376","4.716561","4.794586"
"HAMERSMA,ASHLEY MARIE","2589","3.8","3.647059","3.588235","3.741176","3.535211","3.929577","4.140845","3.985915","3.732394","4.225352"
"HAMILL,VAUGHN ADDISON","2590","4.26087","4.217391","3.913043","4.434783","3.904762","4.142857","4.095238","4.47619","4.047619","4.333333"
"HAMILTON,JENNIFER L","2591","4.583333","4.5","4.833333","4.5","4.666667","4.833333","5","5","4.833333","4.916667"
"HAMILTON,LIESEL","2592","4.371429","4.407143","4.485714","4.328571","4.428571","4.553957","4.507143","4.464286","4.421429","4.621429"
"HAMILTON,WILLIAM F","2593","4.316953","4.282555","4.538084","4.194103","4.375921","4.504926","4.766585","4.653563","4.412776","4.904177"
"HAMLIN,JAMES JEFFREY","2594","3.828179","3.958763","3.597938","3.835052","3.883162","3.838488","4.271478","4.27931","4.123711","4.419244"
"HAMM,MATTHEW J","2595","4.75","4.75","4.75","4.75","5","5","5","5","5","5"
"HAMMARLUND,NOAH","2596","4.666667","4.589744","4.576923","4.615385","4.679487","4.717949","4.833333","4.820513","4.730769","4.858974"
"HAMMER,JACOB","2597","4.315789","4.315789","4.315789","4.368421","4.631579","4.526316","4.578947","4.631579","4.631579","4.684211"
"HAMMERS,DAVID","2598","4.5","4.431034","4.431034","4.396552","4.473684","4.45614","4.491228","4.473684","4.491228","4.508772"
"HAMMOND,WILLIAM M","2599","4.813559","4.694915","4.372881","4.762712","4.898305","4.813559","4.915254","4.949153","4.915254","4.915254"
"HAMOR,RALPH","2600","4.508197","4.311475","4.508197","4.508197","4.708333","4.659574","4.791667","4.75","4.8125","4.833333"
"HAMPSHIRE,KATHRYN MARIE","2601","4.545455","4.418182","4.381818","4.545455","4.648148","4.759259","4.722222","4.690909","4.618182","4.8"
"HAMPSON,CHRISTOPHER","2602","4.550562","4.488764","4.595506","4.438202","4.455056","4.485876","4.764045","4.769663","4.382022","4.91573"
"HAMPTON,CHELSEA NICOLE","2603","4.216495","4.170103","4","4.273196","4.134021","4.268041","4.510309","4.386598","4.396907","4.551546"
"HAMPTON,VALERIE DAWN","2604","4.119048","4.02381","3.428571","4.166667","3.365854","3.292683","3.609756","3.714286","3.725","3.853659"
"HAN,EUGYOUNG","2605","4","4","5","5","5","5","5","5","5","5"
"HAN,SEOJOO","2606","4.242105","4.094737","4.284211","4.010526","4.255319","4.389474","4.574468","4.442105","4.021053","4.705263"
"HAN,SUNG MIN","2607","4.65625","4.546875","4.46875","4.59375","4.603175","4.587302","4.698413","4.650794","4.539683","4.68254"
"HANING,MARSHALL A","2608","4.712121","4.621212","4.651515","4.636364","4.754098","4.836066","4.786885","4.803279","4.803279","4.9"
"HANKERSON-PRINTEMPS,ROBYN","2609","4.363636","4.329545","4.5","4.511364","4.522727","4.613636","4.75","4.568182","4.715909","4.840909"
"HANNA,MARIAM","2610","4.75","4.75","4.75","4.75","4.5","5","5","5","5","5"
"HANNAH,CYNTHIA","2611","3.636364","4","3.090909","3.909091","2.727273","2.545455","3.181818","3.090909","3.363636","3.272727"
"HANNAH,LARKIN C","2612","4.05","4.05","4.05","3.95","4.2","4.35","4.4","4.4","3.9","4.65"
"HANS,NATYA","2613","4.285714","4.571429","4.285714","4.571429","4.142857","4.285714","3.714286","4.142857","4.428571","4.428571"
"HANSEN,CARL","2614","4.388514","4.128378","4.317568","4.253378","4.321918","4.377163","4.547945","4.341379","4.366438","4.609589"
"HANSEN,GAIL","2615","4.547619","4.5","4.571429","4.5","4.547619","4.595238","4.690476","4.595238","4.52381","4.761905"
"HANSEN,MATTHEW TODD","2616","4.372549","4.196078","4.490196","4.235294","4.021277","4.191489","4.446809","4.319149","4.382979","4.531915"
"HANSEN,PETER J","2617","4.272727","4.181818","3.939394","4.333333","4.636364","4.515152","4.575758","4.666667","4.69697","4.666667"
"HANSEN,QUINN M","2618","4.699387","4.610429","4.662577","4.567485","4.861963","4.849693","4.923313","4.877301","4.917178","4.966258"
"HANSON,ALISA HADLEY","2619","4.542955","4.536082","4.19244","4.4811","4.443299","4.584192","4.66323","4.725086","4.563574","4.628866"
"HANSON,ANDREW D","2620","4.777778","4.666667","4.888889","4.666667","4.888889","4.888889","4.888889","4.888889","5","5"
"HANSON,CAROLYN SCHMIDT","2621","4.54451","4.433234","4.543027","4.459941","4.551416","4.517857","4.71386","4.71875","4.614583","4.822917"
"HANSON,LINDSAY","2622","4","3.333333","4.333333","3","4","4.333333","4.333333","4.333333","4.333333","4.333333"
"HANSON,MORGAN KARALE","2623","4.75","4.722222","4.805556","4.638889","4.916667","4.944444","4.972222","4.944444","4.944444","4.972222"
"HANSON,REBECCA ANNICE","2624","4.541667","4.583333","4.729167","4.520833","4.625","4.479167","4.75","4.791667","4.625","4.916667"
"HANSON,STEPHANIE L","2625","4.5","4.5","4.375","4.25","4.625","4.75","4.875","4.875","4.625","4.875"
"HAO,TIANSHU","2626","2.818182","2.818182","3.181818","3.181818","1.818182","2.090909","2.272727","2.818182","2","2.363636"
"HAPPE,LAURA ELIZABETH","2627","4.657407","4.592593","4.37037","4.592593","4.731481","4.75","4.796296","4.777778","4.75","4.805556"
"HARBIN,LAUREL ANNIE","2628","4.125","4.125","4.225","4.075","3.975","4","4.05","4.375","3.75","4.625"
"HARCLERODE,DEVIN K","2629","4.25","4","4.55","3.1","4.05","3.7","4.2","4.1","3.8","4.55"
"HARDEE,JUSTIN","2630","3.6","3.6","4.4","4.4","3.6","3.6","3.8","4.2","4","4.4"
"HARDEMAN,JOHN","2631","4.285714","4.142857","4","4.142857","4","4","4","4.142857","4","4"
"HARDY,DUANE R","2632","4.076923","4.076923","4.076923","4.153846","4.076923","4.076923","4.461538","4.230769","4.307692","4.153846"
"HARDY,KRISTEN V","2633","4.076503","4.054645","4.136612","4.103825","4.065574","3.934426","4.456044","4.256831","4.131148","4.546448"
"HARFE,BRIAN D","2634","4.259533","4.204182","3.847478","4.276753","4.422553","4.416459","4.57373","4.564516","4.620818","4.681537"
"HARGETT,TEMETRIA","2635","4.526316","4.315789","4.578947","4.578947","4.631579","4.684211","4.842105","4.684211","4.578947","4.736842"
"HARI HARAN,PRIYANKA","2636","4.261905","4.333333","4.5","4.357143","3.642857","4.095238","4.02381","4.166667","4.047619","4.142857"
"HARKNESS,IRA","2637","4.594502","4.467354","4.601375","4.573883","4.718213","4.841379","4.886207","4.889655","4.766323","4.934708"
"HARLAND-JACOBS,JESSICA LEIGH","2638","4.735294","4.720588","4.661765","4.573529","4.838235","4.676471","4.838235","4.823529","4.897059","4.955882"
"HARLEY,JOEL B","2639","4.55597","4.567164","4.529851","4.518657","4.643678","4.574713","4.777778","4.747126","4.616858","4.89272"
"HARMON,CARRIE LAPAIRE","2640","4.833333","4.75","4.333333","4.666667","5","5","5","5","4.916667","5"
"HARMON,DERRICK STEVEN","2641","5","4.666667","4.777778","4.333333","5","5","4.888889","4.888889","4.888889","4.888889"
"HARMON,MICHAEL JEFFREY","2642","4.317215","4.259188","4.234043","4.274662","4.475728","4.620623","4.667961","4.687379","4.621359","4.730097"
"HARP,SETH","2643","4.428571","4.428571","4.428571","4.428571","4.5","4.5","4.5","4.5","4.5","4.5"
"HARPER,BLAKE WILLIAM","2644","4.415929","4.141593","4.035398","4.371681","4.75","4.767857","4.8125","4.767857","4.821429","4.839286"
"HARPOLD,TERRY ALAN","2645","4.77551","4.785714","4.806122","4.765306","4.857143","4.755102","4.857143","4.887755","4.887755","4.989796"
"HARRALL,KYLIE","2646","4.625","4.5","4.5","4.75","4.75","4.875","4.75","4.875","4.875","5"
"HARRELL,DYLAN","2647","4.851064","4.829787","4.744681","4.829787","4.893617","4.957447","4.93617","4.93617","4.93617","4.978723"
"HARRELL,NAOMI","2648","4.12069","3.810345","4.482759","4.137931","4.45614","4.649123","4.684211","4.736842","4.603448","4.724138"
"HARRINGTON,JASON C","2649","4.363636","4.369906","4.103448","4.382445","4.355049","4.407166","4.566775","4.537459","4.423453","4.807818"
"HARRINGTON,THOMAS J","2650","4.647059","4.705882","4.647059","4.529412","4.941176","4.941176","5","4.941176","4.941176","5"
"HARRIS-COBLE,LACEY N","2651","4.217822","4.247525","3.841584","4.306931","4.319588","4.42268","4.402062","4.56701","4.360825","4.381443"
"HARRIS,AUTUMN N","2652","4.552147","4.523517","4.492843","4.509202","4.610909","4.551471","4.625455","4.594891","4.629091","4.658182"
"HARRIS,MICHAEL","2653","4.629032","4.645161","4.645161","4.66129","4.754098","4.737705","4.803279","4.721311","4.754098","4.852459"
"HARRIS,NEIL SELWYN","2654","4.261905","4.142857","4.130952","4.107143","4.328947","4.256757","4.355263","4.333333","4.276316","4.355263"
"HARRIS,STEVEN","2655","4.029602","4.00555","3.793247","3.974098","3.89481","3.965246","4.566728","4.346457","4.082909","4.703892"
"HARRIS,VICTOR","2656","4.574879","4.531401","4.608696","4.434783","4.647343","4.541063","4.772947","4.671498","4.594203","4.869565"
"HARRISON,BLAIN C","2657","4.601145","4.515267","4.391221","4.562977","4.640535","4.778626","4.769084","4.835878","4.729008","4.709924"
"HARRISON,GREGORY","2658","4.666667","4.666667","4.666667","4.666667","4.833333","4.833333","4.833333","4.833333","4.833333","4.833333"
"HARRISON,JEFFREY K","2659","4.385714","4.264286","4.242857","4.414286","4.451128","4.398496","4.466165","4.511278","4.43609","4.533835"
"HARRISON,KELLY ANN","2660","4.5625","4.25","4.1875","4.5","4.666667","4.666667","4.666667","4.666667","4.666667","4.666667"
"HARRY,MOLLY PAGE","2661","4.629032","4.532258","4.564516","4.548387","4.803571","4.909091","4.872727","4.910714","4.803571","4.875"
"HART,EMILY","2662","4.631579","4.578947","4.684211","4.684211","4.684211","4.789474","4.868421","4.894737","4.75","4.881579"
"HART,ERIN B","2663","4.5","4.5","4.5","4.5","5","5","5","5","5","5"
"HART,MARY K","2664","3.940195","3.838665","3.694019","3.908206","3.774011","3.898305","4.122708","4.183099","3.926864","4.327707"
"HART,MITCHELL B","2665","4.520548","4.136986","3.986301","4.493151","4.561644","4.356164","4.479452","4.561644","4.684932","4.767123"
"HARTIG,KYLE CAMERON","2666","4.075758","4.060606","4.136364","4.106061","4.045455","3.818182","4.30303","4.121212","4.075758","4.19697"
"HARTMAN,QUINN","2667","4.289474","4.254386","3.894737","4.324561","3.431373","3.666667","3.970588","4.068627","3.568627","3.892157"
"HARTMANN,ARIK","2668","4.644068","4.542373","4.508475","4.440678","4.694915","4.661017","4.881356","4.847458","4.898305","4.915254"
"HARTSHORN,JESSICA ANN","2669","4.6","4.6","4.4","4.4","4.6","5","4.8","4.8","4.8","4.6"
"HARTZ,BARRY","2670","4.358974","4.333333","4.269231","4.294872","4.289474","4.197368","4.605263","4.381579","4.447368","4.644737"
"HARVEY,MITCHELL","2671","4.6875","4.625","4.8125","4.5","4.6875","4.625","4.875","4.6875","4.5","4.9375"
"HARVEY,VICTORIA LAUREN","2672","4.625","4.615741","4.694444","4.615741","4.804651","4.790698","4.855814","4.855814","4.869767","4.875"
"HASAN,MAHMOOD","2673","4.223602","4.093168","4.447205","3.987578","4.360248","4.3125","4.625","4.36646","4.29375","4.826087"
"HASAN,MD MAHMUDUL","2674","3.743243","3.662162","3.905405","3.851351","3.797297","4.22973","3.891892","4.418919","3.716216","4.459459"
"HASAN,MD. MUYEED","2675","4.011211","3.988789","3.484305","4.170404","3.811927","3.988532","4.077982","4.169725","4.045977","4.078161"
"HASELIER,KRISTINA L","2676","4.176471","4.294118","4.529412","4.352941","4.588235","4.411765","4.588235","4.764706","4.588235","4.705882"
"HASEN,DAVID","2677","4.145631","4.135922","4.291262","4.203883","4.23301","4.247525","4.398058","4.61165","4.009709","4.378641"
"HASKER,JOSHUA TOLSON","2678","4.242678","4.209205","4.112971","4.200837","4.489177","4.558442","4.675325","4.558442","4.593074","4.604348"
"HASS,AMY MEYERS","2679","4.333333","4","4.333333","4","4.666667","5","5","5","5","5"
"HASSEN,WALLELIGN","2680","4","4.5","3","4","3","3.5","4","3.75","3","3.75"
"HASTY,WILLARD R","2681","4.108434","3.981928","4.084337","4.10241","3.892157","3.824742","4.04","3.909091","3.990099","4.277228"
"HATAMI,MOHSEN","2682","4.272727","4.272727","4.363636","4.090909","4.363636","4.454545","4.636364","4.363636","4.454545","4.636364"
"HATAV,GALIA","2683","3.75","3.6875","4.125","4","3.625","3.6875","3.875","3.9375","3.375","4.1875"
"HATCH,SUSAN G","2684","4.52381","4.285714","4.746032","4.079365","4.587302","4.603175","4.777778","4.587302","4.666667","4.952381"
"HATFIELD,ROBERT","2685","4.544304","4.405063","4.35443","4.531646","4.40625","4.328125","4.578125","4.546875","4.40625","4.492063"
"HATFIELD,SASHA","2686","4.537037","4.333333","4.574074","4.481481","4.5","4.685185","4.796296","4.851852","4.722222","4.592593"
"HATTON,RANDY C","2687","4.560694","4.404624","4.416185","4.520231","4.630058","4.624277","4.693642","4.77907","4.676301","4.757225"
"HAUGE,THERESA CHRISTINE","2688","4.370861","4.165563","3.940397","4.278146","4.333333","4.489362","4.595745","4.546099","4.51773","4.744681"
"HAUN,JAKE COKER","2689","3.765432","3.925926","4.061728","3.802469","3.7","3.810127","4.1375","4.125","3.7875","4.4375"
"HAUSER,BERNARD A","2690","3.817324","3.771238","3.4392","3.97668","3.433259","3.61517","3.894268","4.139677","3.588988","3.993326"
"HAVELAAR,ARIE","2691","5","4.666667","5","4.666667","5","5","5","5","5","5"
"HAWKINS,IAN K","2692","4.423358","4.355839","4.448905","4.386861","4.769648","4.674797","4.859079","4.775068","4.785908","4.891599"
"HAWKINS,JULIETTE","2693","4.34","4.16","4.54","4.14","4.44","4.387755","4.72","4.36","4.58","4.8"
"HAWKINS,KELLY","2694","4.705202","4.612717","4.612717","4.624277","4.427746","4.641618","4.635838","4.710983","4.121387","4.83815"
"HAWKINS,THOMAS","2695","4.790909","4.8","4.681818","4.763636","4.881818","4.790909","4.936364","4.927273","4.881818","4.963636"
"HAWRYSH,FRED","2696","4.714286","4.642857","4.642857","4.428571","4.928571","4.857143","4.857143","4.928571","4.857143","5"
"HAYBURN,REGINA","2697","4.696429","4.660714","4.633929","4.633929","4.509259","4.457944","4.611111","4.472222","4.574074","4.675926"
"HAYES,JILL RAE","2698","4.590793","4.539642","4.621483","4.488491","4.614583","4.671875","4.703125","4.605744","4.705729","4.729167"
"HAYES,VIC","2699","4.7","4.5","4.6","4.2","4.7","4.7","4.7","4.9","4.8","4.7"
"HAYNES,CLIFF","2700","4.12963","4.157407","3.12037","4.296296","3.457944","2.943925","3.757009","3.084112","3.915888","3.934579"
"HAYS,CODY J","2701","4.444444","4.555556","3.777778","4.555556","3.777778","4.111111","4.111111","4.333333","4","4.444444"
"HAYS,DAVID C","2702","4.72973","4.486486","3.945946","4.648649","4.675676","4.486486","4.540541","4.675676","4.756757","4.675676"
"HAYS,KELLIE M","2703","4.755556","4.748148","4.718519","4.62963","4.5","4.580645","4.580645","4.57377","4.532258","4.725806"
"HAYWOOD,ANTOINE","2704","4.692308","4.596154","4.711538","4.538462","4.764706","4.634615","4.769231","4.673077","4.673077","4.903846"
"HAZIM,KOHRINE COUNTS","2705","4.6","4.6","4","4.6","4.8","4.8","4.8","4.8","4.8","4.8"
"HE,FEI","2706","4.760274","4.719178","4.794521","4.678082","4.90411","4.842466","4.952055","4.952055","4.787671","4.958904"
"HE,HANZI","2707","4.875","4.5","4.75","4.375","3.428571","4.142857","3.571429","4.142857","3.714286","3.857143"
"HE,MEI","2708","4.512195","4.512195","4.609756","4.536585","4.390244","4.536585","4.536585","4.560976","4.390244","4.682927"
"HE,SHU","2709","4.005556","4.038889","3.755556","4.088889","3.648045","4.005556","3.899441","4.416667","3.666667","4.1"
"HE,ZEYU","2710","4.387464","4.364672","3.811966","4.2849","4.14966","4.363946","4.302721","4.312925","4.207483","4.278912"
"HE,ZHENLI","2711","4.714286","4.285714","4.428571","4.285714","4","4.571429","4.714286","4.428571","3.857143","4.857143"
"HE,ZITING","2712","4.493151","4.424658","4.520548","4.438356","4.643836","4.726027","4.835616","4.835616","4.643836","4.808219"
"HEAL,KIMBERLY","2713","4.833333","4.833333","4.833333","4.666667","4.833333","5","5","5","4.833333","5"
"HEARD,DARRYL J","2714","4.572165","4.515464","4.556701","4.505155","4.519685","4.464567","4.519685","4.480315","4.566929","4.606299"
"HEATH,JOHN C","2715","4.8125","4.75","4.6875","4.75","4.375","4.4375","4.4375","4.625","4.4375","4.5625"
"HEATHERINGTON,ANN","2716","4","4","4","4","4","4","5","5","5","5"
"HEATON,MARIETA B","2717","4.419355","4.258065","3.354839","4.354839","4.208333","4.2","4.173913","4.217391","4.136364","4.125"
"HEBBLETHWAITE,BENJAMIN JOHN","2718","4.16129","4.129032","4.135484","4.090323","4.36129","4.383117","4.503226","4.470968","4.341935","4.729032"
"HECHT,GAVRIELLA","2719","4.255814","4.180233","3.901163","4.296512","4.115152","4.355422","4.387879","4.502994","4.337349","4.421687"
"HECKENBERGER,MICHAEL JOSEPH","2720","4.37234","4.287234","3.978723","4.319149","4.182796","4.408602","4.494624","4.451613","4.354839","4.526882"
"HEDRICK,TACE MEGAN SUTTER","2721","4.62037","4.592593","4.657407","4.666667","4.657407","4.574074","4.740741","4.777778","4.694444","4.814815"
"HEESACKER,MARTIN","2722","3.727483","3.665127","3.277136","3.82679","3.43649","3.740741","4.05787","4.062356","3.759259","4.290993"
"HEFFELFINGER,JON","2723","4.6","4.536","4.528","4.488","4.624","4.536","4.728","4.6","4.592","4.776"
"HEFFRON,EVE ROSEMARIE","2724","3.6","3.5","3.5","3.2","2.9","2.7","4.2","2.4","2.9","4.8"
"HEGADE,ABHIRAM","2725","4.392405","4.373418","4.06962","4.417722","3.979452","4.29932","4.401361","4.333333","4.006803","4.360544"
"HEGANOVIC,LANA","2726","4.28","4.16","4.24","4.2","4.24","3.96","4.52","4.416667","4.32","4.56"
"HEGDE,SANJANA","2727","4.6","4.6","4.4","4.8","4.4","4.8","4.8","4.8","4.8","4.8"
"HEGEMAN,SUSAN","2728","4.659794","4.587629","4.701031","4.56701","4.85567","4.835052","4.876289","4.845361","4.845361","4.948454"
"HEGGIE,BENJAMIN T","2729","4.611111","4.555556","4.5","4.611111","4.5","4.538462","4.692308","4.416667","4.333333","4.615385"
"HEGLAND,KAREN W","2730","4.740741","4.604938","4.703704","4.691358","4.6875","4.6875","4.8","4.575","4.7375","4.875"
"HEIDARI,ELHAM","2731","4.086207","4.112069","3.655172","4.293103","3.486957","3.706897","3.965517","4.301724","3.767241","3.87931"
"HEIDARIFAR,SHADI","2732","4.175","4.191667","4.341667","4.191667","4.166667","4.283333","4.375","4.491667","4.1","4.516667"
"HEILIGENSTEIN,WREN LYDIA","2733","4.5","4.527778","4.583333","4.472222","4.611111","4.722222","4.722222","4.75","4.638889","4.583333"
"HEILMANN,JEN","2734","3.806763","3.777778","3.135266","3.922705","3.378641","3.529126","3.762136","3.718447","3.781553","3.839806"
"HEINS,GUNNAR","2735","4.609929","4.602837","4.489362","4.624113","4.735714","4.721429","4.757143","4.835714","4.807143","4.85"
"HEINZMANN,AMANDA BETH","2736","3.791667","3.6875","3.770833","3.75","3.666667","4.041667","4.083333","4.1875","3.9375","4.270833"
"HEITZMAN,NICK","2737","4.627168","4.552023","4.508671","4.49422","4.580547","4.81459","4.787234","4.775076","4.644377","4.930091"
"HELAL,ABDELSALAM ALI","2738","4.172414","4.12069","4.362069","4.034483","4.375","4.357143","4.625","4.392857","4.321429","4.807018"
"HELD,ABIGAIL ROSE","2739","4.162162","4.216216","3.648649","4.27027","3.891892","3.621622","4.162162","3.810811","3.783784","4.540541"
"HELDERMON,COY","2740","3.833333","3.666667","3.944444","4.166667","4.5","4.5","4.5625","4.5625","4.625","4.6875"
"HELTON,JONATHAN A","2741","4.777778","4.638889","4.722222","4.722222","4.882353","4.941176","4.970588","4.911765","4.882353","5"
"HENDERSCHIEDT,GREGG A","2742","4.711538","4.480769","4.807692","4.519231","4.769231","4.529412","4.882353","4.862745","4.843137","4.882353"
"HENDERSON,AMANDA GRACE","2743","3.8125","4.041667","3.729167","3.895833","3.64","3.76","3.72","3.88","3.6","3.92"
"HENDERSON,BRENT M","2744","4.627451","4.705882","4.568627","4.627451","4.627451","4.078431","4.764706","4.568627","4.54902","4.843137"
"HENDERSON,KAITLIN","2745","4.728571","4.742857","4.8","4.714286","4.885714","4.885714","4.885714","4.842857","4.871429","4.928571"
"HENDRICK,JESSICA","2746","4.571429","4.5","4.785714","4.714286","4.928571","4.928571","5","4.928571","5","5"
"HENDRICK,LILLIAN KHRISTINA","2747","4.418182","4.409091","4.572727","4.3","4.718182","4.636364","4.845455","4.745455","4.709091","4.881818"
"HENDRICKS,THOMAS A","2748","4.67602","4.602041","4.719388","4.591837","4.844388","4.856777","4.84949","4.780051","4.872449","4.811224"
"HENGSTEBECK,KODIAK C","2749","4.689655","4.551724","4.62069","4.724138","4.827586","4.758621","4.965517","4.896552","4.965517","4.965517"
"HENNESSEY,LAURI ANN","2750","4.548387","4.483871","4.451613","4.451613","4.677419","4.806452","4.806452","4.774194","4.741935","4.774194"
"HENNIG,RICHARD G","2751","4.429577","4.295775","4.119718","4.274648","4.485294","4.169118","4.601449","4.175182","4.547445","4.818841"
"HENRY,MEAGAN ANNE","2752","4.484848","4.424242","4.393939","4.545455","4.393939","4.272727","4.636364","4.515152","4.636364","4.606061"
"HENSEL,MARC J","2753","4.538462","4.615385","4.769231","4.461538","4.846154","4.538462","4.846154","4.692308","4.923077","5"
"HEPPLE,RUSSELL THOMAS","2754","4.545455","4.447552","4.314685","4.559441","4.626761","4.51773","4.760563","4.612676","4.65493","4.894366"
"HERMAN II,JOSEPH L","2755","4.090909","4.181818","4","4","4.545455","4.363636","4.545455","4.545455","4.363636","4.818182"
"HERMAN,DAVID","2756","3.856209","3.705882","3.810458","3.823529","3.664474","3.894737","3.848684","4.230263","3.828947","4.125"
"HERMANSON JR,JOHN W","2757","4.125","4","4.21875","4.125","4.40625","4.21875","4.5","4.46875","4.46875","4.71875"
"HERNANDEZ CASTILLO,DANIEL ANTONIO","2758","4.379747","4.253165","3.848101","4.316456","4.179487","4.324675","4.448718","4.467532","4.5","4.371795"
"HERNANDEZ GONZALO,DAVID","2759","4.261905","4.142857","4.130952","4.107143","4.316456","4.227848","4.316456","4.227848","4.303797","4.329114"
"HERNANDEZ MESA,JENIFER","2760","4.482143","4.321429","4.25","4.410714","4.436364","4.454545","4.672727","4.672727","4.509091","4.745455"
"HERNANDEZ-TOME,LARA MARIA","2761","4.540984","4.47541","4.688525","4.47541","4.770492","4.885246","4.934426","4.852459","4.852459","4.918033"
"HERNANDEZ-TRUYOL,BERTA","2762","4.090395","4.033898","4.305085","4.079096","3.988571","3.742857","4.331429","4.045714","3.908571","4.685714"
"HERNANDEZ,JILLIAN","2763","4.592593","4.598765","4.654321","4.611111","4.78882","4.728395","4.869565","4.770186","4.832298","4.956522"
"HERNANDEZ,JOANNA","2764","4.396552","4.37931","4.517241","4.310345","4.241379","4.155172","4.62069","4.155172","4.241379","4.793103"
"HERNANDEZ,JORGE ANTONIO","2765","4.916667","4.916667","4.916667","4.916667","4.909091","4.909091","4.909091","4.909091","4.727273","4.909091"
"HERNANDEZ,STEPHANIE","2766","4.470588","4.411765","4.588235","4.117647","4.823529","4.588235","4.882353","4.705882","4.647059","4.882353"
"HERRERA,ANDREA CATALINA","2767","4","4","3.75","4","4","4.25","4.5","5","5","5"
"HERRERA,BARBARA D","2768","4.131579","4.157895","3.486842","4.236842","3.815789","3.842105","4.263158","4.157895","4.105263","4.184211"
"HERRING,HADA","2769","4.12963","4.055556","4.518519","4","4.314815","4.259259","4.611111","4.537037","4.574074","4.888889"
"HERRON BLACK,MEGHAN","2770","4.555556","4.481481","4.407407","4.555556","4.703704","4.62963","4.851852","4.814815","4.888889","4.888889"
"HERSCHBERGER,JACOB ESH","2771","4.4375","4.3125","4.5625","4.375","4.25","4.4375","4.75","4.6875","4.125","4.5625"
"HERSHBERGER,TREVOR J","2772","4.5","4.388889","3.888889","4.666667","4.222222","3.611111","4.5","4.166667","4.5","4.722222"
"HERSHFIELD,SELMAN PHILIP","2773","4.048529","4.151471","3.704412","4.110294","4.39645","4.232593","4.590237","4.551111","4.5613","4.77548"
"HERWIG,MEGHAN VICTORIA","2774","3.933333","3.911111","4.466667","4.222222","4.288889","4.177778","4.577778","4.488889","4.555556","4.8"
"HERZFELD,MINDY","2775","4.554545","4.504545","4.595455","4.477273","4.609091","4.561644","4.627273","4.659091","4.590909","4.772727"
"HESS,PAMELA COVEY","2776","4.47541","4.377049","4.469945","4.355191","4.191257","4.437158","4.73224","4.622951","4.054645","4.836066"
"HESSE,HOLLY","2777","4.235294","4.294118","4","4.176471","4.235294","4.352941","4.352941","4.117647","4.294118","4.352941"
"HEUMANN,ERIC ANDREW","2778","4","4.076923","4.153846","4.076923","4.153846","4.384615","4.538462","4.692308","4.461538","4.615385"
"HEWIT,KYLE ROBERT","2779","4.382353","4.330882","4.308824","4.470588","4.323529","4.330882","4.477941","4.566176","4.477941","4.683824"
"HIATT,DREW THOMAS","2780","4.642857","4.5","4.714286","4.571429","4.714286","4.769231","4.857143","4.785714","4.785714","4.857143"
"HIBBITTS,DAVID D","2781","3.83871","3.967742","3.967742","4","3.677419","3.466667","3.903226","4.1","4","4.3"
"HIBBS,LISA","2782","5","5","5","5","5","5","5","5","5","5"
"HICKLIN,KAREN THEODORA","2783","4.083333","3.75","4.416667","4","4","3.727273","4.181818","4.181818","4","4.416667"
"HIDALGO,FRANCISCO J","2784","4.4","4.3","4.2","4.3","4.2","4.5","4.6","4.7","4","4.7"
"HIGASHI,MITCHELL K","2785","4.666667","4.733333","4.733333","4.733333","4.933333","4.8","4.933333","4.733333","4.933333","5"
"HIGDON,JOSHUA LIAM","2786","4.623457","4.555556","4.722222","4.524691","4.882716","4.919753","4.981481","4.95679","4.882716","4.962963"
"HIGGERSON,PAUL R","2787","4.45098","4.392157","4.392157","4.372549","4.632653","4.734694","4.795918","4.755102","4.755102","4.795918"
"HIGGINBOTHAM,RYAN E","2788","4.764706","4.764706","4.588235","4.705882","4.823529","4.705882","4.823529","4.823529","4.823529","4.823529"
"HIGGINS,ANNA ELIZABETH","2789","3.625","3.75","3.75","3.75","3.625","4.25","3.75","4.25","4","4"
"HILBERT,JULIANNA","2790","4.755556","4.748148","4.718519","4.62963","4.69697","4.727273","4.727273","4.757576","4.757576","4.727273"
"HILBERT,MARK-C","2791","4.428571","4.428571","4.571429","4","4.714286","4.714286","4.857143","4.714286","4.857143","4.857143"
"HILBURN,KYLEIGH CAYBE","2792","4.653846","4.634615","4.346154","4.596154","4.352941","4.653846","4.769231","4.788462","4.647059","4.807692"
"HILKIN,ELIZABETH","2793","4.456376","4.422819","4.288591","4.228188","4.483221","4.677852","4.550336","4.704698","4.530201","4.691275"
"HILL,AARON","2794","4.198091","4.140811","3.852029","4.250597","4.15311","4.348558","4.434053","4.633971","4.366029","4.495215"
"HILL,CARA CLARK","2795","4.530864","4.493827","4.469136","4.493827","3.906667","3.973333","3.746667","4.094595","4.04","3.933333"
"HILL,DANA","2796","3.5","3.833333","3.833333","3.5","3.833333","3.5","3.833333","4.166667","3.833333","4.5"
"HILL,HENRY ROBERT","2797","4.142857","4.190476","4.619048","4.238095","3.904762","4.047619","4.047619","4.285714","4.142857","4.238095"
"HILL,JASAMINE","2798","4.147059","4.147059","4.176471","4.205882","4.441176","4.382353","4.441176","4.705882","4.323529","4.676471"
"HILL,JEFFREY EUGENE","2799","4.251969","4.133858","3.748031","4.393701","4.196429","3.990991","4.342342","4.315315","4.359649","4.5"
"HILL,RICHARD C","2800","4.304426","4.290876","4.443541","4.284553","4.051435","4.027611","4.136364","4.173077","3.847073","4.649522"
"HILTUNEN,DENNIS R","2801","4.372093","4.372093","3.790698","4.604651","4.302326","4.209302","4.255814","4.604651","4.465116","4.55814"
"HIM CERRUD,GINETTE","2802","4.75","4.75","4.75","4.75","4.75","4.75","4.75","4.75","4.75","4.75"
"HIMES JR,SAMUEL H","2803","4.152542","4.144068","3.779661","4.211864","4.128205","4.08547","4.290598","4.435897","4.401709","4.410256"
"HINCAPIE MARIN,JENNY PAOLA","2804","4.182609","4.017391","4.391304","4.043478","4.421053","4.596491","4.54386","4.622807","4.45614","4.72807"
"HIND,EMILY","2805","4.229167","4.114583","4.53125","4.0625","4.270833","4.302083","4.427083","4.541667","4.135417","4.739583"
"HINK,BRITTANY L","2806","4.777778","4.444444","4.333333","4.444444","4.666667","4.666667","5","4.555556","4.777778","4.888889"
"HINKSON-GRANT,KAYLA KEINYCE","2807","4.222222","4.111111","4.444444","4.222222","4.222222","4.333333","4.555556","4.666667","4.333333","4.333333"
"HINOJOSA,ANGELA","2808","4.590909","4.545455","4.363636","4.636364","4.545455","4.681818","4.681818","4.727273","4.681818","4.681818"
"HINSMAN,COSMO DOW","2809","4.74359","4.74359","4.794872","4.692308","4.871795","4.923077","4.923077","4.769231","4.871795","4.974359"
"HINSON,LISA","2810","4.35","4.377778","4.444444","4.311111","4.433333","4.511111","4.672222","4.73743","4.5","4.711111"
"HINTON,CAROLYN","2811","4.53125","4.5","4.03125","4.46875","4.46875","4.612903","4.4375","4.5625","4.46875","4.46875"
"HIRSCHFELD,PETER JOSEPH","2812","4.677419","4.548387","4.516129","4.516129","4.419355","4.483871","4.774194","4.677419","4.419355","4.741935"
"HIRSHBERG,ELLEN","2813","4","3.909091","4.181818","3.909091","4","4.454545","4.181818","4.363636","4","4.636364"
"HIRSHMAN,JAKE","2814","4.09434","3.90566","3.698113","3.962264","4.188679","4.188679","4.377358","4.377358","4.396226","4.509434"
"HITCHINGS,MATT","2815","4.354839","4.290323","4.387097","4.419355","4.290323","4.516129","4.516129","4.548387","4.290323","4.612903"
"HITE,JENNIFER K","2816","4.710145","4.637681","4.565217","4.768116","4.75","4.80303","4.838235","4.852941","4.661765","4.882353"
"HMIELOWSKI,JAY","2817","4.426471","4.460784","4.534314","4.357843","4.563725","4.600985","4.602941","4.720588","4.593137","4.730392"
"HOADLEY,KERI","2818","3.866667","3.8","3.533333","3.966667","3.233333","3.266667","4.066667","3.766667","3.466667","4.2"
"HOBERT,JAMES P","2819","4.551724","4.517241","4.482759","4.482759","4.724138","4.482759","4.724138","4.758621","4.724138","4.896552"
"HOBERT,KATHERINE","2820","4.666667","4.666667","4.666667","4.666667","4.666667","4.666667","4.666667","4.666667","4.666667","4.666667"
"HOCHHAUS,GUENTHER","2821","4.241007","4.241007","4.244604","4.248201","4.45471","4.490942","4.572464","4.550725","4.289855","4.632246"
"HOCHMAIR,HARTWIG H","2822","4.116883","4.097403","3.805195","4.149351","4.123377","4.38961","4.188312","4.512987","3.922078","4.214286"
"HODGE,MARK C","2823","4.430464","4.337748","4.271523","4.271523","4.573333","4.355705","4.610738","4.606667","4.666667","4.68"
"HODGES II,CHARLES EDWARD","2824","4.391892","4.297297","4.445946","4.243243","4.472973","4.243243","4.635135","4.310811","4.459459","4.851351"
"HODGES,AMANDA C","2825","4.017857","3.928571","3.625","4.035714","4.053571","4.142857","4.339286","4.285714","4.089286","4.285714"
"HODGES,BRITTANY LEA GRUBBS","2826","4.255","4.205","3.92","4.29","4.2","4.17","4.46","4.345","4.46","4.61"
"HODGES,LAURA ANNE CURTIS","2827","4.035294","4.094118","4.035294","3.964706","4.765432","4.716049","4.851852","4.790123","4.82716","4.925926"
"HODGES,LAUREN BURNS","2828","3.855357","3.859524","3.484524","4.063095","3.928401","4.184985","4.301075","4.478806","4.281194","4.405131"
"HODGES,MICHAEL JEROME","2829","4.734332","4.663488","4.713896","4.638965","4.904632","4.923706","4.926431","4.935967","4.918256","4.944142"
"HOFER,NINA","2830","4.878049","4.878049","4.829268","4.780488","4.926829","4.902439","4.97561","4.95122","4.902439","5"
"HOFFMAN,BRAD E","2831","5","5","5","5","5","5","5","5","5","5"
"HOFFMAN,BRUCE","2832","4.652174","4.608696","4.608696","4.565217","4.73913","4.478261","4.73913","4.565217","4.73913","4.826087"
"HOFFMANN,MADISON ROSE","2833","3.83871","3.741935","3.419355","4.064516","3.892857","4.285714","4.214286","4.142857","4.142857","4.214286"
"HOFMANN,MICHAEL","2834","4.842105","4.824561","4.894737","4.789474","4.894737","4.947368","4.947368","4.754386","4.842105","4.964912"
"HOFSTETTER,DAN","2835","4.628571","4.605714","4.582857","4.594286","4.83908","4.793103","4.867816","4.873563","4.856322","4.87931"
"HOGAN,MICHAELA K","2836","3.795322","3.900585","4.157895","3.789474","4.070175","4.321637","4.105263","4.356725","4.169591","4.538012"
"HOGAN,WILLIAM","2837","4","4.125","4.25","3.875","4.375","4.625","4.375","4.5","3.875","4.625"
"HOLBERG,RICK","2838","4.582278","4.56962","4.506329","4.468354","4.443038","4.615385","4.734177","4.658228","4.455696","4.658228"
"HOLBROOK,TODD CHADWELL","2839","4.400376","4.325188","4.345865","4.37406","4.447034","4.415254","4.551797","4.452431","4.471459","4.59408"
"HOLDER,EAVEN","2840","4.766667","4.633333","4.9","4.7","4.866667","4.9","4.9","4.933333","4.9","4.8"
"HOLGERSON,ALLISON A","2841","4.580645","4.580645","4.677419","4.483871","4.645161","4.806452","4.903226","4.83871","4.806452","4.741935"
"HOLIDAY,REX","2842","4.333333","4.333333","4","4","3.333333","4.666667","4.166667","4.5","4.333333","4.5"
"HOLLAND,BRIAN EVERETT","2843","4.419643","4.316964","4.508929","4.263393","4.771574","4.812183","4.888325","4.817259","4.822335","4.918782"
"HOLLER,ROY","2844","4.27193","4.377193","4.5","4.385965","4.508772","4.412281","4.517544","4.307018","4.45614","4.815789"
"HOLLIDAY,MCKENNA ELSIE","2845","4.625","4.5","4.75","4.5","4.875","4.875","4.875","4.875","4.75","4.875"
"HOLLIDAY,SHANNON","2846","4.300971","4.194175","4.184466","4.262136","4.320388","4.398058","4.61165","4.572816","4.281553","4.660194"
"HOLLISTER,BRITTANY M","2847","4.6","4.6","4.8","4.6","4.6","5","4.8","4.8","4.8","4.8"
"HOLLOMAN,AMANDA KATELYN","2848","4.047619","4","4.269841","4.095238","4.190476","4.412698","4.555556","4.349206","4.285714","4.619048"
"HOLLOWELL,TY","2849","4.631579","4.684211","4.842105","4.421053","4.5625","4.6875","4.8125","4.9375","4.9375","5"
"HOLMES III,UDELL","2850","4.125","4","3.96875","4.1875","4","4.458333","4.347826","4.434783","3.958333","4.375"
"HOLMES,DAVID","2851","4.666667","4.666667","4.324561","4.657895","4.672566","4.780702","4.745614","4.815789","4.798246","4.929825"
"HOLMLUND,VINCENT DANIEL","2852","4.282895","4.322368","3.736842","4.368421","3.869863","4.253425","4.287671","4.369863","3.972603","4.260274"
"HOLSTEIN III,RALPH DONALD","2853","4.517241","4.551724","4.724138","4.586207","4.862069","4.827586","4.896552","4.896552","4.724138","4.896552"
"HOLT,ROBERT D","2854","4.857143","4.571429","4.857143","4.714286","4.642857","3.428571","4.571429","4.357143","4.214286","5"
"HOLTON,M. KIM","2855","4.47619","4.452381","4.509524","4.366667","4.471429","4.566667","4.614286","4.628571","4.466667","4.728571"
"HOLTZAPPLE,ALEXA M","2856","4.25","4.125","3.875","4.25","3.8125","4.0625","4.3125","4.375","4.125","4.375"
"HOM,AMANDINE","2857","4.636364","4.727273","4.909091","4.545455","5","5","5","5","5","5"
"HOMAN JR,SIDNEY R","2858","4.455882","4.441176","4.602941","4.558824","4.632353","4.661765","4.735294","4.867647","4.617647","4.985294"
"HONE,LIANA","2859","4.415094","4.433962","4.339623","4.283019","4.54717","4.396226","4.660377","4.415094","4.471698","4.811321"
"HONEYCUTT,BRITTANY KILLEBREW","2860","4.28866","4.206186","4.453608","4.247423","4.625","4.625","4.78125","4.71875","4.6875","4.854167"
"HONG,FAN","2861","2.561404","2.77193","2.491228","3.087719","2.315789","2.333333","2.561404","2.684211","2.333333","2.736842"
"HONG,YOUNG-ROCK","2862","4.314607","4.275281","4.073034","4.331461","4.107955","4.403409","4.482955","4.607955","4.232955","4.613636"
"HONIG,ARTUR-OR","2863","4.086957","3.913043","4.391304","3.652174","4.043478","3.391304","4.217391","3.913043","3.826087","4.869565"
"HONSINGER,LEAH","2864","3.944444","3.981481","3.851852","3.962963","4.092593","4.259259","4.185185","4.407407","4.259259","4.12963"
"HOOD,CARTER SHERMON","2865","4.586777","4.495868","4.256198","4.570248","4.561983","4.68595","4.77686","4.760331","4.694215","4.652893"
"HOOGENBOOM,GERRIT","2866","4.535714","4.464286","4.392857","4.428571","4.678571","4.5","4.785714","4.785714","4.642857","4.821429"
"HOOKS,JAMES MICHAEL","2867","4.763158","4.723684","4.815789","4.618421","4.947368","4.934211","4.947368","4.934211","4.947368","4.973684"
"HOOVER,AARON HAROLD","2868","5","4","5","5","5","5","5","5","4.5","5"
"HOOVER,BRITTANY C","2869","4.692308","4.230769","4.461538","4.384615","4.769231","4.769231","4.846154","4.846154","4.846154","5"
"HOOVER,JIM","2870","4.575103","4.539095","4.496914","4.473251","4.705155","4.723996","4.786818","4.819588","4.720906","4.825953"
"HOOVER,KELLEY A","2871","4.692308","4.461538","4.846154","4.769231","4.846154","4.769231","4.923077","4.846154","4.923077","4.923077"
"HOOVER,MARK BENTON","2872","4.494163","4.400778","4.466926","4.385214","4.564706","4.80315","4.787402","4.80315","4.67451","4.897638"
"HOPE,LISA","2873","4.580247","4.62963","4.185185","4.567901","4.679012","4.641975","4.790123","4.802469","4.753086","4.91358"
"HOPKINS,RAYMOND PARKER","2874","4.333333","4.288889","4.444444","4.2","4.733333","4.666667","4.866667","4.733333","4.711111","4.911111"
"HORGAS,ANN L","2875","4.793103","4.758621","4.793103","4.758621","4.931034","4.896552","4.931034","4.896552","4.896552","4.931034"
"HORN,DONNA M","2876","4","4.25","3.25","4.5","4","4","4","3.75","3.75","4.5"
"HORN,STEVEN","2877","5","5","5","5","5","5","5","5","5","5"
"HORN,TIM","2878","4.708333","4.666667","4.416667","4.666667","4.652174","4.826087","4.826087","4.695652","4.73913","4.652174"
"HORODYSKI,MARYBETH","2879","4.090909","3.818182","4.363636","4","3.727273","3.636364","4","4.090909","3.454545","4.636364"
"HORSLEY,SCOTT RICHMOND","2880","4.27957","4.107527","3.258065","4.451613","4.064516","3.655914","4.462366","4.27957","4.44086","4.55914"
"HORVAT,ABIGAIL","2881","5","5","5","5","5","5","5","5","5","5"
"HORVATH,ALEXANDER DAVID","2882","4.333333","4.333333","4.333333","4.380952","4.707317","4.512195","4.707317","4.682927","4.682927","4.560976"
"HORVATH,CHERYL","2883","4.103448","4","4.137931","4.137931","4.344828","4.551724","4.448276","4.517241","4.448276","4.551724"
"HORVATH,TINA L","2884","5","5","5","5","5","5","5","5","5","5"
"HORWITZ,HEIDI","2885","4.491582","4.420875","4.329966","4.377104","4.40339","4.454237","4.511864","4.585448","4.424704","4.445008"
"HOSNEY,SHERIF","2886","5","5","5","5","5","5","5","5","5","5"
"HOSSEININASAB,AMIN","2887","4.428571","4.365079","4.31746","4.380952","4.52381","4.571429","4.571429","4.761905","4.444444","4.650794"
"HOUGH,CHLOE E","2888","5","5","5","5","5","5","5","4.666667","5","5"
"HOUGHTALING,DAWSON","2889","4.184615","4.184615","4.369231","4.153846","4.484375","4.453125","4.59375","4.507692","4.609375","4.515625"
"HOUIM,RYAN WILLIAM","2890","4.4","4.475","4.15","4.5","4.2","3.625","4.25","4.05","4.25","4.525"
"HOUSE,AMANDA M","2891","4.426724","4.310345","4.5","4.405172","4.44843","4.414414","4.524664","4.472973","4.55157","4.556054"
"HOUSE,LISA A","2892","4.123077","3.923077","4.015385","4.061538","4.169231","4.338462","4.430769","4.523077","4.353846","4.476923"
"HOUSTON,JOEL F","2893","4.221333","4.192","4.045333","4.202667","4.261333","4.48","4.544","4.645333","4.293333","4.685333"
"HOUTZ,RACHEL","2894","4.147541","4.180328","4.295082","4.147541","4.135593","4.186441","4.491525","4.525424","4.305085","4.627119"
"HOVE,HARRISON C","2895","4.644628","4.603306","4.619835","4.586777","4.625","4.691667","4.46281","4.735537","4.61157","4.733333"
"HOWARD,LARRY","2896","4.59375","4.53125","4.09375","4.625","4.5","4.390625","4.46875","4.703125","4.546875","4.734375"
"HOWARD,RYAN JACKSON","2897","4.454545","4.519481","4.415584","4.441558","4.684211","4.789474","4.710526","4.828947","4.710526","4.697368"
"HOWARD,WALTER STEPHEN","2898","4.285088","4.27193","4.280702","4.285088","4.5","4.525346","4.513761","4.504587","4.53211","4.541284"
"HOWE,ABIGAIL","2899","4.612903","4.483871","4.451613","4.580645","4.354839","4.741935","4.741935","4.806452","4.709677","4.677419"
"HOWE,ANDREW","2900","4.571429","4.642857","4.571429","4.571429","2.909091","3","2.727273","3.272727","3.090909","3.454545"
"HOWELL,BREANNA","2901","4.725389","4.647668","4.637306","4.554404","4.720207","4.683938","4.803109","4.803109","4.678756","4.849741"
"HOWLADAR,SATYANATH","2902","3.896321","3.943144","3.294314","3.973244","3.746888","3.863071","4.016598","4.116183","3.809129","4.120332"
"HOWLETT,PAMELA ANN","2903","4.588235","4.470588","4.764706","4.411765","4.764706","4.647059","4.823529","4.647059","4.823529","5"
"HOWLEY,SAMANTHA T","2904","4.454545","4.181818","4.272727","4.227273","4.863636","4.772727","4.909091","4.954545","4.909091","4.909091"
"HOZIC,AIDA A","2905","4.612245","4.591837","4.591837","4.469388","4.755102","4.734694","4.836735","4.836735","4.714286","4.918367"
"HSU,CHIA-HANG","2906","4.347222","4.333333","4.416667","4.361111","4.5","4.5","4.708333","4.625","4.555556","4.75"
"HU,BOYI","2907","3.914062","3.929688","3.84375","4.070312","3.945312","4.304688","4.085938","4.382812","4.054688","4.351562"
"HU,CHIA-YU","2908","3.363636","3.204545","3.227273","3.568182","3.136364","3.409091","3.818182","4.113636","3.113636","4.568182"
"HU,JIAMIN","2909","4.230769","4.230769","4.615385","4.076923","4.666667","4.666667","4.666667","4.666667","4.666667","4.666667"
"HU,LINGQIAN","2910","3.875","3.75","4.375","3.875","3.875","4.625","4.125","4.5","4","4.125"
"HU,RUI","2911","4.238636","4.170455","3.681818","4.170455","3.681818","3.488636","4.193182","4.261364","3.977273","4.284091"
"HU,YUJIE","2912","4.438356","4.410959","4.438356","4.369863","4.575342","4.410959","4.561644","4.60274","4.60274","4.616438"
"HUA,QIUSHI","2913","4.222222","4.333333","4.074074","4.444444","3.962963","4.407407","4.407407","4.518519","4.074074","4.407407"
"HUANG,KEJUN","2914","4.027778","4.12037","3.731481","4.138889","3.935185","4.203704","4","4.333333","3.925926","4.259259"
"HUANG,LEE-SU","2915","4.257426","4.153465","3.668317","4.163366","4.524752","4.19802","4.50495","4.519802","4.544554","4.623762"
"HUANG,LISA","2916","4.526316","4.473684","4.631579","4.684211","4.736842","4.947368","4.421053","4.842105","4.842105","5"
"HUANG,RUI TAMMY","2917","4.290155","4.279793","4.010363","4.181347","4.192708","4.34375","4.489583","4.583333","4.151832","4.75"
"HUANG,RUSONG","2918","4.033898","4.152542","3.971751","4.152542","4.083333","4.131737","4.347305","4.46988","3.964072","4.434524"
"HUANG,SHU JEN","2919","4.113747","4.173966","3.629562","4.240268","4.123926","4.130301","4.260736","4.453988","4.197546","4.426642"
"HUANG,SHUANG","2920","4.378378","4.297297","4.432432","4.459459","4.540541","4.486486","4.567568","4.513514","4.486486","4.594595"
"HUANG,YONG","2921","4.082759","4.117241","4.048276","4.103448","4.206897","4.213793","4.537931","4.37931","4.227586","4.8"
"HUANG,YUE","2922","4.457627","4.559322","4.338983","4.559322","3.482759","3.741379","3.844828","4.210526","3.5","4"
"HUANG,YVONNE","2923","4.333333","4.333333","4.555556","4.222222","4.555556","4.555556","4.555556","4.444444","4.555556","4.666667"
"HUANG,ZHEFAN","2924","4.48","4.48","4.6","4.36","4.56","4.88","4.76","4.84","4.68","4.8"
"HUBBARD,JESSICA CHLO","2925","4.617021","4.553191","4.531915","4.553191","4.87234","4.893617","4.893617","4.851064","4.893617","4.914894"
"HUBNER,AUSTIN YVONNE","2926","4.333333","4.333333","4.333333","4.333333","4.666667","4.666667","4.666667","4.666667","4.666667","4.666667"
"HUCK,PAUL C","2927","4.642857","4.5","4.5","4.428571","4.785714","4.428571","4.571429","4.571429","4.857143","4.928571"
"HUDALLA,GREGORY","2928","4.619048","4.634921","4.571429","4.603175","4.730159","4.698413","4.746032","4.714286","4.793651","4.84127"
"HUDGSON STEELE,MARCELINO","2929","4.280255","4.292994","4.356688","4.299363","4.55414","4.503185","4.757962","4.687898","4.649682","4.783439"
"HUDSON,JOCYNDA","2930","3.958333","3.833333","3.083333","4.125","3.875","3.666667","3.875","3.833333","4.083333","4.125"
"HUDSON,KYLE PATRICK","2931","4.257143","4.271429","4.371429","4.142857","4.685714","4.6","4.771429","4.685714","4.785714","4.871429"
"HUEGELE,INDAH BADRIYYAH","2932","2.57377","2.860656","2.327869","2.819672","3","3.3125","3.46875","3.625","3.53125","3.5625"
"HUFF,JOSHUA ERIC","2933","4.625","4.5","4.5","4.625","4.625","4.625","4.75","4.625","4.875","4.75"
"HUFFAKER,ELIZABETH","2934","4.75","4.75","4.75","4.75","5","5","5","5","5","5"
"HUFFAKER,RAY G","2935","4.642857","4.571429","4.535714","4.464286","4.8","4.8","4.933333","4.933333","4.6","4.866667"
"HUFFMAN,SHARI","2936","4.370536","4.267857","4.379464","4.285714","4.66055","4.733945","4.706422","4.747706","4.651376","4.743119"
"HUGGINS,BARRETT","2937","4.779221","4.662338","4.727273","4.688312","4.75","4.777778","4.861111","4.833333","4.805556","4.888889"
"HUGGINS,SHAVONDRA C","2938","4.478261","4.391304","4.521739","4","4.590909","4.863636","4.727273","4.863636","4.681818","5"
"HUGHES,BILL","2939","4.5","4.5","4.333333","4.416667","4.625","4.583333","4.75","4.75","4.416667","4.791667"
"HUGHES,BOB","2940","4.5","4.445205","4.289954","4.479452","4.570776","4.730594","4.721461","4.776256","4.702517","4.750572"
"HUGHES,BRITTANY","2941","3.446602","3.495146","3.669903","3.504854","4.417476","4.349515","4.514563","4.533981","4.427184","4.533981"
"HUGUENIN,CAROLINE","2942","4.189922","4.112403","4.054264","4.104651","4.246445","4.460094","4.507109","4.521127","4.303318","4.507042"
"HUGUET TAPIA,JOSE C","2943","4.666667","4.611111","4.666667","4.611111","4.888889","4.944444","5","5","4.888889","5"
"HUGUET,ELODIE EMMANUELLE","2944","4.623626","4.572802","4.64011","4.586538","4.627172","4.620853","4.731861","4.681388","4.608833","4.727129"
"HUIGENS III,ROBERT W","2945","4.333333","4.266667","4.333333","4.466667","4.533333","4.533333","4.466667","4.533333","4.666667","4.866667"
"HULCR,JIRI","2946","4.2","4.4","4.2","4","4.2","4.4","4.4","4.4","4.6","4.4"
"HULL,BROOKE L","2947","4.695652","4.695652","4.695652","4.521739","4.913043","5","5","4.956522","4.782609","5"
"HULL,LESLEY L","2948","4.722222","4.722222","4.722222","4.666667","4.888889","4.888889","4.888889","4.777778","4.833333","4.888889"
"HULL,MARGARET ANNE","2949","5","5","5","5","5","5","5","5","5","5"
"HULL,VANESSA KRISTIN","2950","4.747664","4.635514","4.607477","4.719626","4.813084","4.850467","4.925234","4.906542","4.88785","4.962617"
"HULME,PATRICK","2951","4.466667","4.333333","4.533333","4.666667","4.533333","4.533333","4.666667","4.733333","4.666667","4.6"
"HUMBEL,ELLEN A","2952","3.506329","3.506329","3.101266","3.607595","3.211538","3.576923","3.653846","3.826923","3.634615","3.807692"
"HUNDEMER,SADIE","2953","4.682927","4.621951","4.70122","4.5","4.829268","4.853659","4.902439","4.847561","4.841463","4.926829"
"HUNDLEY,FAITH ALEXANDRA","2954","3.555556","3.481481","3.098765","3.876543","3.954545","4.227273","4.295455","4.244444","4.116279","4.318182"
"HUNG,WAN-CHU","2955","4.666667","4.618056","4.553241","4.553241","4.548718","4.497436","4.574359","4.561856","4.574359","4.646154"
"HUNSAKER,EMILY WELLS","2956","4.188235","4.235294","4.141176","4.317647","4.388235","4.364706","4.623529","4.658824","4.670588","4.658824"
"HUNT,DEREK J","2957","4.739696","4.639913","4.43167","4.687636","4.822126","4.700651","4.880694","4.804772","4.854664","4.913232"
"HUNT,NANCY","2958","2.955224","3.208955","3.791045","3.402985","3.119403","3.014925","3.477612","2.925373","2.61194","4.477612"
"HUNT,RYAN J","2959","4.902778","4.861111","4.868056","4.854167","4.951389","4.9375","4.951389","4.909722","4.916667","4.951389"
"HUNTER-DONIGER,TRACEY","2960","4.296296","4.407407","3.851852","4.481481","4.074074","4.259259","4.407407","4.074074","4.148148","4.481481"
"HUNTER,HAYDEN","2961","4.294872","4.179487","3.641026","4.230769","4.194805","4.25974","4.402597","4.506494","4.168831","4.597403"
"HUNTLEY III,CARLTON A","2962","4.181818","4.227273","4.454545","4.409091","4.454545","4.454545","4.590909","4.454545","4.545455","4.636364"
"HUO,HEQIANG ""ALFRED""","2963","4.555556","4.388889","4.666667","4.611111","4.722222","4.888889","4.777778","4.722222","4.722222","4.888889"
"HUO,ZHIGUANG","2964","4.1","4.4","3.6","4.6","4","4.125","4","4.375","4.125","4.75"
"HURTADO,LIZ BEATRIZ","2965","4.333333","4.375","4.375","4.25","4.625","4.583333","4.666667","4.708333","4.541667","4.625"
"HUSBAND,SHEA A","2966","4.891892","4.810811","4.864865","4.756757","4.962963","4.925926","5","4.888889","4.962963","5"
"HUSSAIN,LAMEACE","2967","4.804878","4.674797","4.796748","4.707317","4.96748","4.918699","4.96748","4.98374","4.96748","5"
"HUSSAIN,MUJAHID","2968","4.216216","4.162162","4.351351","4.297297","4.108108","4.108108","4.540541","4.432432","4.324324","4.756757"
"HUSSEIN, B.D.S.,HIND S","2969","4.285714","4.040816","3.959184","4.102041","3.554795","3.59589","3.856164","4.034247","3.513699","4.547945"
"HUSTON,JESSICA C","2970","4.630508","4.589831","4.608475","4.552542","4.756803","4.732993","4.818027","4.777211","4.763605","4.812925"
"HUTCHENS,MYIAH","2971","4.611111","4.555556","4.333333","4.444444","4.6","4.628571","4.742857","4.742857","4.628571","4.742857"
"HUTCHINS,TESS","2972","4.058824","4.294118","4.411765","3.941176","4.470588","4.647059","4.529412","4.705882","4.529412","4.411765"
"HUTINET,GEOFFREY","2973","3.162162","3.331081","2.513514","3.351351","2.618705","2.71223","2.913669","3.035971","2.781022","3.108696"
"HUTSON,JESSICA L","2974","4.738717","4.68171","4.684086","4.5962","4.590909","4.596591","4.619318","4.594286","4.630682","4.590909"
"HWANG,CATHY","2975","4.638889","4.638889","4.833333","4.527778","4.944444","4.972222","5","5","4.916667","5"
"HWANG,CHARLES","2976","4.794118","4.735294","4.764706","4.794118","4.794118","4.823529","4.823529","4.823529","4.794118","4.823529"
"HWANG,DONGKYU","2977","3.625","3.875","3.75","3.75","4","4.571429","4.75","4.25","3.875","4.375"
"HWANG,WOORIN","2978","3.821429","4","3.857143","3.821429","4.214286","4.5","4.428571","4.357143","4.392857","4.464286"
"HWANGBO,SEUNG WOO","2979","3.952381","4","4.095238","4.119048","4.857143","4.857143","4.857143","4.857143","4.857143","4.857143"
"HYDE,MELISSA","2980","4.821429","4.678571","4.72619","4.72619","4.928571","4.75","4.892857","4.821429","4.833333","4.988095"
"HYMAN,MADISON E","2981","3.814286","3.8","2.871429","4.028571","3.15942","3.449275","3.565217","3.463768","3.507246","3.652174"
"IAKOVLEVA,TATIANA","2982","4.916667","4.833333","4.916667","4.75","5","5","5","5","5","5"
"IBRAHIM,NOURA","2983","4.377778","4.311111","4.533333","4.422222","4.6","4.577778","4.777778","4.777778","4.733333","4.733333"
"IDEC,JACOB HIESTER","2984","4.366667","4.383333","4.35","4.316667","4.396226","4.490566","4.509434","4.471698","4.377358","4.490566"
"IDOWU,DEBORAH IFEOLUWA","2985","4.352941","4.098039","4.686275","4.294118","4.588235","4.54902","4.72549","4.666667","4.45098","4.921569"
"IFF-NOEL,FLORA","2986","3.980263","3.875","3.953947","4.230263","4.157895","4.019737","4.381579","4.460526","4.184211","4.684211"
"IFFLAND,WILLIAM","2987","4.4","4.3","4.4","4.7","4.3","4.4","4.7","4.1","4.3","4.9"
"IFJU,PETER G","2988","4.651639","4.635246","4.27459","4.631148","4.75","4.495902","4.766393","4.663934","4.782787","4.881148"
"IGOGO,GODSTIME","2989","3.571429","3.428571","4.285714","4.142857","2.285714","2.142857","2.714286","2.857143","2.428571","4.285714"
"ILDEFONSO,CRISTHIAN J","2990","3.666667","3.666667","3.666667","3.666667","3.666667","3.666667","3.666667","3.666667","3.666667","3.666667"
"IMHOOF,MIDORI","2991","4.64","4.47","4.69","4.56","4.76","4.87","4.75","4.82","4.7","4.88"
"IMLER,AMIE M","2992","4.619916","4.467041","4.489481","4.523142","4.710042","4.707386","4.8529","4.763456","4.772277","4.854314"
"IMPINK,JOHANNES","2993","4.123223","4.151659","4.232227","4.018957","4.118483","4.331754","4.478673","4.57346","4.066351","4.582938"
"IMPONENTI,MATTIA L","2994","4.5","4.5","4.5","4.5","5","5","5","5","5","5"
"INÁNCSI,HALEY","2995","3.764706","3.764706","4.411765","3.882353","4.647059","4.529412","4.764706","4.529412","4.647059","4.764706"
"INBODEN,WILLIAM","2996","4.545455","4.545455","4.454545","4.181818","4.818182","4.545455","4.818182","4.5","4.909091","4.909091"
"INDARAWIS,DAVID W","2997","4.531915","4.375887","4.340426","4.41844","4.666667","4.631206","4.716312","4.70922","4.730496","4.680851"
"INDELICATO,LAUREN","2998","4.666667","4.666667","4.5","4.666667","4.583333","4.666667","4.583333","4.666667","4.583333","4.583333"
"INFANTE,MARIA V","2999","4.285211","4.260563","4.130282","4.373239","4.173585","4.362264","4.50566","4.486792","4.373585","4.626415"
"INGERSENT,KEVIN","3000","4.5","4.464286","4.321429","4.357143","4.392857","4.535714","4.392857","4.642857","4.214286","4.5"
"INGLETT,KANIKA S","3001","4.333333","4","4.47619","4.333333","4.190476","4","4.380952","4.238095","4.190476","4.761905"
"INGLETT,PATRICK W","3002","3.950617","3.950617","4.037037","4.08642","3.777778","3.641975","3.975309","3.975309","3.691358","4.432099"
"INGRAM,JILL PHILLIPS","3003","4.323529","4.235294","4.588235","4.264706","4.632353","4.735294","4.720588","4.720588","4.691176","4.808824"
"INGRAM,ROBERT GLYNN","3004","4.777778","4.333333","4.888889","4.555556","5","4.333333","5","4.555556","4.777778","5"
"INMAN,AMANDA L","3005","4.695021","4.63278","4.639004","4.564315","4.788845","4.738956","4.808","4.74","4.795181","4.808"
"INMAN,RACHEL","3006","2.666667","2.851852","3.037037","2.851852","3.148148","2.814815","3.851852","2.888889","3.740741","3.777778"
"INVERSO,HAILEY","3007","4.75","4.583333","4.833333","4.583333","4.916667","4.833333","4.916667","4.916667","4.916667","4.916667"
"IPPOLITO,THOMAS EARL","3008","4.135135","4.191441","4.024775","4.153153","4.17833","4.246606","4.446953","4.593679","4.342404","4.493243"
"IRVIN,DWIGHT W","3009","4.473684","4.447368","4.368421","4.394737","4.342105","4.648649","4.567568","4.684211","4.263158","4.405405"
"IRVING,JO A","3010","4.470588","4.588235","4.529412","4.470588","4.647059","4.764706","4.764706","4.764706","4.647059","4.764706"
"IRVING,NICOLE B","3011","4.7","4.5","4.5","4.6","4.6","4.5","4.8","4.8","4.8","4.9"
"IRWIN,COURTNEY BINZ","3012","4.28125","3.9375","3.65625","3.9375","4.8","4.8","4.8","4.8","4.8","4.8"
"ISAAC,CHRISTELLE W","3013","4.605839","4.532847","4.559611","4.476886","4.666667","4.707407","4.588889","4.762963","4.703704","4.744444"
"ISABELLE,NICOLE MARIE","3014","4.692308","4.769231","4.692308","4.615385","4.923077","5","4.923077","5","5","5"
"ISAZA,RAMIRO","3015","4.381818","4.309091","4.442424","4.387879","4.636364","4.472727","4.660606","4.618182","4.581818","4.715152"
"ISHOV,ALEXANDER M","3016","4.424658","4.232877","4.315068","4.369863","4.513889","4.513889","4.597222","4.569444","4.541667","4.694444"
"ISLAM,KHONDOKAR NOWSHIN","3017","4.2","4.1","4.4","4.2","4.526316","4.421053","4.736842","4.631579","4.526316","4.736842"
"ISLAM,MD JAHIDUL","3018","4.344371","4.317881","3.86755","4.278146","4.05298","3.966887","4.245033","4.198675","3.94702","4.496689"
"ISLAM,MD SAHIDUL","3019","4.1","3.6","3.6","3.6","2.7","2.5","3.7","3.1","3.1","4"
"ISLAM,NOWSHIN","3020","4.416667","4.583333","4.75","4.416667","4.333333","4.416667","4.666667","4.416667","4.166667","4.75"
"ISLAM,SALEEM","3021","","","","","","","","","",""
"ISON,NOLAN","3022","4.25","4.375","3.916667","4.3125","4.553191","4.617021","4.702128","4.617021","4.659574","4.680851"
"ISRAEL,MAYA","3023","3.533333","3.666667","3.266667","4.066667","3.6","3.533333","4.133333","3.466667","3.866667","4"
"ISSA,RAJA RAYMOND","3024","4.292683","4.292683","4.073171","4.390244","4.012658","3.974684","4.225","4.189873","4.037975","4.303797"
"IVES,LINDSEY ANNE","3025","4.615385","4.474359","4.269231","4.602564","4.692308","4.717949","4.730769","4.807692","4.782051","4.769231"
"IVESTER,RACHEL GRACE","3026","4.5","4.5","4.5","4.2","4.8","4.6","4.9","4.65","4.75","4.85"
"IVORY II,ALAN ANDREW","3027","4.4","4.266667","4.577778","4.2","4.911111","4.955556","4.955556","4.933333","4.911111","4.977778"
"IWAMOTO,KEIJI","3028","4.891892","4.756757","4.945946","4.756757","4.972973","5","5","4.972973","4.972973","5"
"IYAMU,RAPHAEL O","3029","3.954545","3.545455","3.863636","3.863636","3.636364","2.954545","4","3.409091","3.409091","4.272727"
"JABOT,BRITTNEY A","3030","4.764706","4.720588","4.676471","4.647059","4.823529","4.867647","4.867647","4.852941","4.852941","4.808824"
"JACK,CAMERON J","3031","4.647583","4.559796","4.128499","4.641221","4.647134","4.658163","4.806369","4.779618","4.788535","4.877551"
"JACKSON,ALANA S","3032","4.557692","4.538462","4.692308","4.288462","4.653846","4.596154","4.807692","4.634615","4.692308","4.826923"
"JACKSON,AMANDA MARIE","3033","4.532258","4.258065","4.516129","4.370968","4.754098","4.786885","4.868852","4.836066","4.770492","4.868852"
"JACKSON,BLAKE","3034","4.833333","4.833333","4.833333","4.833333","5","5","5","5","5","5"
"JACKSON,EMILY","3035","4.47619","4.380952","4.27381","4.392857","4.440476","4.488095","4.452381","4.547619","4.22619","4.619048"
"JACKSON,PHILIP B","3036","4.19076","4.278689","3.840537","4.266766","4.277612","3.614925","4.475336","3.902985","4.534328","4.777612"
"JACKSON,YOLANDA C","3037","4.916667","4.833333","4.916667","4.75","5","5","5","5","5","5"
"JACOB,JACK","3038","4.442623","4.393443","4.622951","4.344262","4.224138","4.385965","4.482759","4.438596","4.431034","4.448276"
"JACOBI,CASEY","3039","4.065789","3.947368","4","4.039474","4.2","4.254545","4.327273","4.327273","4.327273","4.436364"
"JACOBS,ALEXANDER","3040","4.35","4.361765","4.255882","4.308824","4.367647","4.309735","4.482353","4.638235","4.479412","4.6"
"JACOBS,AUSTIN ROBERT","3041","3.54918","3.614754","3.57377","3.647541","3.735043","3.811966","4.051282","4.247863","3.692308","4.051282"
"JACOBS,BENJAMIN NORMAN","3042","4.261905","4.142857","4.130952","4.107143","4.2625","4.202532","4.2875","4.2375","4.3","4.2875"
"JACOBS,HANNAH COREY","3043","4.486486","4.459459","4.581081","4.527027","4.493151","4.547945","4.684932","4.69863","4.589041","4.726027"
"JACOBS,MATTHEW FAY","3044","4.684211","4.631579","4.631579","4.526316","4.526316","4.105263","4.947368","4.842105","4.631579","4.842105"
"JACOBS,MOLLY","3045","4.03125","3.989583","3.96875","3.8125","4.010417","4.25","4.46875","4.572917","4.145833","4.604167"
"JACOBSEN,LAURA","3046","3","4","4","5","5","5","5","5","5","5"
"JAEGER,JOHN M","3047","4.408805","4.327044","4.226415","4.333333","4.352459","4.196721","4.565574","4.409836","4.377049","4.672131"
"JAFFEE,MICHAEL","3048","4.596154","4.5","4.576923","4.576923","4.519231","4.461538","4.519231","4.5","4.557692","4.538462"
"JAGGER,CARLA","3049","4.68","4.64","4.62","4.6","4.8","4.86","4.88","4.94","4.86","4.96"
"JAHN,STEPHAN C","3050","4.432184","4.321073","3.91341","4.397701","4.535439","4.517028","4.583975","4.658443","4.622976","4.67155"
"JAIN,EAKTA","3051","4.095238","4.190476","4.190476","4.063492","4.032258","4.209677","4.225806","4.31746","4.031746","4.253968"
"JAIN,PIYUSH","3052","4.469388","4.428571","4.142857","4.469388","4.510204","4.265306","4.755102","4.571429","4.387755","4.938776"
"JAKAB,KEVIN EDWARD","3053","4.444444","4.333333","4.222222","4.333333","4.333333","4.555556","4.222222","4.444444","4.444444","4.666667"
"JAKAR,GIDON","3054","4.079208","4.138614","4.128713","4.178218","4.136842","4","4.37234","4.234043","4.223404","4.457447"
"JAKE-SCHOFFMAN,DANIELLE","3055","4.098765","4.148148","3.987654","4.098765","4.111111","4.259259","4.320988","4.493827","4.08642","4.407407"
"JALALI,AZADEH","3056","4.153846","4.153846","4","4.076923","3.653846","4.038462","4.346154","4.076923","3.269231","4.346154"
"JALPA,LAURA","3057","3.875","4","3.125","3.875","3.75","4.375","4.125","4.5","4.25","4.125"
"JAMES,CHRISTOPHER","3058","4.1875","4.1875","4.1875","4.375","4.25","4.416667","4.333333","4.458333","4.229167","4.729167"
"JAMES,DELORES CORINNE","3059","4.341463","4.262195","4.170732","4.384146","4.29878","4.439024","4.542683","4.597561","4.402439","4.664634"
"JAMES,KORRIE","3060","3.583333","3.7","3.7","3.7","4.188679","4.245283","4.339623","4.301887","4.207547","4.433962"
"JAMES,LAURA S. A","3061","4.043478","3.978261","3.391304","4.23913","3.860465","4.116279","4.209302","4.325581","4.116279","4.209302"
"JAMES,MARGARET O","3062","3.769231","3.692308","3.346154","3.692308","3.619048","3.619048","3.809524","3.857143","3.761905","4.095238"
"JAMES,MICHAEL","3063","3.849057","3.716981","3.735849","3.981132","3.94","3.94","4.18","4.1","4.22","4.4"
"JAMSHIDI,MARYAM","3064","4.493333","4.36","4.48","4.533333","4.533333","4.226667","4.573333","4.613333","4.666667","4.706667"
"JANELLE,HEATHER MARIE","3065","4.692308","4.615385","4.692308","4.615385","5","5","5","5","5","5"
"JANG,HYUNGJOO","3066","4.449275","4.381643","4.202899","4.512077","4.409639","4.502994","4.518072","4.598802","4.506024","4.53012"
"JANG,MYOSEON","3067","3.371429","3.514286","3.285714","3.685714","2.542857","2.628571","2.628571","3.171429","2.514286","3.628571"
"JANG,SEUNG HYUK","3068","4.700258","4.581395","4.439276","4.677003","4.767442","4.707254","4.824289","4.865633","4.795866","4.878553"
"JANG,YEONGSEON","3069","4.188235","4.235294","4.141176","4.294118","4.235294","4.435294","4.658824","4.6","4.188235","4.870588"
"JANICKE,DAVID M","3070","4.195402","4.183908","4.436782","4.172414","4.482759","4.275862","4.655172","4.597701","4.528736","4.83908"
"JANISZEWSKI,CHRIS","3071","4.692308","4.692308","4.846154","4.769231","4.846154","4.923077","4.692308","4.769231","4.769231","4.846154"
"JANNER,AMANDA","3072","4.333333","4","3","3.666667","3.666667","3","4","4.333333","4","4"
"JANUSZ,ANDREW JAMES ERVIN","3073","4.435484","4.435484","4.629032","4.403226","4.516129","4.709677","4.532258","4.758065","4.580645","4.612903"
"JANZEN,PHILIP","3074","4.759615","4.663462","4.716346","4.701923","4.841346","4.774038","4.89372","4.922705","4.898551","4.894231"
"JARQUIN,JUAN DIEGO HERNANDEZ","3075","4.740741","4.666667","4.851852","4.740741","4.851852","4.518519","4.962963","4.888889","4.555556","5"
"JARRED,JOANNA BLAIR","3076","4.454545","4.454545","4.545455","4.454545","4.285714","4.714286","4.857143","4.714286","4.857143","4.571429"
"JAUHARI,EKANSH","3077","3.838863","3.895735","3.156398","3.940758","3.726277","3.828467","3.875912","4.043321","3.843636","3.861818"
"JAWITZ,JAMES W","3078","4.645161","4.483871","4.629032","4.645161","4.677419","4.258065","4.629032","4.274194","4.612903","4.822581"
"JAY,SARA ELIZABETH","3079","4.265306","4.081633","3.877551","4.183673","4.326087","4.586957","4.608696","4.608696","4.478261","4.521739"
"JAYANT,VANGMAY","3080","4.38342","4.398964","3.927461","4.310881","4.544974","4.624339","4.740741","4.730159","4.539683","4.798942"
"JAYARAJAN,ADITI","3081","3.86","3.88","3.49","3.88","4.048193","4.333333","4.228916","4.39759","4.119048","4.365854"
"JAYASEKARAN,SARAH RAJKUMARI","3082","4.240816","4.244898","4.091837","4.181633","3.95501","4.055102","4.478528","4.410204","4.165306","4.653061"
"JEAN-PHILIPPE,SARA","3083","4.768293","4.695122","4.719512","4.731707","4.817073","4.52439","4.963415","4.658537","4.829268","4.939024"
"JEAN,MELCHIOR","3084","4.333333","4.333333","4.333333","4.166667","4.833333","5","5","5","5","4.833333"
"JEELANI,IDRIS","3085","3.890476","4.052381","3.990476","4.042857","3.980952","3.904762","4.047619","4.104762","4.1","4.12381"
"JENDI,SHAZA","3086","4.545455","4.545455","4.636364","4.454545","4.454545","4.636364","4.636364","4.545455","4.454545","4.454545"
"JENKINS,DAVID A","3087","4.284672","4.350365","4.153285","4.350365","4.167883","4.284672","4.474453","4.357664","4.167883","4.678832"
"JENSON,TIFF","3088","4.309904","4.325879","4.121406","4.354633","4.551282","4.474359","4.709265","4.511182","4.674121","4.85623"
"JEONG,KWANGCHEOL CASEY","3089","4.823529","4.647059","4.647059","4.764706","4.588235","4.411765","4.588235","4.529412","4.470588","4.764706"
"JERICHO,GREGORY","3090","4.5","4.4","3.5","4.5","3.7","3.7","3.9","4.1","3.9","3.8"
"JETER,GAGE RYAN","3091","3.388889","3.611111","2.166667","4.111111","2.444444","1.666667","3.222222","2.166667","3.5","3.722222"
"JI,JAMES","3092","4.060729","4.076923","4.194332","4.004049","4.121457","4.256098","4.574899","4.497976","4.05668","4.688259"
"JI,JINGQIN","3093","4.337838","4.27027","4.22973","4.378378","3.846154","4.076923","4.134615","4.076923","3.923077","4.153846"
"JI,MINGYUE","3094","4.666667","4.583333","4.458333","4.458333","4.75","4.75","4.791667","4.833333","4.708333","4.75"
"JIA,CHUNJING","3095","3.833333","4.041667","3.375","4.25","3","3.625","3.958333","4.3125","3.375","4.125"
"JIA,SHIZHEN(JASPER)","3096","4.181818","4.090909","3.818182","4.181818","4.454545","4.545455","4.272727","4.272727","4.272727","4.363636"
"JIANG,JIAYING","3097","4.654088","4.553459","4.603774","4.528302","4.670886","4.550633","4.772152","4.759494","4.689873","4.848101"
"JIANG,JINMAI","3098","4.090909","4.181818","4.636364","4.181818","4.636364","4.636364","4.636364","4.636364","4.636364","4.636364"
"JIANG,NAN","3099","3.848","4.136","3.584","4.104","3.92","3.862903","3.976","4.232","3.936","4.112"
"JIANG,PENG","3100","4.598214","4.517857","4.375","4.607143","4.732143","4.553571","4.848214","4.723214","4.776786","4.946429"
"JIANG,SHAUN","3101","3.6875","4.0625","4.1875","4","3.642857","3.857143","3.857143","4.071429","3.214286","4.714286"
"JIANG,SHEILA","3102","3.491803","3.704918","3.278689","3.786885","3.081967","3.163934","3.442623","3.816667","3.114754","3.868852"
"JIANG,ZHE","3103","4.294248","4.29646","4.030973","4.323009","4.327394","4.243848","4.405345","4.445434","4.357778","4.468889"
"JIANG,ZHIHUA","3104","4.285714","4.142857","4.285714","4.285714","4.428571","4.285714","4.571429","4.142857","4.428571","4.571429"
"JIANG,ZONGLIANG (CARL)","3105","4.571429","4.571429","4.571429","4.714286","4.714286","4.428571","4.571429","4.571429","4.428571","4.714286"
"JIAO,TIANZE","3106","4.108108","4.108108","4.189189","4.054054","4.351351","4.405405","4.351351","4.378378","4.324324","4.432432"
"JIMENEZ POLO,HAROLD","3107","4","4","3.375","4","3","2.5","3.875","3.125","4","4"
"JIMENEZ-GOMEZ,CORINA","3108","4.786667","4.706667","4.666667","4.706667","4.693333","4.76","4.853333","4.746667","4.813333","4.946667"
"JIMENEZ-RONDAN,FELIX R","3109","5","5","5","5","5","5","5","5","5","5"
"JIMENEZ,CARI","3110","3.166667","2.666667","3.666667","3","2.666667","2.166667","2.833333","2.5","2.666667","4"
"JIMÉNEZ,JOSÉ ESTEBAN","3111","4.225806","4.209677","4.33871","4.153226","4.593496","4.617886","4.747967","4.617886","4.585366","4.747967"
"JIMENEZ,MELINA PATRICIA","3112","4.711864","4.694915","4.779661","4.677966","4.864407","4.983051","4.983051","4.932203","4.966102","4.966102"
"JIN,BOMI","3113","4.622449","4.520408","4.72449","4.55102","4.591837","4.72449","4.867347","4.765306","4.5","4.77551"
"JIN,JIE","3114","4.32","4.28","4.04","4.48","4.208333","4.375","4.5","4.5","4.166667","4.416667"
"JIN,LEI","3115","4.484848","4.515152","4.333333","4.454545","3.878788","4.030303","4.030303","4.151515","3.606061","4.242424"
"JIN,MEIYAN","3116","4.195652","4.217391","3.826087","4.282609","3.565217","3.913043","4.021739","4.434783","3.733333","4.304348"
"JIN,RUI","3117","3.708333","3.416667","3.25","3.875","3.166667","3.458333","3.833333","4.208333","3.625","3.708333"
"JIN,SHI","3118","4.483516","4.304029","3.89011","4.428571","4.395522","4.613383","4.577778","4.688889","4.587121","4.648148"
"JIN,XU","3119","3.636364","3.818182","3.636364","3.454545","4.454545","4.818182","5","4.727273","4.363636","4.818182"
"JIN,ZHUMENGMENG","3120","3.291667","3.583333","3.708333","3.541667","3.083333","3.041667","3.333333","3.583333","3.083333","3.75"
"JINDAL,VISHWAS","3121","4.53125","4.234375","4.0625","4.375","4.566929","4.606299","4.677165","4.677165","4.606299","4.614173"
"JING,YUE","3122","4.034483","4.189655","3.568966","4.206897","3.965517","4.517241","4.310345","4.534483","4.241379","4.327586"
"JINWRIGHT,THAO DINH","3123","4.629771","4.587786","4.591603","4.599237","4.760618","4.752896","4.795367","4.783784","4.779923","4.80695"
"JO,ARA","3124","4.560748","4.53271","4.598131","4.443925","4.713615","4.713615","4.760563","4.788732","4.694836","4.868545"
"JO,ELENA HWIRIM","3125","3.571429","3.619048","3.666667","3.714286","3.285714","4.047619","3.714286","4","3.47619","3.857143"
"JO,YEONSEO","3126","3.823529","3.705882","4.294118","4.235294","3.882353","4.176471","4.529412","4.294118","3.941176","4.882353"
"JOBIN,CHRISTIAN","3127","4.333333","4.166667","3.833333","4.25","4.583333","4.666667","4.833333","4.666667","4.5","4.75"
"JOERS,VALERIE","3128","4.631579","4.473684","3.789474","4.578947","4.181818","4.5","4.181818","4.181818","4.181818","4.090909"
"JOFFE,YONAH","3129","4.8125","4.8125","4.75","4.75","4.8125","4.8125","5","4.875","4.8125","5"
"JOHANSSON,MARCIA K","3130","4.391045","4.310448","4.232836","4.352239","4.472313","4.639344","4.641694","4.674267","4.560261","4.615635"
"JOHN,GRACE","3131","4.361702","4.425532","4.404255","4.319149","4.191489","3.574468","4.340426","4.106383","4.106383","4.765957"
"JOHN,KENESMA","3132","4.2","4.222222","4.377778","4.133333","4.4","4.533333","4.822222","4.711111","4.422222","4.711111"
"JOHNNIE,MILLICENT MARIE","3133","3.78125","3.8125","4.25","3.625","3.90625","3.78125","3.5625","3.75","3.5625","4.46875"
"JOHNS,TRACY L","3134","4.333333","4.388889","4.351852","4.222222","4.481481","4.388889","4.462963","4.592593","4.222222","4.611111"
"JOHNSON-ROOT,BARBARA ANN","3135","3.121212","2.757576","3","3.363636","2.909091","2.757576","3.181818","2.878788","3","4.030303"
"JOHNSON,ALANNA (LANE)","3136","4.654788","4.547884","4.648107","4.554566","4.609756","4.601227","4.640244","4.603659","4.646341","4.646341"
"JOHNSON,BEN","3137","4.272727","4.163636","4.4","3.963636","4.363636","4.148148","4.581818","4.527273","4.345455","4.8"
"JOHNSON,BENJAMIN K","3138","4.486111","4.388889","4.472222","4.319444","4.680556","4.666667","4.694444","4.694444","4.666667","4.763889"
"JOHNSON,BRYNN","3139","4","4","4.5","4.5","5","4.5","4.5","4.5","4.5","5"
"JOHNSON,DANIEL J","3140","4.478992","4.436975","4.394958","4.495798","4.415254","4.319328","4.605042","4.638655","4.420168","4.630252"
"JOHNSON,ELIZABETH","3141","4.729167","4.666667","4.708333","4.541667","4.791667","4.791667","4.6875","4.770833","4.833333","4.8125"
"JOHNSON,ELIZABETH D","3142","4.460177","4.473451","4.420354","4.415929","4.431111","4.511111","4.72","4.693333","4.466667","4.822222"
"JOHNSON,EMILY","3143","4.8","4.8","4.6","4.8","4.8","4.8","4.8","4.8","4.8","4.8"
"JOHNSON,ERYAN","3144","4.666667","4.518519","4.666667","4.518519","4.518519","4.740741","4.740741","4.62963","4.666667","4.666667"
"JOHNSON,G. CHIP A","3145","4.423529","4.035294","4.6","4.329412","4.552941","4.482353","4.905882","4.6","4.635294","4.882353"
"JOHNSON,JEFFREY C","3146","4.263158","4.157895","4.263158","4.157895","4.263158","4.157895","4.368421","4.315789","4.368421","4.526316"
"JOHNSON,JORDAN","3147","4.4","4.4","4.4","4.1","4.5","4.4","4.6","4.7","4.7","4.7"
"JOHNSON,KERI LYNN","3148","4.571429","4.428571","4.571429","4.642857","4.642857","3.928571","4.714286","4.5","4.857143","4.928571"
"JOHNSON,KRISTI","3149","4.454545","4.181818","4.545455","4.454545","4.636364","4.636364","4.909091","4.818182","4.818182","4.818182"
"JOHNSON,LAINEY","3150","3.940299","3.985075","3.537313","4.119403","3.741935","3.725806","4.098361","4.112903","4.209677","4.193548"
"JOHNSON,LIAM EDWARD","3151","4.756757","4.594595","4.675676","4.621622","4.777778","4.75","4.916667","4.833333","4.777778","4.916667"
"JOHNSON,MATTHEW D","3152","4.243494","4.204461","4.304833","4.243494","4.27933","4.269663","4.301676","4.35014","4.340782","4.405028"
"JOHNSON,MELISSA L","3153","4.641026","4.461538","4.794872","4.641026","4.842105","4.846154","4.894737","4.894737","4.763158","4.947368"
"JOHNSON,MICHAEL J","3154","4.4","4.2","4.8","3.6","3","4.333333","5","4.666667","4.333333","4.666667"
"JOHNSON,PERRY B","3155","4.513514","4.27027","4.351351","4.513514","4.351351","4.432432","4.486486","4.432432","4.486486","4.486486"
"JOHNSON,RICHARD D","3156","4.446809","4.382979","4.446809","4.468085","4.210526","4.111111","4.35","4.222222","4.25","4.210526"
"JOHNSON,ROBYN","3157","4.244444","4.288889","4.311111","4.177778","4.244444","4.113636","4.377778","4.363636","4.222222","4.511111"
"JOHNSON,SANDRA M","3158","3.85","3.65","3.95","3.75","3.4","3.75","4","3.9","3.75","4"
"JOHNSON,SARAH ELIZABETH","3159","4.23301","4.23301","4.029126","4.23301","4.294872","4.487179","4.448718","4.461538","4.397436","4.435897"
"JOHNSON,STEVE A","3160","4.611111","4.420139","4.3125","4.555556","4.593128","4.540687","4.750452","4.756318","4.726944","4.882671"
"JOHNSON,SYDNEY","3161","4.4","4","4.3","4.2","4.65","4.85","4.95","4.85","4.85","4.95"
"JOHNSON,TAYLOR","3162","4.75","4.75","4.85","4.75","4.8","4.7","4.75","4.75","4.95","4.9"
"JOHNSON,THOMAS D","3163","3.807018","3.877193","4.157895","3.929825","2.795918","3","3.291667","3.625","3.152174","3.434783"
"JOHNSON,TIMOTHY ROBERT","3164","4.625","4.666667","4.708333","4.583333","4.791667","4.75","4.791667","4.708333","4.75","4.666667"
"JOHNSTON,GABRIEL O","3165","4.127371","4.159892","3.913279","4.271003","4.072414","4.12069","4.289655","4.32069","4.275862","4.375862"
"JOHNSTON,LEA","3166","4.617117","4.576577","4.567568","4.576577","4.617117","4.466063","4.702703","4.769231","4.54955","4.900901"
"JONES,ALANA SIMONE","3167","4.24","4.24","4.24","4.08","4.64","4.56","4.84","4.6","4.76","4.8"
"JONES,ALEXIS KEYLONI","3168","4.596491","4.596491","4.631579","4.561404","4.736842","4.77193","4.789474","4.824561","4.807018","4.684211"
"JONES,ASHLEY ELIZABETH","3169","3.135484","3.270968","3.329032","3.303226","3.419355","3.248366","3.522581","3.858065","3.277419","4.270968"
"JONES,CANDACE","3170","4.4375","4.3125","4.375","4.3125","4.133333","4.4375","4.466667","4.533333","4.333333","4.333333"
"JONES,CASSIE HART","3171","4.636364","4.454545","4.727273","4.545455","4.545455","4.727273","4.818182","4.545455","4.545455","4.818182"
"JONES,CHAD DEVELL","3172","4.6","4.4","5","4.6","4","4.2","4.4","4.2","3.8","4.6"
"JONES,GRANT","3173","4.669291","4.653543","4.543307","4.708661","4.777778","4.809524","4.896825","4.912698","4.896825","4.928571"
"JONES,HELEN NICHOLA","3174","4.444444","4.407407","4.518519","4.481481","4.92","4.84","4.92","4.92","4.96","4.92"
"JONES,JEFFREY B","3175","4.459459","4.162162","4.297297","4.405405","4.513514","4.513514","4.648649","4.621622","4.486486","4.675676"
"JONES,JEFFREY CHISNELL","3176","4.146667","4.106667","4.153333","4.266667","4.266667","4.33557","4.533333","4.58","4.422819","4.746667"
"JONES,JUSTIN M","3177","4.064103","4.24359","4.115385","4.115385","4.051282","4.282051","4.314103","4.602564","4.211538","4.314103"
"JONES,KEVIN S","3178","4.179625","4.184987","4.235925","4.120643","4.567204","4.389785","4.704301","4.520216","4.541555","4.895161"
"JONES,MAGGIE MARIE","3179","5","5","5","5","5","5","5","5","5","5"
"JONES,MALCOLM A","3180","4.75","4.75","5","4.5","4.75","4.75","5","5","5","5"
"JONES,MATTHEW CHARLES","3181","4.61039","4.561039","4.607792","4.54026","4.695538","4.778947","4.816273","4.792651","4.761155","4.821522"
"JONES,MELISSA KOLSCH","3182","4.488848","4.358736","3.858736","4.453532","4.50838","4.357009","4.546642","4.558659","4.626866","4.69403"
"JONES,NANCY","3183","4.142857","4","3.642857","4","3.857143","4.428571","4.5","4.071429","3.642857","4.357143"
"JONES,NICOLE E","3184","4.59375","4.5","4.625","4.46875","4.8125","4.65625","4.90625","4.875","4.875","4.9375"
"JONES,PAULA","3185","4.461538","4.461538","4.538462","4.538462","4.230769","4.230769","4.384615","4.461538","4.307692","4.538462"
"JONES,QUETINA RA'NODA","3186","4.546763","4.47482","4.489209","4.395683","4.742105","4.810526","4.867725","4.836842","4.826316","4.868421"
"JONES,RACHAEL LAUREN","3187","3.875","3.725","4","3.625","3.641026","2.775","4","3.45","3.846154","4.475"
"JONES,TAYLOR NICOLE","3188","4.2625","4.075","4.525","4.25","4.65","4.775","4.8375","4.75","4.7625","4.825"
"JOO,JAEWOONG","3189","3.6875","3.875","3.75","4.1875","3.3125","3.4375","3.75","4.1875","3.5","3.75"
"JOO,WON-TAK","3190","3.704698","3.765101","3.597315","4.120805","3.691275","3.818792","3.932886","4.234899","3.697987","4.214765"
"JORDAN,ADAM M","3191","4.571429","4.357143","4.428571","4.428571","4.642857","4.714286","4.785714","4.785714","4.857143","4.785714"
"JORDAN,MARY CATHERINE SCHELL","3192","4.746479","4.690141","4.619718","4.619718","4.757143","4.757143","4.828571","4.814286","4.785714","4.857143"
"JORDAN,VICTOR M","3193","4.761905","4.714286","4.809524","4.666667","4.952381","4.880952","4.952381","4.880952","4.928571","4.97619"
"JOSE,ANDREW","3194","4.333333","4.266667","4.2","4.266667","3.8","4.266667","4.2","4.2","4.133333","4.266667"
"JOSHI,ARATI","3195","4","3.4","2.6","4.4","4","4","4.2","5","4","4"
"JOSSI,MARGARET H","3196","4.566667","4.55","4.266667","4.566667","4.403509","4.649123","4.666667","4.666667","4.561404","4.561404"
"JOSSIE,MCKENZIE LUCILLE","3197","4.722222","4.555556","4.805556","4.722222","4.861111","4.805556","4.916667","4.944444","4.861111","4.944444"
"JOST,RENEE A","3198","4.25","3.916667","4.458333","4.208333","4.708333","4.625","4.75","4.625","4.583333","4.625"
"JOYS,KRISTIN E","3199","3.644172","3.631902","3.760736","3.601227","3.598726","3.636943","4.031847","4.140127","3.719745","4.694268"
"JUÁREZ DURÁN,FER","3200","4.344828","4.37931","4.068966","4.241379","4.52","4.48","4.56","4.48","4.52","4.52"
"JUDGE,ANDREW R","3201","4.543624","4.422819","4.288591","4.543624","4.75","4.581081","4.837838","4.682432","4.797297","4.831081"
"JUDGE,JASMEET","3202","4.8","4.8","4.8","4.733333","4.8","4.466667","4.866667","4.933333","4.6","5"
"JUDGE,SARAH M","3203","4.338028","4.215962","4.061033","4.352113","4.323944","4.433962","4.535211","4.553991","4.319249","4.464789"
"JUDIN,ROBERT P","3204","4.792308","4.8","4.769231","4.769231","4.914729","4.875969","4.930233","4.883721","4.914729","4.922481"
"JUDY,JACK WILLIAM","3205","4.619718","4.535211","4.549296","4.549296","4.676056","4.661972","4.802817","4.760563","4.732394","4.802817"
"JUDY,JONATHAN","3206","4.468085","4.489362","4.276596","4.446809","4.425532","4.617021","4.595745","4.787234","4.382979","4.638298"
"JUGL,SEBASTIAN","3207","4.401961","4.421569","4.431373","4.392157","4.54902","4.598039","4.637255","4.588235","4.598039","4.686275"
"JUKAR,ADVAIT","3208","5","5","5","5","5","5","5","5","5","5"
"JULIAN,DAVID","3209","3.928839","4.05618","3.970037","4.052434","3.633962","3.309434","3.275472","3.966038","3.671698","4.524528"
"JUN,EUNGYEONG","3210","4.538462","4.480769","4.365385","4.384615","4.461538","4.673077","4.653846","4.538462","4.5","4.576923"
"JUNG,AJ","3211","4.25303","4.189394","4.187879","4.24697","4.146154","4.198462","4.456923","4.416923","4.389231","4.667692"
"JUNG,EUNAH","3212","3.735577","3.8125","3.644231","3.889423","4.030928","4.257732","4.193878","4.319588","4.14433","4.164948"
"JUNG,HYUNYI","3213","4.5","4.5","4.625","4.375","4.375","4.625","4.5","4.5","4.5","4.625"
"JUNG,JOSEPH D","3214","3.4","3.488889","3.422222","3.444444","2.911111","3.422222","3.177778","3.577778","3.088889","3.711111"
"JUNG,KYUNG SUNG","3215","4.193548","4.182796","4.010753","4.225806","3.935484","4.397849","4.419355","4.602151","3.88172","4.580645"
"JUNG,SUNGYOON","3216","4.585034","4.557823","4.496599","4.503401","4.734694","4.70068","4.843537","4.789116","4.619048","4.897959"
"JUNKER,NICHOLAS","3217","4.24","4.04","4.36","4.2","3.8","4.08","4","4.32","4.08","4.48"
"JUNQUEIRA,GUILHERME","3218","5","5","5","5","5","5","5","5","5","5"
"JURY,MICHAEL T","3219","4.744186","4.674419","4.674419","4.674419","4.72093","4.348837","4.790698","4.813953","4.790698","4.906977"
"JUSTUS,JAMES ROBOTHAM","3220","4.229167","4.197917","3.885417","4.260417","4.134615","4.25","4.269231","4.307692","4.307692","4.230769"
"JUTLA,ANTARPREET SINGH","3221","4.069444","4.25","4.097222","4.222222","3.983051","3.915254","4","4.20339","3.610169","4.305085"
"K.C.,BIGYAN","3222","4.229167","4.166667","4.322917","4.197917","4.40625","4.34375","4.59375","4.552083","4.40625","4.614583"
"KA,SOONJO","3223","4.468085","4.177305","3.978723","4.340426","4.404255","4.531915","4.716312","4.702128","4.368794","4.780142"
"KAAN,EDITH","3224","4.607143","4.642857","4.517857","4.571429","4.642857","4.696429","4.571429","4.785714","4.625","4.803571"
"KABBACH DE CASTRO,LUIZ RICARDO","3225","4.5875","4.6375","4.7125","4.5625","4.75","4.7","4.75","4.8","4.5625","4.9375"
"KABER,DAVID","3226","4.25","4.375","4.125","4.4375","4.375","4.5625","4.625","4.625","4.4375","4.625"
"KADDOURA,YOUSSEF OMAR","3227","4.171429","4.085714","4.014286","4.185714","4.348485","4.318182","4.409091","4.454545","4.333333","4.454545"
"KADIC,LAWRENCE I.M","3228","4.377119","4.275424","4.411017","4.326271","4.589286","4.541667","4.577381","4.565476","4.666667","4.672619"
"KAHLER,JESSICA SIDERS","3229","4.67907","4.590698","4.553488","4.618605","4.765258","4.568075","4.84507","4.774648","4.802817","4.892019"
"KAHVECI,TAMER","3230","4.434783","4.362319","4.169082","4.371981","4.587379","4.276699","4.752427","4.694175","4.703883","4.859223"
"KAINER,KAREN A","3231","4.426471","4.308824","4.691176","4.279412","4.485294","4.397059","4.764706","4.632353","4.602941","4.926471"
"KAIRALLA,JOHN ANDREW","3232","4.571429","4.571429","4.142857","4.571429","5","4.428571","5","4.714286","4.857143","5"
"KAJAN,MARIE NICOLE","3233","4.288889","4.088889","3.955556","4.333333","4.52381","4.52381","4.619048","4.619048","4.666667","4.571429"
"KAKANI,VIJAYA GOPAL","3234","4.571429","4.428571","4.428571","4.571429","4.571429","4.714286","4.714286","4.714286","4.428571","4.428571"
"KALAUNI,DHARMENDRA","3235","4","3.4","2.6","4.4","4","4","4.2","5","4.4","4"
"KALEEL,NICHOLAS G","3236","4.5","4.5","4.5","4.5","4.625","4.625","4.625","4.625","4.625","4.625"
"KALICHARAN,RACHEL E","3237","4.5","4.431034","4.551724","4.413793","4.913793","4.948276","4.965517","4.913793","4.913793","5"
"KALYANARAMAN,SRIRAM","3238","4","4.25","4.25","4.25","4.25","3.5","4.5","4","4.5","4.75"
"KAMAL,AZZA M","3239","4.15625","4.020833","3.854167","3.895833","3.802083","3.75","4.125","4.21875","3.789474","4.284211"
"KAMALAPURKAR,RUSHIKESH L","3240","4.025641","4.025641","3.948718","3.769231","3.74359","4.179487","4.128205","4.333333","3.589744","4.615385"
"KAMALINEJAD,FARSHAD","3241","3.505263","3.894737","3.694737","3.789474","4","4.010526","4.2","4.157895","4.063158","4.452632"
"KAMDIBE,MUATA","3242","4.384615","4.461538","4.769231","4.461538","4.769231","4.846154","4.846154","4.846154","4.846154","4.923077"
"KAMENOV,GEORGE","3243","4.9375","4.9375","4.75","4.9375","4.909091","4.818182","4.909091","4.909091","4.909091","4.909091"
"KAMINSKI,ROBERT","3244","4.095238","3.857143","4.238095","4","4.142857","4.238095","4.190476","4.47619","3.714286","4.571429"
"KAMINSKY,LAUREL","3245","5","4.666667","5","5","5","4.666667","5","5","5","5"
"KAMIYAMA,TSUKURU","3246","4.116279","4.093023","3.906977","4.162791","3.97619","4.285714","4.142857","4.357143","4.214286","4.261905"
"KAMMAN III,ROYCE G","3247","3.818182","3.636364","2.727273","4.090909","2.818182","3","3.545455","3","3.363636","3.181818"
"KANDALA,ANANTH SESHA SRI SAI","3248","3.947368","4.105263","4.105263","4","4.473684","4.368421","4.421053","4.526316","4.526316","4.473684"
"KANE,ABDOULAYE","3249","4.406699","4.291866","4.248804","4.358852","4.478469","4.4689","4.588517","4.550239","4.483254","4.794258"
"KANE,ANDY","3250","4.009091","4.145455","4.254545","4.036364","4.063636","4.118182","4.318182","4.063636","4.154545","4.827273"
"KANEDA,HIROMI","3251","4.5","4.576923","4.730769","4.461538","4.538462","4.730769","4.807692","4.846154","4.384615","4.923077"
"KANG,HYO","3252","4.698413","4.690476","4.5","4.690476","4.793651","4.714286","4.801587","4.825397","4.865079","4.904762"
"KANG,PHILIP","3253","4.238095","4.190476","4.190476","4.190476","4.190476","4.428571","4.47619","4.428571","4.238095","4.52381"
"KANNEY,CANDACE MICHELLE","3254","4.37037","4.25","4.509259","4.37037","4.657407","4.675926","4.814815","4.777778","4.796296","4.842593"
"KANT,MEDELIN ELIISE","3255","4.147826","4.034783","3.93913","4.113043","4.339286","4.526786","4.571429","4.678571","4.508929","4.678571"
"KAPELEVICH,ILIA","3256","4.315789","4.263158","4.245614","4.421053","4.263158","4.385965","4.45614","4.77193","4.245614","4.736842"
"KAPETANAKI,MARIA","3257","3.666667","3.6","3.6","3.8","4.266667","4.266667","4.266667","4.333333","4.266667","4.333333"
"KAPLAN,DAVID ANDREW","3258","4.617647","4.555147","4.444853","4.525735","4.705882","4.639706","4.805147","4.742647","4.738971","4.915441"
"KAPLANIDOU,KYRIAKI","3259","4.2625","4.2625","4.075","4.3125","4.565217","4.666667","4.695652","4.623188","4.507246","4.811594"
"KAPOOR,AMANPREET","3260","4.497199","4.454976","3.987936","4.404136","4.339378","4.369471","4.60216","4.612694","4.517911","4.656452"
"KAPPARIS,KONSTANTINOS","3261","4.205882","4.147059","4.141176","4.235294","4.337278","4.183432","4.47929","4.313609","4.449704","4.816568"
"KARACKATTU,SHARON LIZ","3262","5","5","5","4.888889","5","5","5","5","5","5"
"KARAKIS,HATICE KUBRA","3263","4.076923","4.076923","3.692308","4.230769","4.076923","4.307692","4.307692","4.384615","4.076923","4.230769"
"KARAMI,MANI","3264","4.082569","4.045872","3.683486","4.087156","3.50463","3.632558","3.731481","4.027778","3.912037","3.865741"
"KARANTH,DIVAKAR","3265","4.428571","4.428571","4.285714","4.285714","4.857143","4.857143","4.857143","4.857143","4.857143","4.857143"
"KARANTH,SHAMA DIVAKAR","3266","4.2","4.25","4","4.15","3.8","3.95","4.25","4.45","3.7","4.2"
"KARIMIPOUR,NICKI","3267","4.5","4.5","4.5","4.75","5","5","5","4.25","5","5"
"KARIS,TIMOTHY DANIEL","3268","4.596244","4.596244","4.591549","4.464789","4.657277","4.611374","4.784038","4.704225","4.751174","4.826291"
"KARIYAWASAM,SUBHASHINIE","3269","4.252427","4.142395","4.152104","4.288026","4.313725","4.473856","4.539216","4.571895","4.222222","4.74183"
"KARL,SARAH LISA ANNA","3270","4.724138","4.62069","4.827586","4.586207","4.862069","4.793103","4.896552","4.862069","4.827586","4.896552"
"KARLSON,AARON C","3271","4.477816","4.423208","4.290102","4.419795","4.547445","4.19708","4.681319","4.649635","4.678832","4.784672"
"KARMAKAR,BIKRAM","3272","3.96","4.093333","3.786667","4.106667","4.226667","4.186667","4.146667","4.546667","4.053333","4.293333"
"KARMAKAR,SAYAR","3273","4.246753","4.298701","4.051948","4.38961","4.181818","4.324675","4.402597","4.532468","4.051948","4.584416"
"KARN,ANANDI","3274","4.5","4.416667","4.416667","4.333333","4.5","4.5","4.5","4.5","4.5","4.583333"
"KARNANI,SAUDAMINI","3275","3.9","4","3.9","4.1","3.7","4.1","3.95","3.8","3.75","3.7"
"KARR,AARON MICHAEL","3276","3.8","3.925","4","3.825","4","4.361111","4.205882","4.4","4.235294","4.411765"
"KARST,STEPHANIE","3277","4.171429","3.894505","3.320879","4.202198","4.20045","4.002268","4.230248","4.158014","4.304054","4.407658"
"KASDAGLI,EIRINI","3278","4.117647","4.235294","4.411765","4.117647","4.764706","4.705882","4.764706","4.764706","4.764706","4.647059"
"KASSAS,BACHIR","3279","4.286645","4.2443","4.058632","4.315961","4.388889","4.413115","4.529412","4.579805","4.568627","4.537459"
"KATAFUCHI,MAYU","3280","4.294118","4.294118","4.352941","4.27451","4.38","4.392157","4.568627","4.627451","4.392157","4.607843"
"KATES,FREDERICK","3281","4.458333","4.35119","4.537698","4.265873","4.52988","4.496016","4.689861","4.502982","4.399602","4.894632"
"KATOOZIANI,ALI","3282","4.173913","4.217391","4.217391","4.217391","4.26087","4.26087","4.304348","4.304348","4.217391","4.217391"
"KATRIBE,ERIN L","3283","4.642857","4.428571","3.785714","4.5","4.357143","4.642857","4.642857","4.714286","4.714286","4.642857"
"KATUWAL,SANJIB","3284","3.978723","4.085106","3.361702","3.978723","4.468085","4.595745","4.553191","4.680851","4.617021","4.574468"
"KATZ HOWICK,TONIA JANE","3285","4.12","4.11","4.285","4.025","4","4.195","4.185","4.37","3.88","4.58"
"KATZ,ALISHA SKYE","3286","4.7","4.7","4.7","4.7","4.6","4.8","4.7","4.7","4.8","4.7"
"KATZ,ELIZABETH D","3287","4.350318","4.261146","4.356688","4.280255","4.382166","4.333333","4.455128","4.653846","4.474359","4.74359"
"KATZ,JOSEPH","3288","4.677083","4.708333","4.635417","4.666667","4.791667","4.84375","4.822917","4.8125","4.802083","4.84375"
"KATZ,NADAV","3289","5","5","5","5","5","5","5","5","5","5"
"KATZ,WENDY","3290","4.052632","4.052632","4.157895","4.105263","4.105263","4.473684","4.421053","4.578947","4.157895","4.421053"
"KAUFMAN,ZACHARY","3291","4.628378","4.486486","4.655405","4.493243","4.621622","4.394558","4.675676","4.797297","4.567568","4.918919"
"KAUFMANN,CHRISTOPHER NORFLEET","3292","4.73913","4.695652","4.73913","4.608696","4.73913","4.782609","4.826087","4.869565","4.869565","4.913043"
"KAUL,SUSHAIN","3293","4.519608","4.313725","3.931373","4.470588","4.656566","4.666667","4.848485","4.777778","4.69697","4.747475"
"KAVALAN,JONATHAN C L","3294","4.136461","4.176972","3.976546","4.164179","4.116379","4.28355","4.331897","4.467672","4.116379","4.594828"
"KAWAHARA,AKITO","3295","4.263158","3.947368","4.210526","4.368421","4.684211","4.421053","4.736842","4.421053","4.789474","4.789474"
"KAWASHIMA,ROBERT S","3296","4.563636","4.581818","4.4","4.527273","4.685185","4.388889","4.537037","4.703704","4.563636","4.666667"
"KAYE,FREDERIC J","3297","4.384615","4.230769","3.923077","4.307692","4.384615","4.538462","4.384615","4.538462","4.461538","4.461538"
"KAYE,STAN","3298","3.888889","3.777778","3.666667","3.777778","3","3.333333","3.333333","3.777778","3.111111","4.222222"
"KAZACHKOV,ALEKSANDR","3299","4","4.083333","4.145833","3.979167","4.020833","3.979167","4.4375","4.1875","3.729167","4.791667"
"KEARNEY,MEGAN J","3300","4.5","4","4.5","4.333333","5","4.833333","4.833333","4.833333","4.833333","4.833333"
"KEATING,KEVIN","3301","4.586207","4.655172","4.275862","4.62069","4.5","4.546512","4.488372","4.755814","4.465116","4.651163"
"KEELER,GEOFFREY D","3302","5","5","5","5","5","5","5","5","5","5"
"KEELLINGS,DAVID J","3303","4.68","4.64","4.506667","4.653333","4.76","4.786667","4.84","4.84","4.706667","4.853333"
"KEENAN,GAIL","3304","3.706897","3.741379","3.689655","4","3.758621","3.948276","4.137931","4.12069","3.741379","4.293103"
"KEERAN,WILLARD S","3305","4.29783","4.286982","3.744576","4.333333","3.984879","3.954407","4.172379","4.295661","4.174395","4.147177"
"KEIL,ANDREAS","3306","4.572917","4.520833","4.59375","4.5625","4.831579","4.731183","4.875","4.797872","4.864583","4.885417"
"KEISER,KENNON","3307","4.25","3.75","4","3.75","4.75","5","5","5","4.25","4.75"
"KEISER,NICK","3308","4.384993","4.164806","4.092899","4.179991","4.702654","4.555356","4.836257","4.754496","4.79991","4.883094"
"KEITH,BRIAN W","3309","4.75","5","5","4.5","5","4.75","4.75","4.75","5","4.75"
"KELLEMAN,AUDREY A","3310","4.318182","4.246212","4.280303","4.276515","4.420408","4.345679","4.44898","4.442623","4.495935","4.587755"
"KELLERMAN,EDMUND A","3311","4.347826","3.73913","4.304348","4.304348","4.478261","4.565217","4.521739","4.434783","4.391304","4.913043"
"KELLEY-DERZON,JESSICA","3312","4.35","4.55","4.5","4.5","4.75","4.85","4.9","4.8","4.85","4.9"
"KELLEY,AARON J","3313","4.764706","4.764706","4.764706","4.705882","4.9375","5","5","4.9375","5","4.9375"
"KELLEY,CAROLYN A","3314","4.753994","4.761981","4.806709","4.701278","4.912141","4.940895","4.9377","4.966454","4.913738","4.971246"
"KELLOGG,GEOFFREY","3315","4.240741","4.222222","3.648148","4.240741","3.90566","4.075472","4.283019","4.283019","4.188679","4.245283"
"KELLOUGH,ZOE","3316","4.642857","4.464286","4.75","4.5","4.607143","4.607143","4.857143","4.785714","4.75","4.857143"
"KELLY,BRIAN P","3317","4.709677","4.612903","4.709677","4.580645","4.444444","4.518519","4.555556","4.62963","4.444444","4.592593"
"KELLY,HOPE Y","3318","4.5","4.45","4.4","4.35","4.2","4.578947","4.45","4.45","4.35","4.6"
"KELLY,JASON","3319","4.7","4.5","5","4.3","4.9","5","5","4.9","5","5"
"KELLY,SHANNON","3320","4.433333","4.133333","4.633333","4.3","4.9","4.9","4.966667","4.933333","4.966667","4.9"
"KELLY,THOMAS JOSEPH","3321","4.3","4.233333","4.033333","4.233333","4.35","4.6","4.55","4.6","4.366667","4.516667"
"KEM,WILLIAM R","3322","4.5","4","4.5","5","4.5","4.5","4.5","4.5","4.5","4.5"
"KEMBER,SANTIAGO","3323","4.403226","4.312903","4.403226","4.274194","4.474194","4.566343","4.567742","4.590323","4.377419","4.719355"
"KEMMERER,LAINEY ELIZABETH","3324","4.541667","4.541667","4.625","4.541667","4.875","4.875","4.916667","4.791667","4.791667","4.875"
"KEMPER,LOGAN DAX","3325","4.68","4.56","4.52","4.48","4.72","4.74","4.86","4.84","4.82","4.88"
"KEMPSON,MARGARET M","3326","4.75","4.75","4.75","4.5","4.5","4.5","4.75","4.75","4.75","4.75"
"KENNEDY,DAVID ARMAND","3327","4.285714","4.071429","4","4.357143","4.214286","4.357143","4.428571","4.571429","4.357143","4.5"
"KENNEDY,EVGENIA GRACE","3328","4.230769","4.153846","4.307692","4.307692","4.769231","4.692308","4.692308","4.692308","4.692308","4.692308"
"KENNEY III,WILLIAM FRANCIS","3329","4.635294","4.564706","4.635294","4.564706","4.809524","4.77381","4.952381","4.916667","4.892857","4.869048"
"KENNEY,LAUREN ELIZABETH","3330","4.555556","4.444444","4.555556","4.444444","4.444444","4.333333","4.666667","4.666667","4.444444","4.666667"
"KENT,JENNIFER KRISTEN","3331","4.213592","4.203883","4.07767","4.262136","4.184466","4.097087","4.446602","4.543689","4.320388","4.446602"
"KENT,KEVIN","3332","4.807692","4.807692","4.769231","4.846154","4.84","4.84","4.84","4.96","4.92","4.92"
"KENT,SEAN M","3333","4.159091","4.181818","4.204545","4.204545","4.795455","4.772727","4.840909","4.795455","4.818182","4.818182"
"KENWORTHY,KEVIN E","3334","4.761905","4.619048","4.714286","4.714286","4.857143","4.571429","4.904762","4.761905","4.857143","4.904762"
"KEPIC,GLENN R","3335","4.529412","4.470588","4.411765","4.705882","4.529412","4.705882","4.764706","4.764706","4.705882","4.647059"
"KERL,CARMEN MONIKA","3336","3","3","3.928571","3.142857","3.5","4.142857","3.357143","3.928571","3.5","4.214286"
"KERNAGHAN,RICHARD","3337","4.530612","4.510204","4.591837","4.326531","4.653061","4.489796","4.653061","4.693878","4.510204","4.836735"
"KERNS,HAILEY","3338","4.666667","4.5","4.666667","4.416667","4.75","4.75","4.75","4.75","4.75","4.833333"
"KERR,NICHOLAS NATHAN","3339","4.631068","4.436893","4.533981","4.446602","4.708738","4.271845","4.776699","4.582524","4.708738","4.805825"
"KERR,RYAN","3340","4.15625","4.1875","4.09375","4.15625","4.34375","4.5625","4.59375","4.65625","4.5","4.46875"
"KERR,SHANI SHARIFA","3341","4.341942","4.221074","3.717975","4.38843","4.135611","4.280083","4.476684","4.563147","4.421762","4.532575"
"KERTES,DARLENE","3342","4.463687","4.290503","4.184358","4.435754","4.426966","4.11236","4.634831","4.544944","4.578652","4.820225"
"KESELOWSKY,BENJAMIN G","3343","3.788321","3.613139","3.489051","4.043796","3.437956","3.649635","3.824818","4.065693","3.605839","4.029197"
"KESIZ ABNOUSI,AREK","3344","3.959184","3.938776","3.714286","4.244898","3.693878","3.959184","3.938776","4.367347","3.77551","3.734694"
"KESLING JR,WILLARD RAY","3345","4.466102","4.40678","4.415254","4.508475","4.466102","4.228814","4.322034","4.186441","4.457627","4.720339"
"KESTER,BRITTANY N","3346","4.761905","4.666667","4.52381","4.809524","4.761905","4.809524","4.904762","4.857143","4.904762","4.857143"
"KEYHANI,NEMAT O","3347","4.3","3.9","3.05","4.4","4.35","4.05","4.6","4.5","4.35","4.95"
"KHALIFA,ADAM","3348","4.441176","4.441176","4.254902","4.372549","4.405941","4.352941","4.578431","4.656863","4.313725","4.696078"
"KHALIL,GEORGES","3349","4.875","4.875","5","4.875","5","5","4.875","5","5","5"
"KHALITOVA,LIUDMILA","3350","4.327434","4.292035","3.90708","4.40708","4.455752","4.548673","4.597345","4.628319","4.606195","4.659292"
"KHAN,NADEEM","3351","4.266667","4.333333","4.266667","4.066667","4.533333","4.466667","4.4","4.2","4.533333","4.4"
"KHANNA,MAY","3352","4.166667","4.166667","4.333333","4.5","4.833333","4.833333","4.833333","4.833333","4.833333","4.833333"
"KHANYILE,LUNGELO","3353","4.337079","4.325843","4.516854","4.191011","4.606742","4.674157","4.752809","4.764045","4.47191","4.730337"
"KHARE,KSHITIJ","3354","4.706667","4.693333","4.346667","4.52","4.72","4.72","4.813333","4.853333","4.84","4.893333"
"KHARRAZI ZADEH,AMIR","3355","4","3.916667","3.916667","4","4.25","4.25","4.25","4.25","4.25","4.25"
"KHEMTONG,CHARLIE","3356","4.259259","4.037037","4.111111","4.222222","4.666667","4.592593","4.814815","4.777778","4.814815","4.851852"
"KHODAYARI,NAZLI","3357","4.189189","4.027027","3.918919","4.243243","4.03125","4","4.1875","4.0625","4.181818","4.272727"
"KHORASANI,MARYAM","3358","4.45098","4.54902","4.686275","4.666667","4.666667","4.705882","4.745098","4.72549","4.647059","4.745098"
"KHOSHBOUEI,HABIBEH","3359","4.626943","4.518135","4.481865","4.466321","4.747312","4.783784","4.83871","4.812834","4.772973","4.887701"
"KHOURY,ADONICE","3360","4.3425","4.2625","4.2925","4.2675","4.413534","4.403509","4.383459","4.464824","4.353383","4.458647"
"KHUMALO,BRIAN","3361","4.126087","4.065217","3.530435","4.23913","3.824561","3.942478","4.149123","4.179825","4.145374","4.153509"
"KHURANA,SHAUN","3362","5","5","4.8","4.6","4.4","4.2","4.6","4.4","4.2","4.8"
"KIDAMBI,PIRAN RAVICHANDRAN","3363","4.733333","4.733333","4.466667","4.8","4.666667","4.666667","4.866667","4.733333","4.733333","5"
"KIDD,KENNETH B","3364","4.371429","4.228571","4.457143","4.285714","4.742857","4.8","4.685714","4.742857","4.771429","4.942857"
"KIDWELL,REBECCA ANN","3365","3.697674","3.72093","4.023256","3.930233","4","4.046512","4.139535","4.023256","3.930233","4.093023"
"KIGHAM,LEMNYUY MSHUJIKA","3366","4.24","4.08","4.12","4.36","4.208333","4.333333","4.416667","4.583333","4.166667","4.375"
"KIKER,GREG","3367","4.368098","4.294479","4.257669","4.294479","4.478528","4.337423","4.644172","4.546012","4.515337","4.803681"
"KILIPTARI,TATIA","3368","3.882353","4.088235","4","4.088235","4.382353","4.647059","4.676471","4.647059","4.352941","4.558824"
"KILLINY,NABIL","3369","4.785714","4.928571","4.928571","4.714286","4.857143","4.285714","4.857143","4.642857","4.714286","5"
"KILROY,NORA L","3370","4.104167","3.770833","4.395833","4.208333","4.604167","4.708333","4.770833","4.770833","4.770833","4.854167"
"KIM,ALICE","3371","4.461538","4.365385","4.442308","4.480769","4.576923","4.692308","4.75","4.692308","4.480769","4.788462"
"KIM,CHANGIL","3372","4.2","4.2","4.6","3.4","4.4","4.6","4.8","4.8","4.6","4.8"
"KIM,DANIEL DONG-WOOK","3373","4.536585","4.512195","4.707317","4.487805","4.658537","4.853659","4.780488","4.853659","4.829268","4.829268"
"KIM,DENNIS","3374","4.285714","4.314286","4.371429","4.371429","4.228571","4.457143","4.6","4.514286","4.142857","4.485714"
"KIM,EURY","3375","4.133333","4.111111","4.577778","3.688889","3.977273","4.066667","4.295455","4.133333","3.6","4.8"
"KIM,GLORIA J","3376","4.242424","4.222222","4.070707","4.171717","4.226804","4.268041","4.536082","4.57732","4.371134","4.597938"
"KIM,HONGGYU","3377","4.370629","4.391608","3.923077","4.468531","4.300699","4.223776","4.415493","4.556338","4.307692","4.657343"
"KIM,HYOJIN","3378","3.119403","3.164179","3.373134","3.462687","2.940299","3.61194","2.925373","3.671642","3.029851","3.746269"
"KIM,HYUNJUNG","3379","4.483333","4.5","4.383333","4.366667","4.45","4.733333","4.65","4.666667","4.55","4.7"
"KIM,JEONGIM","3380","4.489362","4.510638","4.425532","4.404255","4.659574","4.553191","4.638298","4.702128","4.574468","4.723404"
"KIM,JESSE","3381","4.324759","4.289389","3.588424","4.366559","3.515464","3.694444","3.945017","4.058621","3.742268","4.003436"
"KIM,JIN WON","3382","4.185185","4.175926","3.731481","4.148148","4","4.158879","4.280374","4.271028","4.252336","4.392523"
"KIM,JIN-SU","3383","4.440476","4.267857","3.857143","4.392857","4.855422","4.879518","4.957831","4.939759","4.86747","4.939759"
"KIM,JON","3384","4.6","4.6","4.6","4.6","4.4","4.4","4.6","4.4","4.6","4.8"
"KIM,JOONGSUK JONATHAN","3385","4.434286","4.231429","3.917143","4.374286","4.696275","4.74212","4.842407","4.816619","4.750716","4.882521"
"KIM,JUNHO","3386","4.428571","4.339286","4.321429","4.321429","4.678571","4.714286","4.785714","4.839286","4.571429","4.803571"
"KIM,KYOUNGRAE","3387","4.166667","3.833333","3.833333","4.083333","3.666667","4.25","4.5","4.166667","3.75","4.583333"
"KIM,LAURA","3388","4.692308","4.538462","4.74359","4.564103","4.717949","4.538462","4.923077","4.717949","4.615385","4.897436"
"KIM,MATTHEW","3389","4.88843","4.85124","4.884298","4.867769","4.946281","4.917355","4.938017","4.958678","4.942149","4.975207"
"KIM,MINHEE","3390","4.322275","4.298578","4.146919","4.327014","4.265403","4.279621","4.421801","4.516588","4.35545","4.42654"
"KIM,NAM HO","3391","4.193103","4.186207","3.937931","4.172414","4.034483","4.013793","4.165517","4.427586","4.041379","4.510345"
"KIM,SANGHYEON","3392","4.538462","4.692308","4.692308","4.538462","4.230769","4","4.384615","3.846154","4","4.307692"
"KIM,SANGSUN","3393","3.5","3.5","4","5","4.5","4.5","4","4","4","4.5"
"KIM,SARAH","3394","4.676471","4.617647","4.514706","4.661765","4.791045","4.761194","4.835821","4.835821","4.746269","4.791045"
"KIM,SEHOON","3395","4.326087","4.369565","4.282609","4.23913","4.282609","4.402174","4.434783","4.684783","4.195652","4.869565"
"KIM,SEO YOUNG","3396","3.942308","4","3.519231","3.980769","3.923077","4.057692","4.134615","4.25","3.865385","4.230769"
"KIM,SEONGKUK","3397","4.677966","4.559322","4.355932","4.491525","4.423729","4.288136","4.694915","4.40678","4.40678","4.762712"
"KIM,SEYEON","3398","2.933333","3.133333","2.666667","3.266667","3.555556","4","3.777778","4","3.666667","3.555556"
"KIM,SOOJI","3399","4.875","5","4.875","4.75","4.75","4.875","4.75","4.875","4.75","4.625"
"KIM,STANLEY E","3400","4.27907","4.241015","4.321353","4.274841","4.407407","4.335821","4.422222","4.39777","4.481481","4.485185"
"KIM,SUJIN","3401","4.333333","4.333333","4.333333","4.333333","4.666667","4.666667","4.833333","4.666667","4.666667","4.833333"
"KIM,TAEWON","3402","4.495575","4.469027","4.477876","4.522124","4.477876","4.330357","4.778761","4.681416","4.610619","4.911504"
"KIM,WONJUNG","3403","3.333333","3.166667","3.166667","2.833333","4.5","4.5","4.666667","4.833333","4.5","4.666667"
"KIM,YOHAN","3404","4.666667","4.466667","4.733333","4.533333","4.666667","4.8","4.8","4.933333","4.733333","4.933333"
"KIMA,PETER EPEH","3405","4.115385","4.016484","3.785714","4.142857","4.021978","3.895604","4.21978","4.043956","4.115385","4.434066"
"KIMBALL,REBECCA T","3406","4.6","4.6","4.6","4.2","4.4","4.8","4.6","4.8","4","4.4"
"KIMMEL,CHASE B","3407","4.427184","4.349515","3.873786","4.475728","4.287129","4.386139","4.574257","4.558824","4.49","4.673267"
"KIMMEL,STEPHEN","3408","4.672727","4.727273","4.709091","4.6","4.690909","4.654545","4.781818","4.727273","4.763636","4.836364"
"KINBAROVSKY,NICOLE HILLARY","3409","4.111111","4.013889","4.472222","3.958333","4.361111","4.458333","4.680556","4.486111","4.333333","4.736111"
"KING,AARON R","3410","3.971698","4.023585","3.396226","3.990566","3.811321","3.764151","4.188679","3.915094","4.127358","4.372642"
"KING,DEBRA WALKER","3411","4.825","4.725","4.8","4.775","4.8","4.75","4.875","4.775","4.525","4.95"
"KING,DYLAN STEVEN","3412","4.530612","4.285714","4.061224","4.408163","4.44898","4.55102","4.612245","4.612245","4.591837","4.693878"
"KING,JONATHAN LEO FLAGLER","3413","4.469388","4.571429","4.612245","4.285714","4.44898","4.387755","4.693878","4.591837","3.877551","4.897959"
"KING,LINDSEY MARIE","3414","4.654155","4.579088","4.560322","4.563003","4.764075","4.815013","4.849866","4.873995","4.796247","4.873995"
"KINGSBURY,AAYA","3415","4.1","4.16","4.1","4.08","4.58","4.54","4.7","4.7","4.64","4.7"
"KINGSBURY,CHARLES P","3416","4.545455","4.636364","4.181818","4.545455","4.8","4.9","4.909091","4.636364","4.909091","4.818182"
"KINNION,ANDREW BLAKE","3417","4.065217","4.065217","3.76087","3.956522","4.066667","4.133333","4.155556","4.244444","4.088889","4"
"KINSER,TALIESIN J","3418","4.5","4.5","4.5","4.5","5","4.666667","5","4.666667","5","5"
"KIO,PATRICIA","3419","3.333333","3.458333","3.833333","3.5","3.416667","3.791667","3.625","3.875","3.229167","3.958333"
"KIOUSIS,SPIRO K","3420","4.391304","4.391304","4.478261","4.391304","4.478261","4.608696","4.695652","4.73913","4.73913","4.608696"
"KIRBY,HEIDI","3421","4.581818","4.454545","4.145455","4.509091","4.527273","4.581818","4.763636","4.727273","4.672727","4.727273"
"KIRILENKO,ANDREI","3422","4.027027","4.135135","4.135135","4.121622","4.324324","4.243243","4.324324","4.486486","4.256757","4.608108"
"KIRK,JILL K","3423","4.52","4.32","4.08","4.5","4.58","4.68","4.66","4.62","4.68","4.7"
"KIRK,MARCUS","3424","4.233962","4.260377","4.222642","4.284906","4.204159","4.342155","4.567108","4.574669","4.253308","4.716446"
"KIRK,SARAH K","3425","4.833333","4.5","4.666667","4.833333","5","5","5","5","5","5"
"KIRLI,SERDAR","3426","4.428962","4.483607","4.349727","4.412568","4.479452","4.302198","4.558904","4.642077","4.489071","4.728767"
"KIRST,MATIAS","3427","4.470588","4.352941","4.435294","4.4","4.571429","4.324675","4.675325","4.506494","4.675325","4.714286"
"KISEMBE,JESSE","3428","4.227064","4.162844","3.864679","4.229358","4.276486","4.46134","4.459948","4.514212","4.408269","4.478036"
"KISHEL,CATHERINE BRADY","3429","4.48","4.32","4.2","4.32","4.6","4.68","4.64","4.6","4.6","4.72"
"KIVRAK,LYDIA LAZAR","3430","4.219178","4.150685","3.808219","4.273973","3.947368","4.017544","4.22807","4.22807","4.192982","4.263158"
"KLADDE,MICHAEL","3431","3.839806","3.946602","3.912621","3.878641","4.082524","4.169903","4.126214","4.325243","4.024272","4.519417"
"KLAGER,PATRICK A","3432","4.8","4.753846","4.892308","4.723077","4.969231","4.984615","4.984615","4.984615","4.984615","4.984615"
"KLANN,KRISTOPHER","3433","4.423913","4.217391","4.5","4.434783","4.476744","4.55814","4.744186","4.593023","4.604651","4.732558"
"KLARENBERG,GERALDINE","3434","4.552","4.544","4.488","4.496","4.64","4.752","4.864","4.832","4.672","4.872"
"KLAUBERG SILVA,CARINE","3435","4.1","3.9","3.8","4.1","3.433333","3.966667","4.166667","4.166667","3.433333","4.5"
"KLEE,TRAVIS J","3436","4.211959","4.052856","3.875067","4.112653","3.886821","3.998515","4.063291","4.135656","4.025335","4.074405"
"KLEESPIES,INGRID","3437","4.745098","4.715686","4.784314","4.705882","4.980198","4.980198","4.990099","4.980198","4.980198","4.990099"
"KLEIMAN,VALERIA DANA","3438","4.136364","4.287879","4.409091","4","3.863636","3.787879","4.136364","4.106061","3.787879","4.893939"
"KLEIN,KIRSTEN GABRIELLE","3439","4.527778","4.416667","4.055556","4.527778","4.285714","4.428571","4.514286","4.457143","4.485714","4.542857"
"KLEIN,RYAN WILLIAM","3440","5","4.666667","4.666667","5","4.666667","4.333333","4.666667","5","4.666667","4.666667"
"KLEINE,ALAINA ANNE","3441","4.384615","4.153846","4.307692","4.076923","4.307692","4.461538","4.692308","4.615385","4.461538","4.615385"
"KLEPACKI,PHILLIP JEFFERY","3442","4.210421","4.208417","3.957916","4.252505","4.457831","4.436364","4.635815","4.626506","4.604418","4.706827"
"KLIGERMAN,ERIC MATTHEW","3443","4.470914","4.454294","4.573407","4.448753","4.657382","4.435897","4.810585","4.727019","4.655556","4.941504"
"KLIMA,ALICE","3444","4.097222","4.166667","3.972222","4.027778","4.111111","3.957746","4.347222","4.375","4.125","4.625"
"KLIMAVICH,JOSEPH","3445","4.534884","4.465116","4.488372","4.465116","4.651163","4.860465","4.767442","4.906977","4.744186","4.906977"
"KLIMENKO,MARINA","3446","3.911969","3.870772","3.411535","3.988725","3.69822","3.870491","4.073817","4.245439","3.915762","4.157552"
"KLIMENKO,SERGEY","3447","3.971429","4","3.771429","4.285714","3.4","4.147059","3.771429","4.514286","3.485714","3.942857"
"KLINE,JAMES W","3448","4.117647","4.352941","4.294118","4.117647","4.529412","4.705882","4.470588","4.588235","4.470588","4.764706"
"KLINGENSMITH,BARBARA LYNN","3449","4","4.2","4.4","4","4.2","4.2","4.4","4.2","4.2","4.2"
"KLIZENTYTE,KOTRYNA","3450","4.340491","4.273006","3.917178","4.346626","4.513846","4.403077","4.601852","4.581538","4.664615","4.692308"
"KLOETZER,HANNAH RAYNE","3451","3.8","3.8","3.4","4","4","4.8","4.8","4.6","4.4","4.4"
"KLUITERS,GEORGETTE","3452","4.334559","4.272059","3.658088","4.408088","4.011152","4.134328","4.39777","4.133333","4.365672","4.392593"
"KMIECIAK,PATRICK MITCHELL","3453","4.571429","4.547619","4.619048","4.52381","4.404762","4.642857","4.690476","4.690476","4.214286","4.785714"
"KNACKSTEDT,LORI","3454","4.480392","4.166667","3.960784","4.382353","4.460784","4.237624","4.372549","4.588235","4.529412","4.627451"
"KNECHEL,W ROBERT","3455","3.261364","3.295455","3.034091","3.636364","3.034091","3.034091","3.113636","3.375","3.261364","3.409091"
"KNERR,LEXI","3456","4.48","4.36","4.2","4.36","4.48","4.44","4.68","4.68","4.48","4.72"
"KNICKERBOCKER,ROBERTA","3457","4.498442","4.249221","4.311526","4.317757","4.663522","4.669811","4.702194","4.716981","4.60815","4.846875"
"KNIGHT,JAMES DAVID","3458","4.233333","4.266667","4.2","4.033333","4.566667","4.5","4.666667","4.566667","4.5","4.833333"
"KNIGHT,SCOTT LEE","3459","4.875","4.875","5","4.6875","4.875","4.625","5","4.875","4.125","5"
"KNIGHT,THOMAS","3460","4.373147","4.252252","3.868062","4.305434","4.573221","4.401052","4.700496","4.746573","4.666278","4.816618"
"KNOPF,HERMAN THEODORE","3461","4","4","4","4","4","4","4","5","5","5"
"KNOWLES III,HAL S","3462","4.506812","4.504087","4.416894","4.416894","4.657303","4.264045","4.808989","4.609551","4.685393","4.91573"
"KNOWLES,KRYSTEL","3463","4.583333","4.666667","4.5","4.583333","4.583333","4.583333","4.666667","4.416667","4.166667","5"
"KNUDSEN,MATT","3464","4.571429","4.555556","4.349206","4.587302","4.52381","4.564516","4.714286","4.746032","4.555556","4.650794"
"KNUDSON,ELLEN","3465","4.782609","4.608696","4.695652","4.782609","4.956522","4.652174","5","4.869565","5","5"
"KNUDSON,KEVIN P","3466","4.198718","4.179487","3.50641","4.198718","4.134615","4.167742","4.288462","4.509677","4.160256","4.403846"
"KNUTSON,MITCHELL D","3467","4.772727","4.681818","4.590909","4.75","4.795455","4.75","4.80303","4.780303","4.833333","4.909091"
"KO,YONG JAE","3468","4.122517","4.211921","3.937086","4.18543","4.123746","4.271812","4.389262","4.33","4.11","4.44"
"KOCH,KAREN E","3469","4.535714","4.428571","4.607143","4.464286","4.75","4.714286","4.785714","4.642857","4.678571","4.857143"
"KOCHER,JAMES","3470","4.36","4.053333","4.506667","4.333333","4.613333","4.68","4.733333","4.653333","4.72","4.706667"
"KODIKARA,RAVIN","3471","3.787781","3.916399","3.356913","3.92283","3.802589","3.781759","4.032362","4.146104","3.993528","4.197411"
"KOEHLER,PHILIP G","3472","4.666667","4.333333","3.666667","4.333333","4.666667","4.333333","5","5","5","5"
"KOENIG,ROSALIE L","3473","3.728571","3.828571","4.228571","3.828571","4.242857","4.328571","4.5","4.414286","4.3","4.714286"
"KOFAHL,DAVID T","3474","4.230769","3.923077","3.923077","3.923077","4.461538","4.615385","4.076923","4.307692","4.384615","4.307692"
"KOFLER,GEORG","3475","4.714286","4.714286","4.571429","4.571429","4.571429","4.428571","4.857143","4.857143","4.857143","5"
"KOH,DO HYONG (RYAN)","3476","4.375","4.25","4","4","3.875","4.375","4.75","4.5","4","4.625"
"KOHEN,MARTHA","3477","4","4","4.5","4.166667","4.166667","4.333333","4.666667","4","4","4.666667"
"KOHLI,NEHA","3478","3.764706","3.764706","3","3.882353","3.235294","3.882353","4","4.117647","3.941176","4.117647"
"KOHNEN,ANGELA MARIE","3479","4.631579","4.631579","4.631579","4.578947","4.789474","4.842105","4.842105","4.894737","4.789474","4.947368"
"KOIVULA,ANGELA","3480","4.333333","4.333333","4.5","4.333333","4.833333","4.666667","4.666667","4.833333","4.666667","4.833333"
"KOLB,RYAN H","3481","4.2","4.225","4.225","4.275","4","4.125","4.25","4.25","4.15","4.1"
"KOLINSKY,HEATHER MCDONALD","3482","4.56962","4.468354","4.675105","4.278481","4.635593","4.673729","4.817797","4.809322","4.559322","4.855932"
"KOLLI,JAYA P","3483","4.146104","4.094156","3.551948","4.107143","3.955932","4.277027","4.071186","4.187919","4.031034","4.142373"
"KONDRATOV,OLEKSANDR","3484","5","5","5","5","5","5","5","5","5","5"
"KONG,LINGCHEN","3485","3.75","3.625","3.375","3.75","3.75","4.125","4.125","4.625","4.125","4.5"
"KOONTZ,IZABELLA MARINA","3486","3.967742","4","3.870968","4","4.066667","4.4","4.666667","4.5","4.166667","4.8"
"KOPELEVICH,DMITRY","3487","3.809045","3.723618","3.859296","3.98995","3.919192","3.929293","4.20202","4.363636","4.156566","4.348485"
"KOPINKE,DANIEL","3488","4.46087","4.365217","4.304348","4.4","4.707965","4.628319","4.725664","4.725664","4.725664","4.761062"
"KOPPAL,SANJEEV JAGANNATHA","3489","4.405858","4.39749","4.443515","4.368201","4.67364","4.497908","4.769874","4.651261","4.661088","4.861925"
"KOPTUR-PALENCHAR,JOHN J","3490","3.803922","3.921569","3.764706","3.901961","4.322581","4.30303","4.645161","4.516129","4.16129","4.741935"
"KOREN III,JOHN","3491","4.75","4.5","5","4.25","4.333333","4.5","4.333333","4.5","4.333333","4.333333"
"KORNETTI,DIANA L","3492","4.273585","4.183962","4.169811","4.216981","3.932039","4.086538","4.26699","4.346154","4.092683","4.404878"
"KOROLEV,MARIA V","3493","4.224548","4.252572","3.857042","4.206811","4.038781","4.057052","4.266218","4.311243","4.238434","4.295374"
"KOROLY,MARY JO","3494","3.925081","3.912052","3.247557","3.856678","3.186885","3.108197","4.235294","3.918301","3.75082","4.542484"
"KOROPECKYJ-COX,TANYA","3495","4.431579","4.357895","4.484211","4.315789","4.463158","4.4","4.684211","4.642105","4.568421","4.810526"
"KORSANT,CLATE J","3496","4.076923","3.961538","4.307692","4.038462","4.076923","3.846154","4.192308","4.115385","4","4.576923"
"KORY,STEPHAN NICHOLAS","3497","4.642857","4.508929","4.776786","4.535714","4.758929","4.821429","4.767857","4.776786","4.633929","4.946429"
"KORYTOV,ANDREY","3498","3.581653","3.78629","3.392137","3.75","3.015306","3.386503","3.845918","3.796939","3.034694","4.27449"
"KOS,SONJA","3499","4.757009","4.691589","4.682243","4.570093","4.344828","4.310345","4.344828","4.344828","4.344828","4.344828"
"KOSC,JOZEF","3500","4.666667","4.666667","4.388889","4.111111","4.666667","4.5","4.777778","4.5","4.722222","4.833333"
"KOSKINEN,STEPHANIE MARIE","3501","3.833333","3.733333","3.633333","3.866667","3.766667","3.8","4.066667","4.3","4.1","4"
"KOSTER,LIZA SALLY","3502","4.567657","4.584158","4.557756","4.557756","4.489726","4.493151","4.537671","4.544521","4.40411","4.599315"
"KOSTOPOULOS,CHRYSOSTOMOS","3503","4.420765","4.284153","4.344262","4.371585","4.635616","4.607143","4.742466","4.706849","4.643836","4.882192"
"KOSTYSHAK,SCOTT","3504","4.513889","4.5","4.625","4.5","4.611111","4.25","4.791667","4.75","4.444444","4.902778"
"KOUHI ROSTAMKOLAEI,MAHTAB","3505","3.115385","3.211538","2.365385","3.538462","2.5","2.980769","3.230769","3.519231","3.057692","3"
"KOUKOULIDIS,NIKI MARIA","3506","4.875","4.875","4.625","4.75","4.625","4.875","4.875","4.875","4.875","5"
"KOUVELIOTIS,GEORGIOS","3507","4.535354","4.474747","4.464646","4.444444","4.329412","4.352941","4.341176","4.4","4.235294","4.411765"
"KOVACH,DYLAN CHARLES","3508","4.5","4.25","4.25","4.25","5","5","5","5","5","5"
"KOVACSY ISPIZUA,SOFIA","3509","4.514706","4.529412","4.544118","4.441176","4.54902","4.45098","4.529412","4.529412","4.509804","4.54902"
"KOWALCZYK,JACOB JAMES","3510","4.295775","4.352113","4.070423","4.366197","3.855072","4.376812","4.057971","4.333333","3.985507","4.057971"
"KOWALEWSKA,AGATA","3511","4.22093","4.162791","4.418605","4.180233","4.494186","4.581395","4.633721","4.662791","4.424419","4.77907"
"KOWALEWSKI,MICHAL","3512","4.76087","4.717391","4.652174","4.695652","4.826087","4.826087","4.73913","4.869565","4.782609","4.863636"
"KOWALSKI,XAVIER","3513","4.75","4.5","4.5","4.75","4.5","4.75","4.5","4.75","4.75","4.75"
"KOZHEVNIKOVA,JANE","3514","4.493151","4.287671","4.328767","4.30137","4.434783","4.565217","4.57971","4.608696","4.507246","4.666667"
"KOZLOWSKI,KATIE L","3515","4.546667","4.493333","4.48","4.613333","4.575342","4.684932","4.780822","4.753425","4.684932","4.712329"
"KPELI,GOLDIE","3516","3.315789","3.421053","2.631579","3.473684","2.736842","3.315789","3.157895","3.157895","3.105263","3.315789"
"KRAFT,JAMIE J","3517","4.300222","4.203855","3.940203","4.28342","4.327124","4.380065","4.628011","4.589814","4.539474","4.690742"
"KRAFT,JOHN","3518","4.118068","4.209302","3.974955","4.091234","4.082437","4.499102","4.282648","4.483871","4.089445","4.275492"
"KRAMER,BRIAN STUART","3519","4.6","4.5","4.6","4.35","4.75","4.7","4.7","4.5","4.65","5"
"KRAMER,JESSICA M","3520","4.336323","4.466368","4.38565","4.26009","4.488789","4.434978","4.457399","4.632287","4.313901","4.816143"
"KRAMER,JOHN","3521","4.134474","4.141809","4.168704","4.100244","4.02934","4.02934","4.369193","4.06846","4.149144","4.498778"
"KRAMER,KIAH","3522","4.756757","4.72973","4.702703","4.702703","4.837838","4.864865","4.945946","4.945946","4.918919","4.972973"
"KRANZLER,JOHN H","3523","4.142857","4.428571","4.285714","4.428571","3.857143","4.571429","3.857143","4.857143","4.142857","4.571429"
"KRATZERT,JESSICA","3524","3.490566","3.754717","3.188679","3.584906","3.711538","3.961538","4.057692","4.288462","4.115385","4.019231"
"KRAUS,ALISON ROSA","3525","4.398754","4.311526","4.485981","4.264798","4.559486","4.5","4.623794","4.55627","4.643087","4.707395"
"KRAUSE,ASHLEY NICOLE","3526","3.964286","3.857143","3.857143","4.25","3.535714","4.142857","3.928571","4.357143","3.607143","4.142857"
"KRAUSE,LISA","3527","3.977528","4.078652","3.966292","4.146067","3.886364","4.11236","4.193182","4.314607","4.045977","4.329545"
"KRAUT,ALEXANDER IAN","3528","4","3.846154","4.192308","4.076923","4","4.692308","4.153846","4.576923","3.538462","4.384615"
"KRAUTHAMMER,THEODOR","3529","4.235294","4.333333","4","4.352941","4.078431","4.137255","4.254902","4.392157","4.117647","4.647059"
"KREIDER,CONSUELO M","3530","4.204167","4.216667","4.333333","4.1","4.145833","3.9625","4.233333","4.325","3.729167","4.608333"
"KREIDER,MIKAYLA GRACE","3531","4.583333","4.583333","4.916667","4.666667","4.777778","4.888889","5","4.888889","4.777778","4.777778"
"KREPPEL,AMIE","3532","4.330556","4.041667","3.733333","4.252778","4.255556","3.958217","4.261111","4.522222","4.552778","4.75"
"KRESAK,JESSE L","3533","4.261905","4.142857","4.130952","4.107143","4.25","4.202532","4.3375","4.25","4.2625","4.3125"
"KRIGBAUM,JOHN SANDERS","3534","4.27193","4.192982","4.008772","4.192982","4.324561","4.230088","4.5","4.140351","4.415929","4.814159"
"KRISHNA KUMAR,ARJUN","3535","4.325","4.333333","4.383333","4.325","4.028302","4.09434","4.132075","4.273585","4.066038","4.273585"
"KRISHNA,SUJATA","3536","3.749785","3.88994","3.423904","3.858126","3.337349","3.598792","3.702842","4.006029","3.493115","3.945783"
"KROEN,SHERYL T","3537","4.5","4.47619","4.761905","4.261905","4.47619","4.690476","4.738095","4.547619","4.547619","4.952381"
"KRONFLI,FARIS RASHAD","3538","4.518934","4.45021","3.959327","4.524544","4.323488","4.499297","4.574438","4.643662","4.574438","4.554775"
"KROPP,EVAN","3539","4.73913","4.565217","4.608696","4.478261","5","5","4.956522","4.956522","4.826087","5"
"KROPP,JACLYN DONNA","3540","4.406977","4.44186","4.482558","4.389535","4.493976","4.48503","4.566265","4.656627","4.475904","4.694611"
"KRUEGER,TRACI M","3541","4.315476","4.22619","3.595238","4.363095","4.048193","4.475904","4.275449","4.440476","4.315476","4.440476"
"KRUPAR,SHELBY LYNN","3542","3.731884","3.710145","3.463768","3.855072","3.072581","3.129032","3.056452","3.508065","3.516129","3.185484"
"KRUSE,JASON K","3543","4.257143","4.2","4.228571","4.2","4.342857","4.228571","4.542857","4.342857","4.485714","4.6"
"KRUTCHIK,LARRY","3544","4.797101","4.73913","4.73913","4.710145","4.855072","4.768116","4.811594","4.826087","4.84058","4.869565"
"KRUZIK,CLAUDIA","3545","4","4","3.5","4.5","3.5","4","3.5","3.5","4","3.5"
"KSHIRSAGAR,AKHIL R","3546","2.803571","2.839286","2.589286","2.875","2.803571","3.446429","3.125","3.563636","3.071429","3.517857"
"KUANG,HUAN","3547","4.363636","4.454545","4.454545","4.363636","4.545455","4.454545","4.454545","4.636364","4.818182","4.818182"
"KUANG,HUIQING","3548","4.361538","4.315385","3.484615","4.438462","4.023256","4.224806","4.325581","4.496124","4.263566","4.317829"
"KUANYSHOV,NURSULTAN","3549","3.38835","3.533981","3.019417","3.592233","3.362069","3.827586","3.810345","3.965517","3.448276","3.844828"
"KUGE,MARIA N","3550","4.5","4.5","3.5","4.666667","4.5","4.833333","4.833333","4.833333","4.666667","4.833333"
"KUGELMASS,JACK","3551","4.785714","4.642857","4.571429","4.571429","4.642857","4.642857","4.785714","4.285714","4.571429","4.928571"
"KUHEYLAN,BURCU","3552","3.725806","3.827957","3.741935","3.88172","3.902439","4.256098","4.207317","4.170732","4.04878","4.195122"
"KUJUNDZIC,DRAGAN","3553","4.564103","4.461538","4.649573","4.581197","4.512821","4.512821","4.65812","4.529915","4.589744","4.91453"
"KULIK,JAMIE I","3554","4.85","4.7","4.775","4.625","4.410256","4.589744","4.692308","4.615385","4.666667","4.666667"
"KUMAR,ACHAL","3555","4.166667","4.333333","4.5","4.166667","3.666667","3.666667","3.666667","4.166667","3.666667","4.333333"
"KUMAR,ANUJ","3556","3.896907","3.986254","3.975945","3.996564","4.082759","4.058419","4.255172","4.340206","4.034364","4.522337"
"KUMAR,ASHOK","3557","4.272727","3.909091","3.454545","4.363636","4.227273","3.954545","4.181818","4.454545","4.363636","4.318182"
"KUMAR,ASHOK V","3558","4.347011","4.286049","3.427902","4.271981","3.88615","3.786982","3.816901","4.145882","3.861502","3.995305"
"KUMAR,NITISH","3559","4.29661","4.220339","4.110169","4.322034","4.220339","4.186441","4.457627","4.525424","4.194915","4.584746"
"KUMAR,RISHABH","3560","3.862069","4.241379","4.344828","4.172414","4.241379","4.172414","4.482759","4.206897","4.344828","4.724138"
"KUMAR,SWAPNA","3561","4.823009","4.769912","4.59292","4.734513","4.849558","4.849558","4.893805","4.911504","4.867257","4.911504"
"KUMARAN,MUTHUSAMI","3562","4.426573","4.34965","4.286713","4.363636","4.531915","4.443662","4.528169","4.471831","4.471831","4.669014"
"KUNDU,DEEP","3563","4.313043","4.252174","3.973913","4.304348","4.083333","4.138889","4.305556","4.481481","4.222222","4.240741"
"KUNG,MICHAEL","3564","5","5","4.333333","5","5","4.666667","4.666667","4.333333","4.333333","5"
"KUNNATH RAVINDRANUNNI,REMYA","3565","4.5","4.4","4.5","4.5","4.033333","4.133333","4.2","4.233333","3.9","4.3"
"KUNSELMAN,LAUREN","3566","4.164948","4.051546","3.659794","4.206186","3.811321","4.09434","4.018868","4.018868","3.962264","4.056604"
"KUNWAR,ASHRA","3567","4.340909","4.204545","3.954545","4.272727","3.92","3.88","3.96","3.96","3.92","4.04"
"KURTIS,SARAH M","3568","3.655039","3.55814","3.007752","3.670543","3.428571","3.766234","3.818182","3.974026","3.824675","3.903226"
"KUSEL,ASHLEY MEADE","3569","4.571429","4.571429","4.904762","4.52381","4.619048","4.952381","4.952381","4.904762","4.857143","4.952381"
"KUSHINS,JODI","3570","4.384615","4.307692","4.230769","4.307692","4.384615","4.538462","4.538462","4.307692","4.307692","4.615385"
"KUTYNA,MICHAEL","3571","4.878205","4.801282","4.865385","4.788462","4.873239","4.788732","4.881119","4.711268","4.915493","4.916084"
"KVAM,PETER","3572","4.505495","4.494505","4.384615","4.56044","4.626374","4.527473","4.692308","4.736264","4.527473","4.736264"
"KWADEY,YOLANDA OFOSUA","3573","4.352941","4.329412","4.670588","4.235294","4.505882","4.552941","4.741176","4.529412","4.529412","4.694118"
"KWAFO,SAMUEL","3574","4.288889","4.214815","4.266667","4.311111","4.288","4.425197","4.576","4.531746","4.459677","4.528"
"KWARK,YOUNG","3575","3.711111","3.933333","3.577778","4.022222","3.577778","3.822222","3.955556","4.4","3.466667","4.244444"
"KWEITSU,RICHARD","3576","5","5","5","5","5","5","5","5","5","5"
"KYLES,TRACEY LEANNE","3577","3.916667","3.75","3.75","4.083333","3.75","3.916667","4.166667","4.166667","3.833333","3.833333"
"KYOMOTO,HARUNA","3578","4.825175","4.545455","4.874126","4.678322","4.881119","4.895105","4.93007","4.951049","4.853147","4.993007"
"KYRIAZIS,ANTONIOS","3579","3.5","3.875","3.4375","4","4","3.875","4.1875","4.3125","4.0625","4.375"
"KYRYCHENKO,DENNIS","3580","3.53125","3.53125","3.8125","3.625","4.09375","4.0625","4.3125","4.625","4.15625","4.6875"
"L,BRITTANY L","3581","3.836735","3.816327","3.204082","4","3.489796","3.571429","3.857143","3.897959","3.836735","3.918367"
"LA LUZ MALDONADO,ANNGELYK MARIE","3582","4.261905","4.166667","4.309524","4.214286","4.560976","4.780488","4.780488","4.756098","4.609756","4.756098"
"LABRET,JASON M","3583","4.275362","4.246377","4.507246","4.202899","4.637681","4.695652","4.826087","4.782609","4.782609","4.797101"
"LACHANCE,KYLE Z","3584","3.75","4","3.5","4","3.75","4","4","4","3.75","4"
"LADA,ELIZABETH ANNE","3585","4.646667","4.513333","4.633333","4.44","4.721088","4.693878","4.884354","4.782313","4.823129","4.918367"
"LADD,ANTHONY J","3586","3.245098","3.480392","3.539216","3.333333","3.009804","3.54902","3.411765","4.245098","2.803922","4.303922"
"LADD,COOPER","3587","4.5","4.428571","4.571429","4.5","4.428571","4.642857","4.642857","4.714286","4.642857","4.571429"
"LADERMAN,CHARLES MATTHEW","3588","4.25","3.875","4.375","4.125","4.75","4.125","4.75","4.625","4.75","4.875"
"LAFOREST,LARISSA C","3589","4.40625","4.265625","4.53125","4.328125","4.596774","4.629032","4.774194","4.564516","4.612903","4.774194"
"LAGEYRE,LUIS","3590","4.142857","4.214286","4.357143","4.214286","4.285714","4.5","4.571429","4.357143","4.357143","4.714286"
"LAHIRI,SRIYANKA","3591","4.166667","4.166667","4.5","4.333333","4.333333","4","4.666667","4.666667","4.333333","4.833333"
"LAHN,DANIELLE JET","3592","4.6","4.6","4.2","4.6","4.466667","4.733333","4.6","4.733333","4.6","4.533333"
"LAI,GUOLONG","3593","4.615385","4.384615","4.538462","4.461538","4.846154","4.307692","4.923077","4.307692","4.384615","5"
"LAI,JASEN YULIANG","3594","4.368421","4.394737","3.473684","4.473684","3.842105","4.184211","4.131579","4.289474","4.078947","4.052632"
"LAI,JOHN","3595","4.19403","4.149254","3.9801","4.129353","4.080808","4.292929","4.515152","4.538071","4.262626","4.550505"
"LAING,MICHAEL A","3596","3.5","3.25","3.333333","3.666667","3.416667","3.416667","3.583333","3.666667","3","4.666667"
"LAITANO,ORLANDO","3597","4.567164","4.522388","4.731343","4.38806","4.522388","4.283582","4.791045","4.641791","4.313433","4.940299"
"LALONDE,RICHARD","3598","4.625","4.6","4.525","4.675","4.5","4.344828","4.482759","4.448276","4.633333","4.566667"
"LAM,HERMAN","3599","4.291391","4.331126","3.761589","4.284768","3.781457","4.072848","4.119205","4.466667","3.801325","4.245033"
"LAMB,DAMON G","3600","3.136364","3.181818","3.909091","3.090909","3.272727","3.227273","3.272727","3.909091","2.909091","4.318182"
"LAMB,KAYLEE C","3601","4.476821","4.417219","4.556291","4.403974","4.715232","4.807947","4.84106","4.793333","4.781457","4.860927"
"LAMB,MICHELLE","3602","4.789474","4.684211","4.315789","4.684211","4.473684","4.631579","4.684211","4.684211","4.526316","4.736842"
"LAMB,ROBERT WELLINGTON","3603","4.357143","4.428571","4.357143","4.464286","4.25","3.464286","4.571429","4.25","4.464286","4.714286"
"LAMBA,JATINDER","3604","4.109091","4.054545","3.836364","4.2","4.481481","4.425926","4.462963","4.5","4.518519","4.537037"
"LAMBERT,ARDEN R","3605","4.818182","4.545455","4.545455","4.636364","4.454545","4.727273","4.909091","4.818182","4.727273","4.818182"
"LAMBERT,ELIZABETH H","3606","4.228571","4.171429","4.171429","4.342857","4.454545","4.363636","4.484848","4.454545","4.575758","4.454545"
"LAMINO,PABLO","3607","4.113043","4.095652","4.278261","4","4.278261","4.356522","4.547826","4.452174","4.208696","4.617391"
"LANAJ,KLODIANA","3608","4.680851","4.553191","4.765957","4.617021","4.851064","4.93617","4.93617","4.93617","4.93617","4.957447"
"LANAUX,TRAVIS MICHAEL","3609","4.633975","4.581436","4.534151","4.532399","4.686508","4.601594","4.706349","4.634921","4.72619","4.734127"
"LANCELOT,DAVID R","3610","4.853659","4.585366","4.756098","4.634146","4.829268","4.585366","4.902439","4.756098","4.707317","5"
"LANDERMAN,JESSIE","3611","4.25","4.4375","3.875","4.4375","3.875","3.6875","4.3125","4.25","4.25","4.5"
"LANDRUM,MCKENZIE ELIZABETH","3612","4.233766","4.254545","4.096104","4.236364","4.132468","4.116883","4.412987","4.527273","4.257143","4.548052"
"LANE,CHLOE VICTORIA","3613","4.655172","4.637931","4.655172","4.568966","4.706897","4.827586","4.844828","4.844828","4.775862","4.844828"
"LANE,DASHANA","3614","4.036697","4.045872","3.834862","4.137615","4.045872","4.211009","4.366972","4.348624","4.229358","4.311927"
"LANE,HOLLY","3615","4.533333","4.4","4.266667","4.466667","4.5","4.428571","4.928571","4.5","4.714286","4.928571"
"LANE,JODI","3616","4.422434","4.27685","3.988067","4.372315","4.473684","4.451923","4.595694","4.686603","4.588517","4.710526"
"LANG,YINZHI","3617","4.666667","4.666667","4.666667","4.666667","4.75","4.75","4.75","4.75","4.75","4.75"
"LANGER,ARMIN","3618","4.739583","4.604167","4.791667","4.625","4.875","4.854167","4.958333","4.895833","4.875","4.96875"
"LANGKAMP-HENKEN,BOBBI","3619","4.697674","4.744186","4.860465","4.651163","4.837209","4.906977","4.906977","4.976744","4.813953","4.883721"
"LANIER,CHRISTOPHER J","3620","4.626415","4.579874","4.623899","4.579874","4.84371","4.78399","4.875476","4.824651","4.872935","4.8831"
"LANKINA,ANNA","3621","4.27911","4.205479","4.280822","4.277397","4.306368","4.29432","4.517241","4.509466","4.518072","4.460481"
"LANNON,HEIDI J","3622","3.868613","3.871046","3.591241","3.917275","3.956098","4.056235","4.166259","4.117073","4.012195","4.443902"
"LANSER,ANDREW MICHAEL","3623","4.277778","4.277778","3.888889","4.166667","4.166667","4.055556","4.666667","4.388889","4.388889","4.388889"
"LANTOW,VIVIAN I","3624","3.222222","3.222222","3.777778","3.888889","4.444444","4.222222","4.444444","4.333333","4.555556","4.777778"
"LANTRY,PHILLIP","3625","4.294118","4.058824","4.117647","4.294118","4.764706","4.470588","4.647059","4.529412","4.705882","4.705882"
"LANZA KADUCE,LONN M","3626","3.931034","4.034483","3.551724","4","3.892734","3.9375","4.17301","4.32526","3.844291","4.570934"
"LAPIERRE,GAGE DANIEL","3627","4.714286","4.642857","4.928571","4.714286","4.928571","4.928571","5","4.928571","5","5"
"LAPLACA,LEE ELOISA","3628","4.1875","4.25","3.9375","4.3125","4.375","4.5625","4.5625","4.625","4.3125","4.1875"
"LARKIN III,JOSEPH","3629","3.924883","3.840376","3.802817","3.985915","3.793427","3.793427","4.215962","4.234742","3.788732","4.676056"
"LARKIN,CLEARY","3630","4.681818","4.568182","4.636364","4.545455","4.818182","4.636364","4.863636","4.75","4.75","4.931818"
"LARKIN,ISKE V","3631","4.45815","4.277533","4.114537","4.449339","4.368664","4.285714","4.522936","4.477064","4.490826","4.555046"
"LARKIN,PATRICK M","3632","4.686469","4.415842","4.079208","4.636964","4.646865","4.715232","4.80198","4.851485","4.811881","4.768977"
"LARMER,MILES","3633","4.5","4.277778","4.666667","4.277778","4.777778","4.944444","4.722222","5","4.722222","4.944444"
"LAROCHE,DOMINIQUE","3634","4.306818","4.284091","4.272727","4.261364","3.942529","4.367816","4.402299","4.632184","3.827586","4.574713"
"LARSEN,ABIGAIL GRACE","3635","3.405405","3.531532","3.648649","3.630631","3.545455","3.614679","3.918182","3.954545","3.854545","4.172727"
"LARSEN,KRISTIN ESTHER","3636","4.546392","4.453608","4.443299","4.505155","4.546392","4.505155","4.659794","4.752577","4.608247","4.814433"
"LARSEN,LIANDRA A","3637","4.348101","4.316456","4.088608","4.373418","4.403974","4.523179","4.589404","4.602649","4.602649","4.596026"
"LARSON,ALYSON D","3638","4.516129","4.483871","4.677419","4.548387","4.666667","4.866667","4.8","4.8","4.566667","4.8"
"LARSON,CARMEN","3639","3.333333","3.166667","3","3.833333","3.333333","4.166667","3.333333","4.166667","3","3.833333"
"LASCANO,JORGE E","3640","4.320312","4.179688","4.15625","4.242188","4","4.15625","4.296875","4.204724","3.75","4.453125"
"LASCH,COLIN KING","3641","4.253425","4.178082","4.30137","4.280822","4.424658","4.410959","4.616438","4.541096","4.630137","4.760274"
"LASHLEY,MARCUS ALAN","3642","4.26087","4.152174","4.043478","4.282609","4.152174","3.782609","4.369565","4","4.173913","4.5"
"LASSITER,ANNABELLE GRACE","3643","4.233333","4.3","4.233333","4.433333","4.3","4.266667","4.5","4.466667","4.4","4.566667"
"LASSITER,H. ANDREW","3644","4.440678","4.389831","4.152542","4.423729","4.293103","3.844828","4.517241","4.37931","4.396552","4.741379"
"LATORRE,EDWARD","3645","4.410569","4.03252","4.227642","3.552846","3.841463","3.930612","4.317073","4.333333","3.955285","4.678862"
"LATTIMORE,TYLER D","3646","5","5","5","4.928571","5","5","5","5","5","5"
"LAUE,RACHEL W","3647","4.833333","4.75","4.5","4.833333","4.916667","4.916667","5","5","4.916667","5"
"LAUGHLIN,ELEANOR A","3648","3.85","3.9","3.8","4.25","3.55","2.45","4.05","3.5","3.55","4.4"
"LAUSE,CHRIS","3649","4.171429","4.107143","4.221429","4.2","4.321429","4.514286","4.478571","4.614286","4.492857","4.485714"
"LAUTERIA,EVAN WILSON","3650","4.545994","4.486647","4.454006","4.421365","4.71131","4.519403","4.84273","4.801187","4.792285","4.88724"
"LAUX,STEVEN J","3651","4.662921","4.617978","4.662921","4.550562","4.741573","4.662921","4.831461","4.730337","4.651685","4.910112"
"LAVELLE,AILEEN","3652","4.232143","4.267857","4.446429","4.232143","4.428571","4.535714","4.607143","4.660714","4.571429","4.75"
"LAVENDER,BAILEY KATHERINE","3653","3.714286","3.857143","3.214286","3.857143","3.555556","3.444444","3.5","3.5","3.555556","3.7"
"LAVOIE,MATTHEW J","3654","4.714286","4.428571","4.619048","4.571429","4.619048","4.714286","4.857143","4.571429","4.571429","4.809524"
"LAW,AMBER ELIZABETH","3655","3.90411","3.712329","4.013699","3.986301","4.287671","4.383562","4.547945","4.616438","4.589041","4.424658"
"LAW,BRIAN K","3656","4.354167","4.229167","4.159722","4.354167","4.566176","4.5","4.588235","4.588235","4.625","4.639706"
"LAW,LEO HEI","3657","4.112676","4.126761","3.816901","4.253521","3.884058","4.15942","4.242857","4.376812","4.26087","4.318841"
"LAW,MARK E","3658","3.97541","3.860656","4.081967","4.106557","4","4.285714","4.475","4.475","4.241667","4.433333"
"LAW,MARY ELIZABETH","3659","4.465686","4.372549","4.303922","4.333333","4.515306","4.497436","4.52551","4.505102","4.535714","4.545918"
"LAWAL,MODUPEOLA GANIYAT","3660","4.266667","4.166667","4.4","4.166667","4.2","4.433333","4.7","4.4","4.266667","4.666667"
"LAWLESS,KEITH NICHOLAS","3661","4.444444","4.388889","3.833333","4.5","3.733333","3.8","4.2","4.066667","4.066667","4.2"
"LAWSON,GARY","3662","4.437037","4.303704","3.844444","4.444444","4.5","4.141791","4.518519","4.666667","4.503704","4.874074"
"LAWSON,KATI","3663","4.888889","4.777778","4.888889","4.777778","4.555556","4.555556","4.555556","4.555556","4.555556","4.555556"
"LAZAREVIC,BOJAN","3664","4.449782","4.480349","4.292576","4.393013","4.399123","4.449339","4.697368","4.675439","4.434211","4.758772"
"LAZAROE,LACIE MICHELLE","3665","5","5","5","5","5","5","5","5","5","5"
"LE JEUNE,CHRISTINE","3666","4.338983","4.220339","4.042373","4.370056","4.073314","4.205882","4.419355","4.45614","4.372434","4.491228"
"LE,MIRANDA","3667","4.058824","4.058824","4.058824","3.941176","4.588235","4.470588","4.647059","4.411765","4.470588","4.705882"
"LEA,SHERIDAN","3668","4.389105","4.284047","3.603113","4.420233","3.984436","3.992218","4.361868","4.396887","4.381323","4.268482"
"LEACH,ROBERT S","3669","4.711111","4.777778","4.777778","4.488889","4.790698","4.744186","4.860465","4.813953","4.627907","4.883721"
"LEAL,ELDREY RODRIGUES","3670","4.736842","4.736842","4.736842","4.684211","4.894737","4.947368","4.947368","4.947368","4.947368","4.894737"
"LEAR JR,WILLIAM E","3671","4","4.176471","4","4.058824","3.647059","3.941176","4.294118","4.529412","3.941176","4.705882"
"LEAR,ELIZABETH TYSON","3672","4.579646","4.544248","4.526549","4.49115","4.605381","4.506726","4.73991","4.663677","4.44843","4.856502"
"LEATH,ADAM W","3673","4","4","4","4","5","5","5","5","5","5"
"LEAVINS,DEVAN D","3674","3.84","3.88","4.28","3.72","4","4.12","4.24","4.04","3.52","4.64"
"LEAVITT,DAVID","3675","4.875","4.8125","4.875","4.75","4.9375","4.96875","4.96875","4.875","4.9375","4.96875"
"LEBLANC,JACQUES M","3676","4.227273","4","3.636364","4.090909","4.181818","4.52381","4.454545","4.545455","4.409091","4.454545"
"LEBOEUF,MICHAEL","3677","3.833333","3.5","3.916667","3.666667","4.083333","4.416667","4.416667","4.25","3.833333","4.5"
"LEBOVITZ,ADAM JONATHAN","3678","4.194444","4.208333","4.555556","4.277778","4.5","4.569444","4.25","4.583333","4.347222","4.833333"
"LECATES,CHRISTOPHER A","3679","4.411765","4.352941","3.941176","4.352941","4.352941","4.470588","4.411765","4.470588","4.235294","4.411765"
"LECOMPTE,ELISE V","3680","4.833333","4.5","4.5","4.833333","5","4.833333","4.666667","5","4.833333","4.833333"
"LECOURS,VINCENT","3681","4.347826","4.217391","4.021739","4.434783","4.26087","4.5","4.391304","4.652174","4.282609","4.586957"
"LEDER,RACHEL","3682","4.491803","4.42623","4.032787","4.508197","4.442623","4.633333","4.733333","4.672131","4.576271","4.688525"
"LEDNICKY,JOHN","3683","4.571429","4.571429","4.714286","4.571429","4.857143","4.571429","4.857143","4.428571","4.857143","4.857143"
"LEE,ALICE C Y","3684","4.453875","4.343173","4.380074","4.387454","4.689139","4.640449","4.776119","4.707865","4.727612","4.779851"
"LEE,DERRIS A","3685","4.47619","4.619048","4.666667","4.619048","4.666667","4.619048","4.809524","4.47619","4.47619","4.857143"
"LEE,FLOUNDER","3686","4.007194","3.992806","4.071942","3.892086","4.165468","4","4.402878","4.366906","4.266187","4.597122"
"LEE,GABRIEL RYAN","3687","3.433333","3.733333","4","3.333333","4.333333","4.466667","4.5","4.5","4.5","4.666667"
"LEE,GWENDOLYN","3688","4.654321","4.580247","4.62963","4.555556","4.777778","4.654321","4.901235","4.802469","4.740741","4.938272"
"LEE,ILRANG","3689","4.514451","4.485549","4.300578","4.479769","4.583815","4.722543","4.745665","4.780347","4.682081","4.768786"
"LEE,JAY","3690","4.656051","4.624204","4.547771","4.566879","4.55414","4.611465","4.738854","4.847134","4.490446","4.726115"
"LEE,JENNIFER BAXLEY","3691","4.774194","4.580645","4.677419","4.580645","4.677419","4.709677","4.83871","4.741935","4.709677","4.83871"
"LEE,JI-HYUN","3692","4.36","4.28","4.72","4.36","4.6","4.36","4.44","4.52","4.64","4.92"
"LEE,JONATHAN","3693","5","5","5","5","5","5","5","5","5","5"
"LEE,JUHYUNG","3694","3.056604","3.462264","2.852201","3.704403","2.767296","2.930599","2.861635","3.845912","2.930818","3.54717"
"LEE,JULIA","3695","3.388889","3.555556","3.527778","3.694444","3.264706","3.764706","4.176471","4.058824","3.647059","3.735294"
"LEE,KEVIN M","3696","4.274755","4.210526","4.274755","4.200714","4.126415","4.058491","4.164151","4.111321","4.211321","4.25283"
"LEE,KWANG HO","3697","4.181818","4.090909","4.363636","4.272727","4.363636","4.454545","4.636364","4.727273","4.272727","4.727273"
"LEE,MATTHEW","3698","4.8","4.6","4.6","4.6","4.8","4.4","4.8","4.6","4.8","5"
"LEE,MINYOUNG","3699","4.428571","4.428571","4.428571","4.428571","4.285714","4.285714","4.571429","4.571429","4.428571","4.571429"
"LEE,RANDOLPH","3700","4.2","4.2","5","4.2","5","5","5","4.6","5","4.8"
"LEE,RUBY","3701","4.292079","4.311881","4.326733","4.361386","4.44802","4.537129","4.616337","4.710396","4.512376","4.725248"
"LEE,SCOTT F","3702","4.542373","4.491525","4.559322","4.559322","4.542373","4.559322","4.661017","4.728814","4.474576","4.677966"
"LEE,SEONGHEE","3703","4.805556","4.694444","4.638889","4.722222","4.777778","4.527778","4.833333","4.777778","4.694444","4.861111"
"LEE,SOOYUN","3704","3.894737","4","4","3.842105","3.421053","3.684211","3.894737","4","3.421053","4.052632"
"LEE,SU AR","3705","4.632479","4.504274","4.649573","4.401709","4.461538","4.538462","4.666667","4.547009","4.512821","4.777778"
"LEE,SZU-HSUAN","3706","3.969925","3.849624","3.601504","4.030075","4.148148","4.333333","4.296296","4.416667","4.287037","4.361111"
"LEE,TAE HOON","3707","4.247191","4.247191","4.348315","4.337079","4.382022","4.393258","4.606742","4.505618","4.41573","4.651685"
"LEE,TAE YOUNG","3708","4.28125","4.4375","3.78125","4.46875","4.15625","4.09375","4.34375","4.21875","4.4375","4.59375"
"LEE,WON SUK","3709","4.5","4.316667","4.266667","4.383333","4.508475","4.483333","4.616667","4.728814","4.542373","4.813559"
"LEE,WONKI","3710","4.254545","4.018182","4.018182","4.272727","3.945455","4.4","4.363636","4.545455","3.963636","4.381818"
"LEE,YOONSEOK","3711","4.404255","4.457447","4.234043","4.446809","4.37234","4.457447","4.62766","4.638298","4.329787","4.829787"
"LEE,YOOSOOK","3712","4.333333","4.190476","4.666667","4.333333","4.380952","4.428571","4.619048","4.666667","4.47619","4.52381"
"LEE,YU-HAO","3713","4.444444","4.37037","4.481481","4.296296","4.666667","4.703704","4.777778","4.592593","4.666667","4.740741"
"LEEDY,TODD H","3714","5","5","5","5","5","5","5","5","5","5"
"LEEMON,ANDREA","3715","4.378378","4.243243","4.702703","4.378378","4.648649","4.648649","4.891892","4.702703","4.72973","4.864865"
"LEEPS,MARK","3716","4.251969","4.19685","4.188976","4.259843","4.152","4.031746","4.412698","4.230159","4.312","4.480315"
"LEEUWENBURGH,CHRISTIAAN","3717","4.65","4.375","4.15","4.5","4.487179","4.552632","4.564103","4.552632","4.538462","4.538462"
"LEFEBVRE,MICHELLE J","3718","4.4375","4.395833","4.5","4.479167","4.875","4.833333","4.833333","4.791667","4.854167","4.979167"
"LEGGIERE,MICHAEL V","3719","3.977273","4.045455","4.409091","4.090909","4.204545","4.136364","4.204545","4.159091","4.227273","4.681818"
"LEHAVY,OPHIR ZEHAVAH","3720","4.493333","4.52","4.373333","4.466667","4.64","4.746667","4.72","4.746667","4.653333","4.8"
"LEHMAN,STEPHEN","3721","4.75","4.75","4.75","4.75","5","5","5","5","5","5"
"LEI,LEO","3722","4.529412","4.411765","4.588235","4.470588","4.588235","4.235294","4.705882","4.529412","4.529412","4.764706"
"LEI,YE","3723","4.304348","4.23913","4.217391","4.271739","4.369565","4.532609","4.565217","4.597826","4.413043","4.608696"
"LEI,YUANYUAN","3724","4.392857","4.357143","4.107143","4.464286","4.392857","4.357143","4.428571","4.5","4.464286","4.5"
"LEIBOLD,MATHEW","3725","4.44898","4.387755","4.673469","4.367347","4.591837","4.530612","4.836735","4.571429","4.387755","4.959184"
"LEIGH,MEREDITH SUMMER","3726","4","4","3.208333","3.791667","3.708333","4.166667","4","4.166667","3.875","4.208333"
"LEITE,WALTER","3727","4.15","4.225","4.2125","4.2","4","4.275","4.25","4.425","3.9","4.670886"
"LEJECK,JUDITH M","3728","3.857143","4.012987","3.506494","4.090909","3.894737","4.210526","4","4.263158","4","4.184211"
"LEKO,MELINDA","3729","4.75","4.75","5","5","4.75","4.75","5","4.75","5","4.75"
"LELAURIN,JENNIFER HART","3730","4.5","4.428571","4.5","4.571429","4.785714","4.785714","4.785714","4.785714","4.785714","4.785714"
"LEMAS,DOMINICK","3731","4","4.027397","4.109589","3.986301","4.291667","4.416667","4.513889","4.388889","4.305556","4.569444"
"LENCHITZ,JORDAN","3732","4.666667","4.666667","4.666667","4.333333","4.666667","5","4.666667","5","4.666667","5"
"LENOIR,MAKENNA","3733","4.227723","4.128713","3.950495","4.168317","4.128713","4.039604","4.574257","4.415842","4.386139","4.475248"
"LEON,ALFREDO J","3734","4.333333","4.333333","4.111111","4.555556","4.222222","4.555556","4.555556","4.555556","4.444444","4.222222"
"LEON,STEPHANIE MARIE","3735","4.617021","4.510638","4.531915","4.574468","4.680851","4.617021","4.680851","4.638298","4.723404","4.659574"
"LEONARD,JHONSON","3736","4.857143","4.571429","4.857143","3.857143","4.857143","4.571429","4.714286","4.666667","4.714286","4.571429"
"LEONARD,KANDYSEE","3737","3.9","3.7","2.3","4.3","2.2","2.2","3.5","2.6","3","3.7"
"LEONARD,TRACY EVITT","3738","4.395238","4.4","4.438095","4.390476","4.593301","4.598086","4.679426","4.684211","4.626794","4.698565"
"LEONG,DOUG","3739","4.299465","4.262032","4.347594","4.165775","4.406417","4.516129","4.645161","4.582888","4.358289","4.770053"
"LEPINE,ELISHA","3740","4.533333","4.466667","4.333333","4.4","4.866667","4.733333","4.866667","4.866667","4.866667","4.933333"
"LEROY,MEGAN A","3741","4.161111","4.172222","4.116667","4.188889","4.294444","4.116667","4.561111","4.394444","4.483333","4.644444"
"LESCORD,GRETCHEN","3742","4.708333","4.625","4.708333","4.666667","4.791667","4.791667","4.791667","4.666667","4.75","4.791667"
"LESIFKO,MICHELLE ANN","3743","4.5","4.375","4","4.3125","4.125","4","4.375","4.1875","4.625","4.3125"
"LESLIE,AGNESS N","3744","4.578947","4.421053","4.736842","4.526316","4.684211","4.473684","4.789474","4.631579","4.736842","5"
"LESLIE,DALISO ALBERTO NGOMA DE","3745","3.885714","3.961905","4.314286","3.609524","3.933333","3.685714","4","3.304762","3.590476","4.6"
"LESLIE,MICHAEL","3746","3.5","3.583333","3.083333","3.833333","2.833333","3.5","3.333333","3.666667","3","3.75"
"LESTER,MADELYN JILL","3747","4.8125","4.8125","4.75","4.75","4.8125","5","4.9375","5","4.8125","5"
"LETOURNEAU,MELANIE ROSE","3748","4.142857","4","4.571429","4.571429","4.285714","4.857143","4.857143","4.714286","4.857143","4.571429"
"LETT,BRYNTON","3749","4.25","4.166667","4","4.333333","4.416667","4.5","4.666667","4.416667","4.5","4.666667"
"LEVENDUSKY,ANNE MARIE","3750","3.91954","3.931034","4.390805","3.827586","4.045977","4.126437","4.183908","4.448276","3.954023","4.689655"
"LEVENSON,JACOB","3751","4.241379","4.293103","3.762069","4.268966","3.759259","4.077491","4.02952","4.322222","3.837037","4.162362"
"LEVETT,LORA M","3752","4.394643","4.323214","4.028571","4.307143","4.433929","4.37702","4.623214","4.589286","4.557143","4.721429"
"LEVINZON,ILANA","3753","4.909091","4.909091","4.909091","4.909091","4.666667","4.666667","4.666667","4.666667","4.666667","4.666667"
"LEVITES STREKALOVA,YULIA A","3754","4.540541","4.594595","4.594595","4.527027","4.77027","4.824324","4.905405","4.837838","4.878378","4.891892"
"LEVY,HAZEL C","3755","3.8","3.75","3.35","3.75","3.5","3.55","4","3.95","3.85","4.1"
"LEVY,JULIE","3756","4.644796","4.579186","4.58371","4.606335","4.709756","4.709756","4.753659","4.73236","4.729268","4.790754"
"LEVY,SHELLIE-ANNE","3757","4.2","3.8","4.6","4.4","5","4.6","5","4.6","5","5"
"LEWANDOWSKI,KRISTEN M","3758","4.653409","4.659091","4.653409","4.647727","4.829545","4.840909","4.897727","4.818182","4.880682","4.931818"
"LEWIS,BEN","3759","4.133333","4.2","4.288889","4.244444","4.444444","4.5","4.666667","4.444444","4.583333","4.527778"
"LEWIS,DANIEL DEAN","3760","4.308917","4.27707","4.328025","4.302548","4.368098","4.361963","4.240964","4.4","4.415663","4.472727"
"LEWIS,EMILY","3761","4.366667","4.366667","3.866667","4.433333","4.4","4.466667","4.566667","4.333333","4.566667","4.566667"
"LEWIS,JADA","3762","4.375","4.125","4.53125","4.28125","4.4375","4.387097","4.71875","4.483871","4.5625","4.84375"
"LEWIS,JAMAL S","3763","3.81","3.92","4.02","3.89","3.66","3.62","3.83","4.05","3.69","4.25"
"LEWIS,KIRSTIN","3764","3.953488","3.965116","4.093023","4.023256","3.232558","3.465116","3.639535","3.72093","3.395349","3.406977"
"LEWIS,MARK HENRY","3765","4.470588","4.147059","3.5","4.470588","4.323529","4.176471","4.441176","4.411765","4.470588","4.294118"
"LEWIS,NORMAN PAUL","3766","4.803922","4.823529","4.764706","4.745098","4.941176","4.901961","4.921569","4.921569","4.921569","4.960784"
"LEWIS,WILLIAM B","3767","4.923077","4.846154","4.923077","4.769231","5","4.916667","5","4.916667","5","5"
"LEYTON,LEYNAR","3768","4.583333","4.583333","4.333333","4.583333","4.75","4.833333","4.75","4.833333","4.833333","4.75"
"LI,AITONG","3769","4.40625","4.203125","4.296875","4.25","3.421053","3.842105","3.842105","4","3.552632","3.789474"
"LI,BOYUAN","3770","5","5","5","5","5","5","5","5","4.6","5"
"LI,CHARLIE CHANGYING","3771","4.703704","4.592593","4.62963","4.555556","4.703704","4.555556","4.555556","4.62963","4.518519","4.777778"
"LI,CHENGLONG","3772","4.272727","4.236364","4.018182","4.327273","4.481481","4.314815","4.555556","4.444444","4.5","4.62963"
"LI,CHIP","3773","4.08","4.04","4","3.92","3.5","3.611111","3.777778","3.666667","3.722222","3.888889"
"LI,DANMENG","3774","3.666667","3.666667","4","4","4","4","4.333333","4.333333","4","4.333333"
"LI,JIAN","3775","4.448276","4.362069","4.482759","4.396552","4.631579","4.614035","4.719298","4.684211","4.631579","4.77193"
"LI,JIAYANG","3776","4.378049","4.341463","4.280488","4.121951","4.085366","4.231707","4.378049","4.268293","4.097561","4.402439"
"LI,JIE","3777","3.846154","3.923077","4.769231","3.923077","4.769231","5","4.923077","5","4.769231","5"
"LI,LYNN","3778","3.842105","3.789474","3.421053","3.736842","3.875","4.125","3.9375","4.125","4","3.9375"
"LI,MENGYU (MAY)","3779","4.24058","4.286957","4.026087","4.252174","4.252174","4.370262","4.513043","4.655072","4.443478","4.611594"
"LI,MIA","3780","4.492228","4.331606","4.025907","4.430052","4.463576","4.556291","4.682119","4.549669","4.377483","4.701987"
"LI,NAN","3781","4","4","4","4.666667","4.333333","4.333333","4.333333","4.333333","4","4.666667"
"LI,PANCY","3782","4.25","4.333333","4.5","4.277778","4.611111","4.694444","4.666667","4.75","4.388889","4.805556"
"LI,QING","3783","4.610063","4.528302","4.660377","4.54717","4.72956","4.748428","4.861635","4.823899","4.591195","4.955975"
"LI,ROBIN MOORMAN","3784","4.438905","4.4174","4.428152","4.388074","4.572407","4.567515","4.604697","4.623288","4.552838","4.721135"
"LI,TAO","3785","4.629213","4.58427","4.58427","4.539326","4.617978","4.629213","4.741573","4.752809","4.494382","4.910112"
"LI,TINA","3786","3.571429","3.591837","3.489796","3.612245","3.393939","3.575758","3.666667","3.575758","3.454545","3.545455"
"LI,TINGYU","3787","4.387097","4.290323","3.612903","4.451613","3.903226","4.16129","4.290323","4.322581","4.193548","4.16129"
"LI,WEI","3788","4.413793","4.448276","4.310345","4.448276","4.448276","4.551724","4.310345","4.689655","4.206897","4.758621"
"LI,YAN","3789","4.2","4.3","4.3","4.25","4.55","4.55","4.5","4.75","4.7","4.75"
"LI,YANJUN","3790","4.294118","4.235294","4.294118","4.294118","4.294118","4.117647","4.470588","4.235294","4.117647","4.529412"
"LI,YAO","3791","4.642857","4.642857","4.714286","4.642857","4.5","4.571429","4.785714","4.714286","4.571429","4.785714"
"LI,YING","3792","3.882353","3.980392","3.598039","4.107843","3.982143","4.071429","4.125","4.125","4.035714","4.071429"
"LI,YIXUAN","3793","4.007143","4.007143","4.021429","4.235714","4.114286","4.428571","4.385714","4.532374","4.278571","4.592857"
"LI,YUAN","3794","3.416667","3.416667","4.166667","3.25","3.5","3.545455","4.272727","3.916667","3.416667","4.583333"
"LI,YUE","3795","4.4","4.2","4.6","4","3.8","4","4.6","4.6","3.8","4.8"
"LI,ZHIGANG","3796","4.375","4.35","3.925","4.4","4.2","4.25641","4.45","4.4","4.4","4.55"
"LI,ZHIPENG","3797","4.5","4.4","4.4","4.4","4.125","4","4.125","4.125","4.25","4"
"LI,ZHONGCHI","3798","4.454545","4.272727","4.181818","4.409091","4.428571","4.666667","4.666667","4.761905","4.619048","4.714286"
"LIANG,MUXUAN","3799","4.818182","4.772727","4.681818","4.772727","4.863636","4.954545","4.954545","4.954545","4.909091","4.954545"
"LIANG,SONG","3800","3.666667","3.583333","3.333333","4.416667","3.833333","3.75","3.916667","4.25","3.833333","4.333333"
"LIAO,DAIQING","3801","4.484848","4.333333","4.484848","4.545455","4.212121","4.272727","4.333333","4.393939","4.121212","4.363636"
"LIAO,SHENGYU","3802","3.904762","3.87619","3.904762","3.942857","3.784946","4.135417","4","4.217391","3.836957","3.98913"
"LIBBY,KAREN M","3803","4.045977","4.091954","4.229885","4.08046","4.229885","4.482759","4.505747","4.609195","4.448276","4.655172"
"LIBURD,OSCAR E","3804","4.571429","4.642857","4.5","4.571429","4.5","4.428571","4.642857","4.357143","4.642857","4.857143"
"LICHSTEIN,JEREMY","3805","4.607843","4.529412","4.529412","4.519608","4.107843","4.372549","4.382353","4.539216","3.990196","4.617647"
"LIDSKY,HOWARD STUART","3806","4.642857","4.5","4.571429","4.571429","4.785714","4.428571","4.857143","4.928571","4.785714","4.857143"
"LIDSKY,LYRISSA","3807","4.75","4.703947","4.789474","4.736842","4.815789","4.717105","4.921053","4.789474","4.763158","4.973684"
"LIEBNER,ERIC A","3808","4.712871","4.70297","4.544554","4.653465","4.315217","4.293478","4.423913","4.391304","4.391304","4.456522"
"LIEBOWITZ,DINA MICHAL","3809","4.666667","4.615385","4.564103","4.435897","4.615385","4.717949","4.871795","4.641026","4.666667","4.794872"
"LIERSE,ROBERT E","3810","3.571429","3.380952","3.619048","3.619048","3.285714","3.571429","3.761905","3.761905","3.52381","4.190476"
"LIETZENMAYER,LAUREL B","3811","4.62069","4.655172","4.62069","4.482759","4.827586","4.827586","4.965517","4.896552","4.931034","4.965517"
"LIGHTHIPE,MINDY","3812","4.684211","4.552632","4.631579","4.763158","4.815789","4.894737","4.789474","4.894737","4.789474","4.921053"
"LIM,DUKE","3813","4.43617","4.425532","4.319149","4.404255","4.680851","4.787234","4.765957","4.776596","4.702128","4.797872"
"LIM,PAUL CHANG-HA","3814","4.6","4.6","4.86","4.48","4.82","4.44","4.9","4.42","4.62","4.92"
"LIMA,ÁLVARO LUÍS","3815","4.488372","4.418605","4.395349","4.232558","4.604651","3.837209","4.674419","4.418605","4.44186","4.953488"
"LIMON,SEAN","3816","4.194536","4.118377","4.081954","4.128311","4.121289","3.916881","4.324278","4.224109","4.35399","4.644614"
"LIMOUZIN,CELESTINE","3817","4.230769","4.230769","4.461538","4.230769","4.230769","4.461538","4.461538","4.538462","4.153846","4.461538"
"LIN,ASHLEY M","3818","4.875","4.875","4.875","4.875","5","5","5","5","5","5"
"LIN,TUO","3819","4.444444","4.333333","4.444444","4.222222","4.666667","4.333333","4.777778","4.666667","4.555556","4.777778"
"LIN,YANG","3820","4.163717","4.172566","4.030973","4.230088","4.336283","4.455752","4.469027","4.530973","4.323009","4.646018"
"LIN,ZHOUMENG","3821","4.675","4.575","4.6","4.625","4.775","4.85","4.9","4.925","4.775","4.9"
"LINARES,LEDIAN NADIEL","3822","4.3","4.2","4.3","4.3","4.3","4.333333","4.555556","4.5","4.5","4.5"
"LINCOLN,REBECCA MEI","3823","4","4.157895","4.052632","3.894737","4.052632","4.157895","4.368421","4.421053","4.105263","4.368421"
"LIND,RICK","3824","4.301075","4.283154","3.956989","4.272401","4.175627","4.028674","4.107527","4.344086","4.136201","4.523297"
"LINDBERG III,DAVID S","3825","4.368601","4.389078","4.054608","4.368601","4.38488","4.405498","4.515464","4.594502","4.431034","4.639175"
"LINDNER,ANGELA S","3826","4.8","4.8","4.8","4.8","5","5","5","5","5","5"
"LINDNER,EMILY E","3827","4.7","4.6","4.7","4.6","4.8","4.9","4.9","4.8","4.7","4.8"
"LINDO,ABIGAIL CARISSA","3828","4.344828","4.310345","4.62069","4.293103","4.603448","4.724138","4.844828","4.741379","4.793103","4.896552"
"LINDSEY,ALEX JOHN","3829","4.75","4.5","4.75","4.5","4.5","4.5","4.5","4.75","4.5","4.5"
"LINDSEY,JAMIE L","3830","4.428571","4.5","4.428571","4.339286","4.181818","3.909091","4.295455","4.204545","4.181818","4.568182"
"LINDSEY,JEFFREY","3831","4.264286","4.25","4.114286","4.292857","4.214286","4.392857","4.392857","4.471429","4.264286","4.385714"
"LINDSEY,MICHAEL G","3832","4.333333","4.333333","4.333333","4","4","4","3.666667","4.333333","4","3.333333"
"LINDSEY,TONI A","3833","4.076596","4.06383","4.178723","4.076596","3.536765","3.773723","3.788321","4","3.635036","4.437956"
"LING,DAVID C","3834","4.274841","4.15222","3.854123","4.249471","4.195329","4.167373","4.377119","4.53178","4.290254","4.565678"
"LING,QINYIN","3835","3.484211","3.592105","3.181579","3.618421","3.42623","3.568306","3.650273","3.704918","3.568306","3.650273"
"LINK,MICHAEL LAWRENCE","3836","4.396907","4.479381","4.329897","4.396907","4.40625","4.1875","4.572917","4.401042","4.450262","4.765625"
"LIOU,JIA-QI","3837","4.49505","4.435644","4.366337","4.485149","4.266667","4.426667","4.44","4.48","4.293333","4.573333"
"LIOU,STACEY","3838","4.4","4.277778","4.477778","4.4","4.487805","4.158537","4.560976","4.560976","4.426829","4.817073"
"LIPPERT,ALSTON LEE","3839","4.434783","4.217391","4.434783","4.391304","4.05","4.45","4.428571","4.666667","4.428571","4.52381"
"LISO,DANIELLE R","3840","4.727273","4.454545","3.909091","4.727273","4.636364","4.727273","4.5","4.5","4.909091","4.636364"
"LITERSKI,ELIE","3841","3.909091","4","4.090909","3.818182","3.777778","3.777778","4","3.888889","3.666667","4"
"LITOS,CHRISTOS","3842","4.142857","4.142857","4.157143","4.185714","4.652174","4.695652","4.710145","4.594203","4.608696","4.623188"
"LITTLE,JAIME R","3843","4.575758","4.484848","4.454545","4.378788","4.590909","4.636364","4.772727","4.590909","4.666667","4.727273"
"LITTLEJOHN-ORAM,WILLIAM JOSEPH","3844","4.544643","4.553571","4.508929","4.4375","4.630137","4.726027","4.671233","4.643836","4.657534","4.712329"
"LITVIN,JOSEPH RANDALL","3845","4.434783","4.478261","3.608696","4.391304","3.913043","4.086957","4.347826","4.478261","4.043478","4.434783"
"LIU,ANDREW CHUANYIN","3846","4.481481","4.444444","4.444444","4.333333","4.409091","4.409091","4.590909","4.545455","4.5","4.545455"
"LIU,BIN","3847","4.387097","4.096774","3.967742","4.322581","4.354839","4.354839","4.516129","4.741935","4.290323","4.612903"
"LIU,CHIUNG-JU (CJ)","3848","4.069959","4.032922","4.053498","4.119342","4.057613","4.168724","4.209877","4.329218","3.806584","4.604938"
"LIU,FANJUE","3849","4.5","4.5","4.5","4.333333","4.666667","4.5","4.833333","4.666667","4.666667","4.833333"
"LIU,HONGCHENG","3850","4.34375","4.41875","4.49375","4.2625","4.465409","4.5625","4.7","4.685535","4.2875","4.83125"
"LIU,JIA ""PETER""","3851","4.333333","4.333333","4.111111","4","3.888889","4.222222","4.666667","4.444444","3.888889","4.555556"
"LIU,JIANHUI","3852","4.192308","4.269231","4.230769","4.230769","4.538462","4.730769","4.692308","4.653846","4.5","4.653846"
"LIU,JIAWEI","3853","4.274194","4.177419","4.258065","4.241935","4.516129","4.887097","4.709677","4.741935","4.403226","4.629032"
"LIU,LEZHI","3854","4.196759","4.217593","3.576389","4.305556","3.70632","3.933086","3.959259","4.048148","3.780669","3.988889"
"LIU,LIN","3855","3.948718","3.897436","4.17094","3.897436","3.948276","4.034483","4.439655","4.232759","4.008621","4.692308"
"LIU,MEI","3856","4.25","4.142857","4.267857","4.214286","4.642857","4.660714","4.714286","4.678571","4.660714","4.714286"
"LIU,MINGJIE","3857","4.15625","4.109375","4.09375","4.125","4.036364","4.127273","4.109091","4.181818","4.145455","4.236364"
"LIU,PENG","3858","4.230769","4.307692","4.230769","4.153846","3.923077","4.384615","4.307692","4.615385","3.769231","4.692308"
"LIU,RUI","3859","4.208333","4.160256","4.173077","4.147436","4.199357","4.220065","4.432258","4.423077","4.108974","4.625"
"LIU,SARAH MEIGE","3860","4.555556","4.296296","4.740741","4.481481","4.851852","4.888889","4.925926","4.814815","4.851852","4.962963"
"LIU,SERENA JINXIU","3861","4.486111","4.486111","4.263889","4.375","4.472222","4.722222","4.666667","4.708333","4.361111","4.722222"
"LIU,TIE","3862","4.010753","3.892473","4.021505","4.032258","4","4.021505","4.354839","4.27957","4.053763","4.55914"
"LIU,WENLIN","3863","4.242424","4.30303","4.515152","4.151515","4.272727","4.454545","4.515152","4.606061","4.333333","4.787879"
"LIU,XIAOLU","3864","4.285714","4.285714","3.714286","4.285714","3.714286","4","4.285714","4.428571","4.142857","4.142857"
"LIU,XINGUI","3865","4.263158","4.157895","4.105263","4.105263","4.473684","4.210526","4.473684","4.526316","4.578947","4.421053"
"LIU,YIYANG","3866","4.733333","4.7","4.733333","4.7","4.9","4.933333","4.933333","4.933333","4.866667","4.966667"
"LIU,YUCHEN","3867","3.981818","4.127273","3.854545","4.163636","4.163636","4.363636","4.259259","4.5","4","4.327273"
"LIU,ZOEY","3868","4.586207","4.508621","4.439655","4.422414","4.517241","4.396552","4.594828","4.793103","4.387931","4.818966"
"LIVERPOOL,STEPHEN A","3869","4.8","4.72","4.76","4.76","4.76","4.72","4.84","4.88","4.84","4.84"
"LIVINGSTON,MILES B","3870","3.3125","3.604167","3.0625","3.75","2.8125","3.208333","3.104167","3.645833","2.833333","3.375"
"LIYANAGEDARA,PAMOD HESHAN","3871","4.290323","4.290323","4.419355","4.215054","4.637363","4.626374","4.78022","4.758242","4.725275","4.769231"
"LLOYD,ALLISON BETH","3872","4.466667","4.533333","3.8","4.6","3.916667","4.25","4.25","4.333333","4.083333","4.083333"
"LLOYD,BOB","3873","4.933333","4.8","4.933333","4.733333","5","4.666667","5","4.866667","4.866667","5"
"LLOYD,MELISSA A","3874","5","5","4.5","5","4","4.5","4.5","4.5","4.5","4.5"
"LO-CIGANIC,WEI-HSUAN ""JENNY""","3875","4.415152","4.415152","4.454545","4.40303","4.630303","4.644377","4.680851","4.68997","4.606061","4.751515"
"LOACH,ROSHA A","3876","4.4","4.294737","4.410526","4.168421","4.011494","4.402299","4.287356","4.402299","4.103448","4.344828"
"LOBANOVA,EKATERINA","3877","","","","","","","","","",""
"LOCICERO,JOSEPH","3878","4.604651","4.511628","4.27907","4.651163","4.72093","4.813953","4.697674","4.906977","4.72093","4.790698"
"LOCK,TYM","3879","4.337838","4.243243","4.621622","4.243243","4.716216","4.716216","4.891892","4.783784","4.756757","4.837838"
"LOCKHART,SARAH L","3880","4.259259","3.962963","4.222222","4.185185","4.259259","4.37037","4.555556","4.37037","4.407407","4.777778"
"LODEMANN,TOBIAS","3881","4.170616","4.236967","4.274882","4.175355","4.018957","4.345972","4.511848","4.625592","3.924171","4.663507"
"LOESGEN,SANDRA","3882","4.04","4.24","3.88","4.16","4","4.2","4.16","4.44","4.24","4.52"
"LOGAN,CARLY","3883","4.722222","4.666667","4.666667","4.722222","4.833333","4.833333","4.888889","4.777778","4.833333","4.888889"
"LOGAN,WILLIAM","3884","4.878049","4.829268","4.878049","4.780488","4.926829","4.926829","4.853659","4.902439","4.878049","4.97561"
"LOHMANN,SUSANNAH CLAIRE","3885","4.293478","4.134058","4.061594","4.163043","3.933486","4.036446","4.132723","4.214932","4.055046","4.141553"
"LOIZZO,JAMIE LYNN","3886","4.552941","4.529412","4.635294","4.423529","4.717647","4.741176","4.752941","4.705882","4.588235","4.847059"
"LOK,BENJAMIN","3887","4.458333","4.391667","4.458333","4.35","4.652542","4.59322","4.686441","4.689076","4.756303","4.808333"
"LOKUTA,ALY MAIER","3888","4.5","4.625","4.125","4.25","4.142857","4.428571","4.285714","4.571429","3.857143","4.285714"
"LOMBARDINO,LINDA J","3889","4.54717","4.5","3.990566","4.518868","4.301887","4.179245","4.54717","4.584906","4.433962","4.679245"
"LONDONO,LUCIA","3890","3.103448","3.155172","2.982759","3.086207","3.029412","3.470588","3.941176","3.441176","3.088235","3.882353"
"LONG,JOANNA R","3891","4.333333","4.138889","4.277778","4.305556","4.777778","4.472222","4.722222","4.694444","4.583333","4.972222"
"LONG,JON C","3892","5","5","5","5","5","5","5","5","5","5"
"LONG,KENDALL JANE","3893","4.428571","4.285714","4.571429","4.285714","4.714286","4.428571","4.714286","4.285714","4.714286","4.857143"
"LONG,MARYANNE","3894","4.804878","4.658537","4.487805","4.756098","4.707317","4.926829","4.926829","4.902439","4.780488","4.95122"
"LONG,MAUREEN T","3895","3.636364","3.727273","4.181818","3.545455","4.6","4.7","4.9","4.7","4.6","4.9"
"LONGINI JR,IRA M","3896","4.555556","4.111111","4.222222","4.444444","4.888889","4.888889","4.888889","4.888889","4.777778","5"
"LONGMIRE,ELIZABETH","3897","4.346154","4.192308","4.384615","4.346154","4.384615","4.269231","4.5","4.384615","4.423077","4.538462"
"LONGO,ANA V","3898","3.710756","3.530523","3.21657","3.847384","3.195051","3.389781","3.637555","3.951965","3.382824","4.157205"
"LONGTIN,JASON P","3899","4.433333","4.466667","4.133333","4.3","4.233333","4.366667","4.566667","4.533333","4.4","4.433333"
"LOPEZ D'SOLA,SIMON ENRIQUE","3900","3.880189","3.84866","3.31319","3.876511","3.135498","3.434661","3.605263","3.918813","3.318029","3.889574"
"LOPEZ JR,SAMUEL","3901","4.372881","4.292373","3.838983","4.254237","4.042735","4.42735","4.399142","4.568376","4.240343","4.391489"
"LOPEZ LIRA,ALEJANDRO","3902","4.361446","4.361446","4.481928","4.325301","4.662651","4.493976","4.674699","4.698795","4.409639","4.86747"
"LOPEZ MENDEZ,ANTONIO S","3903","4.62963","4.601852","4.759259","4.425926","4.787037","4.814815","4.925926","4.833333","4.805556","4.972222"
"LOPEZ PEREZ,KENNETH GEOVANNY","3904","3.995662","3.963124","3.503254","4.043384","3.7","3.701525","4.123913","4.28913","3.685466","4.223427"
"LOPEZ-QUINTERO,CATALINA","3905","4.590909","4.590909","4.590909","4.522727","4.727273","4.568182","4.795455","4.636364","4.636364","4.863636"
"LOPEZ,ANA ISABEL","3906","3.694981","3.783784","3.397683","3.803089","3.555556","3.694444","3.8125","3.875","3.717241","3.8"
"LOPEZ,CHLOE J","3907","4.243902","4","4.317073","3.902439","4.5","4.575","4.6","4.725","4.45","4.390244"
"LOPEZ,ROBERT J","3908","4.894737","4.684211","4.789474","4.684211","4.894737","5","5","5","4.947368","4.947368"
"LÓPEZ,ROCÍO M","3909","3.822917","3.833333","4.09375","3.760417","3.84","4.08","4.186667","4.133333","4","4.253333"
"LOPEZ,SABRINA","3910","4.479839","4.399194","4.580645","4.415323","4.603239","4.653061","4.724696","4.784553","4.676113","4.919028"
"LOPUCKI,LYNN M","3911","4.341935","4.296774","4.348387","4.322581","4.258065","4.303226","4.496774","4.632258","4.245161","4.729032"
"LORCA,GRACIELA L","3912","4.067797","3.955932","3.623729","4.132203","3.853242","3.897611","4.078498","4.191126","3.935154","4.225256"
"LORD,CHRISTINE GRACE","3913","2.2","2.4","3","2.5","2.7","3.1","2.7","3.4","3.1","3.9"
"LORD,GILLIAN","3914","4.47619","4.571429","4.47619","4.333333","4.666667","4.428571","4.761905","4.761905","4.666667","4.952381"
"LOREE,MICHAEL T","3915","4.373134","4.253731","4.119403","4.328358","4.537313","4.541353","4.684211","4.646617","4.619403","4.649254"
"LORENZEN,KAI","3916","4.5","4.5","4.5","4.428571","4.607143","3.964286","4.714286","4.285714","4.607143","4.821429"
"LORENZO-TRUEBA,JORGE","3917","4.471429","4.385714","4.4","4.414286","4.584906","4.603774","4.679245","4.698113","4.603774","4.811321"
"LORIA,ROSEMARY","3918","4.324324","4.108108","4.324324","4.162162","4.567568","4.459459","4.594595","4.567568","4.486486","4.648649"
"LOSACCO,RACHEL SOPHIA","3919","4","4.111111","4.222222","4.333333","4.277778","4.333333","4.666667","4.833333","4.666667","4.611111"
"LOSCHEIDER,ERIC","3920","4.553191","4.446809","4.468085","4.361702","4.622222","4.644444","4.644444","4.644444","4.6","4.711111"
"LOTFI,SAEIDEH","3921","3.6875","3.6875","4.125","3.625","3.266667","4.066667","4.066667","3.733333","3.333333","4.133333"
"LOTT,DONOVAN J","3922","4.573913","4.6","4.66087","4.46087","4.904348","4.921739","4.93913","4.921739","4.904348","4.965217"
"LOTT,DREYTON J","3923","5","4.75","5","5","5","4.75","4.75","5","5","5"
"LOU,XIANGYANG","3924","4.382353","4.294118","4.647059","4.323529","4.441176","4.352941","4.558824","4.558824","4.264706","4.588235"
"LOUIE,ARNOLD","3925","","","","","","","","","",""
"LOUIS,JEAN D","3926","4.320755","4.283019","4.132075","4.188679","4.037736","4.150943","4.075472","4.150943","3.924528","4.528302"
"LOUTIN,THACHER TRACION","3927","4.444444","4.555556","4.666667","4.666667","4.555556","4.777778","4.888889","4.888889","4.333333","4.777778"
"LOVE,MCGREGOR T","3928","4.5","4.375","4.75","4.375","4.375","4.5","4.5","4.875","4.5","4.875"
"LOVE,RENE","3929","4.461279","4.478114","4.333333","4.464646","4.666667","4.777778","4.763514","4.781145","4.743243","4.784512"
"LOVLER,RONNIE A","3930","4.275862","4.275862","4.068966","4.189655","3.649123","3.913793","4.034483","4.034483","3.862069","4.068966"
"LOWE,HERBERT","3931","4.467949","4.429487","4.410256","4.153846","3.754839","3.593548","3.774194","4.154839","3.96129","4.535484"
"LOWE,SHANNON","3932","4.596491","4.587719","4.666667","4.631579","4.833333","4.938596","4.912281","4.938596","4.903509","4.95614"
"LOWER,JANNA L","3933","4.666667","4.666667","4.851852","4.703704","4.481481","4.481481","4.703704","4.851852","4.62963","4.851852"
"LOWERY,SOLOMON J","3934","4.032258","4.16129","3.354839","4.193548","3.709677","3.612903","4.290323","4.064516","3.903226","4.032258"
"LOWIE,ALEXANDER DANIEL","3935","3.608696","3.369565","2.717391","3.586957","2.956522","3.5","3.5","3.717391","3.456522","3.695652"
"LU,BINGJIE","3936","4.285714","4.178571","4.357143","4.142857","4.035714","4.428571","4.5","4.535714","4.142857","4.607143"
"LU,JIANRONG J","3937","3.464455","3.481043","3.590047","3.78436","3.271186","3.415385","3.5025","3.534351","3.11138","3.743341"
"LU,JIE","3938","4.394737","4.315789","4.315789","4.184211","4.5","4.605263","4.631579","4.605263","4.526316","4.631579"
"LU,LINCOLN XIAOXUAN","3939","3.428571","3.285714","4.571429","3.428571","3.714286","4","4.142857","4.571429","3.857143","4"
"LU,QING","3940","4.724138","4.827586","4.586207","4.655172","4.724138","4.758621","4.827586","4.931034","4.724138","4.862069"
"LU,TIFFANY","3941","4.705584","4.639594","4.649746","4.685279","4.781726","4.685279","4.796954","4.781726","4.878173","4.908629"
"LU,YUANMING","3942","3.909091","4","4.318182","3.681818","4.590909","4.636364","4.590909","4.636364","4.363636","4.545455"
"LU,ZHIQIANG","3943","4.59375","4.46875","4.34375","4.1875","4.419355","4.387097","4.5625","4.5","4.53125","4.71875"
"LUCAS,JUDY K","3944","4.794118","4.735294","4.764706","4.794118","4.735294","4.735294","4.735294","4.735294","4.735294","4.735294"
"LUCAS,SUZANNE","3945","3.553191","3.702128","3.893617","3.723404","3.405405","3.540541","3.567568","3.837838","3.675676","3.842105"
"LUCIANO,MARISA M","3946","4.323529","4.132353","4.397059","4.147059","4.588235","4.5","4.647059","4.602941","4.691176","4.735294"
"LUCIER,DAVID","3947","4.554795","4.458904","4.465753","4.458904","4.732877","4.705479","4.773973","4.808219","4.746575","4.869863"
"LUCKY,ANDREA","3948","4.66129","4.556452","4.612903","4.435484","4.813008","4.601626","4.852459","4.715447","4.796748","4.95122"
"LUDGATE,NARGIZA","3949","5","5","5","5","5","5","5","5","5","5"
"LUDINGTON,KATELYN LEE ECONOMY","3950","4.811594","4.753623","4.84058","4.695652","4.846154","4.826923","4.942308","4.865385","4.903846","4.961538"
"LUESCH,HENDRIK","3951","4.571429","4.285714","4.285714","4.428571","5","5","5","5","5","5"
"LUETHY,DANIELA","3952","4.496711","4.368421","4.4375","4.460526","4.544118","4.436567","4.577206","4.498155","4.584559","4.628676"
"LUGANO,ROSE SAU","3953","4.860465","4.744186","4.837209","4.697674","4.930233","4.767442","4.930233","4.697674","4.860465","4.953488"
"LUKE,CHARLENE","3954","4.519608","4.46732","4.460784","4.496732","4.62623","4.57377","4.718033","4.747541","4.619672","4.701639"
"LUKENS BULL,EMMELIA","3955","4.487805","4.439024","3.414634","4.414634","3.75","3.675","4.375","4.375","4.225","4.275"
"LUKER,AUSTIN","3956","4.612245","4.428571","4.346939","4.571429","4.755102","4.816327","4.877551","4.836735","4.795918","4.836735"
"LUNA CELINO,DEISI VANESSA","3957","4.666667","4","4.666667","4.333333","4.666667","4.666667","4.666667","5","4.666667","5"
"LUNDY,LISA","3958","4.460317","4.404762","4.206349","4.452381","4.52381","4.619048","4.738095","4.738095","4.611111","4.809524"
"LUNIOR,ELIZABETH GRACE","3959","4.3","4.2","4.3","4.1","4.4","4.4","4.6","4.6","4.6","4.6"
"LUNSFORD,KELSEY DANIELLE","3960","4.529412","4.470588","4.529412","4.470588","4.647059","4.705882","4.705882","4.705882","4.705882","4.647059"
"LUO,ANRAN","3961","4.3","4.2","4.2","4","4.1","4.3","4.3","4.6","3.6","4.3"
"LUO,YI","3962","4.413793","4.396552","4.482759","4.206897","4.465517","4.534483","4.706897","4.724138","4.413793","4.603448"
"LUO,YUTING","3963","4.681818","4.681818","4.818182","4.5","4.095238","4.333333","4.142857","4.142857","4.142857","4.190476"
"LUONG,TAN MINH","3964","3.6875","3.875","3.4375","3.875","3.6875","3.875","3.6875","3.8125","3.625","3.875"
"LUTHRA,ALISA","3965","4.333333","4.253333","4.12","4.28","4.613333","4.68","4.826667","4.8","4.72","4.786667"
"LUTZ,RICHARD J","3966","4.27821","4.289883","4.196498","4.262646","4.354776","4.500975","4.452242","4.582846","4.45809","4.550781"
"LYLE,SHELLEY MARIE","3967","4.402299","4.402299","3.977011","4.448276","4.45977","4.586207","4.574713","4.643678","4.517241","4.643678"
"LYNCH KELLY,DEBRA","3968","4.391304","4.26087","3.608696","4.043478","3.809524","4.047619","4.47619","4.428571","3.952381","4.333333"
"LYNGE,STEPHANIE L","3969","4.615385","4.576923","4.807692","4.576923","4.884615","4.769231","4.961538","4.5","4.923077","5"
"LYNN-BELL,NICOLE","3970","5","4.714286","5","4.428571","4.428571","4.714286","4.857143","4.714286","4","5"
"LYNN,BENJAMIN","3971","4.677778","4.611111","4.722222","4.5","4.759494","4.822785","4.810127","4.835443","4.759494","4.860759"
"LYNNE,SARAH DELPHIA","3972","4.411111","4.488889","4.588889","4.411111","4.722222","4.455556","4.8","4.711111","4.633333","4.855556"
"LYON,DEBRA","3973","4.185897","4.192308","4.089744","4.179487","4.331169","4.603896","4.532468","4.636364","4.383117","4.512987"
"LYU,JIAHUI","3974","4.25","4.184783","3.934783","4.347826","3.857143","4.208791","4.141304","4.315217","4.119565","4.173913"
"LYU,JING","3975","4.141844","4","3.687943","4.163121","3.493506","3.576923","3.653846","3.769231","3.576923","3.653846"
"M SUNNY,EROS","3976","3.977273","4.032468","3.525974","4.116883","3.955801","4.110497","4.165746","4.19337","4.038889","4.209945"
"M. JAUFER,AFNAN","3977","3.555556","3.5","3.666667","3.555556","3.944444","4.111111","4.333333","4.222222","4.166667","4.388889"
"MA,HAODI","3978","3.5","3.7","3.5","3.4","3.3","3.5","3.7","4.3","3.2","3.8"
"MA,YINGBO","3979","3.958333","4","3.583333","3.958333","3.708333","3.958333","4.166667","4.25","3.958333","4.25"
"MA,ZHE","3980","4.632653","4.489796","4.632653","4.530612","4.612245","4.755102","4.836735","4.816327","4.734694","4.857143"
"MACDONALD,CORTNEY O","3981","4.295385","4.249231","3.686154","4.341538","4.006289","4.295597","4.320755","4.433962","4.166667","4.298742"
"MACDONALD,DAVID T","3982","4.684211","4.671053","4.697368","4.552632","4.776316","4.815789","4.776316","4.855263","4.776316","4.842105"
"MACDONALD,GREGORY E","3983","4.535714","4.457143","4.192857","4.55","4.625899","4.482014","4.640288","4.546763","4.654676","4.741007"
"MACFADDEN,BRUCE J","3984","4.583333","4.458333","4.625","4.458333","4.7","4.7","4.85","4.6","4.85","5"
"MACHADO LADEIRA,MARCIO","3985","3.5","3.5","3.5","4","4.5","4.5","4.5","4.5","4","4.5"
"MACHADO,MERCEDES M","3986","4.753086","4.666667","4.765432","4.716049","4.802469","4.666667","4.91358","4.876543","4.814815","4.851852"
"MACIEIRA,TAMARA G R","3987","4.072993","4.10219","4.029197","4.072993","4.328467","4.182482","4.50365","4.525547","4.489051","4.59854"
"MACINNES,JANN M","3988","3.825","3.85","3.4","4","3.6","3.75","3.875","4","3.6","4.1"
"MACINTOSH,ANDREW JOHN","3989","4.777778","4.736111","4.680556","4.694444","4.819444","4.633803","4.847222","4.847222","4.708333","4.888889"
"MACK,COURTNEY K","3990","3.875","4","3.875","4.125","3.375","3.375","4","3.875","3.5","4"
"MACKEY,ESSYNCE LYNECE","3991","3.95","3.75","4.2","4.05","3.7","3.95","4.4","4","4.25","4.2"
"MACKIE,MICKEY","3992","4.571429","4.559524","4.511905","4.559524","4.629032","4.677419","4.66129","4.790323","4.612903","4.770492"
"MACLIN,TRACEY","3993","4.595745","4.574468","4.744681","4.553191","4.361702","3.829787","3.93617","4.382979","3.914894","4.87234"
"MACPHERSON,MARGO LEE","3994","4.18","3.92","4.04","4.18","4.275","4.175","4.375","4.225","4.45","4.575"
"MACSUGA-GAGE,ASHLEY S","3995","4.50152","4.361702","4.015198","4.474164","4.293578","4.452308","4.574924","4.614679","4.506135","4.611621"
"MADEN,MALCOLM","3996","4.8","4.633333","4.466667","4.633333","4.8","4.7","4.9","4.766667","4.733333","4.933333"
"MADHU,ARUN M","3997","4.083333","4.333333","4.333333","4.166667","4","4.166667","4.416667","3.916667","3.5","4.083333"
"MADOCK,JOHN LAWRENCE","3998","4.359155","4.415493","4.528169","4.359155","4.560284","4.602837","4.758865","4.737589","4.687943","4.70922"
"MADSEN,JAMES M","3999","4.875","4.875","4","4.875","4.625","4.875","4.75","4.625","4.875","4.875"
"MADSEN,KERI","4000","4.621212","4.484848","4.015152","4.530303","4.242424","4.19697","4.560606","4.469697","4.484848","4.575758"
"MADSEN,PAUL","4001","4.633858","4.637795","4.582677","4.566929","4.862205","4.858268","4.889764","4.901575","4.858268","4.913386"
"MADU,MERCY KINDNESS","4002","4.333333","4.215686","4.137255","4.411765","4.588235","4.843137","4.72549","4.862745","4.666667","4.784314"
"MAESHIMA,LINDSEY SACHI","4003","4.541284","4.46789","3.963303","4.605505","4.233645","4.28972","4.495327","4.495327","4.429907","4.46729"
"MAGDA,DAVID ALLEN","4004","3.823529","3.843137","3.058824","3.686275","3.44","4.039216","3.74","4.039216","3.653061","3.94"
"MAGENNIS,MATTHEW D","4005","3.8125","3.6875","3.125","3.9375","3.5625","4.0625","4.125","4.1875","3.875","3.8125"
"MAGHARI,NIMA","4006","4.152778","4.166667","3.694444","4.097222","3.944444","3.5","4.083333","3.791667","4.055556","4.291667"
"MAGOC,ETHAN F","4007","4.677852","4.583893","4.624161","4.308725","4.919463","4.865772","4.959732","4.912752","4.926174","4.973154"
"MAGRUDER,ANNA NOELLE","4008","4.352941","4.117647","4.764706","4.529412","4.705882","4.705882","4.823529","4.764706","4.823529","4.941176"
"MAHAJAN,JAYASHREE","4009","4.491228","4.377193","4.649123","4.333333","4.701754","4.859649","4.868421","4.815789","4.614035","4.929825"
"MAHARJAN,RAJANI","4010","3.393617","3.595745","3.382979","3.617021","3.627907","3.770115","4.081395","4.218391","4.071429","4.294118"
"MAHMOUDI,ALI","4011","2.837838","2.972973","3.378378","2.594595","3.405405","3.594595","4.027027","4","3.108108","4.405405"
"MAHONEY,KIMBERLY","4012","4.666667","4.5","4.5","4.5","4.666667","4.666667","4.833333","4.833333","4.833333","4.833333"
"MAI,VOLKER","4013","4.169811","4.245283","4.509434","4.207547","4.132075","4.132075","3.981132","4.396226","4.018868","4.603774"
"MAIELLO,MICHAEL LOUIS","4014","4.268966","4.282759","3.744828","4.317241","4.666667","4.756944","4.784722","4.743056","4.701389","4.722222"
"MAIER,ROBIN MARIE","4015","4.422018","4.348624","3.972477","4.422018","4.672897","4.764151","4.813084","4.841121","4.794393","4.766355"
"MAILE,ROB","4016","4.608696","4.608696","4.434783","4.608696","4.217391","4.347826","4.434783","4.391304","4.347826","4.434783"
"MAIN,MARTIN B","4017","4.857143","4.571429","4.742857","4.8","4.914286","4.885714","4.942857","4.942857","4.971429","5"
"MAINOUS,ARCH","4018","4.555556","4.5","4.638889","4.527778","4.611111","4.194444","4.611111","4.416667","4.555556","4.805556"
"MAIOLI,ROGER","4019","4.756757","4.675676","4.810811","4.675676","4.918919","4.891892","4.864865","4.864865","4.891892","4.972973"
"MAJURE,LUCAS CHARLES","4020","4.560976","4.317073","4.512195","4.487805","4.682927","4.341463","4.780488","4.707317","4.756098","4.853659"
"MAK,XAVIER","4021","4.1875","4.1875","4.0625","4.375","4.125","4.5","4.3125","4.75","4.25","4.5625"
"MAKADY,HEIDI","4022","3.590909","3.545455","3.545455","3.954545","3.272727","3.863636","3.681818","4","3.5","3.954545"
"MAKAJU,REBIKA","4023","3.695652","4.086957","3.478261","4.086957","4.565217","4.782609","4.782609","4.73913","4.565217","4.695652"
"MAKAR,SCOTT DOUGLAS","4024","4.166667","4.166667","4.666667","4.166667","4.5","5","5","4.833333","4.666667","5"
"MAKATA,ERNEST CHUKWUNYERE","4025","4.217822","4.178218","4.287129","4.237624","4.316832","4.534653","4.653465","4.574257","4.435644","4.742574"
"MAKI,KATHRIN","4026","4.775","4.75","4.725","4.625","4.85","4.875","4.675","4.875","4.825","4.9"
"MAKKI,NADJA","4027","4.530769","4.476923","4.430769","4.523077","4.419355","4.403226","4.5","4.475806","4.475806","4.524194"
"MALAGODA GAMAGE,CHAMILA","4028","4.375155","4.391304","4.042236","4.403727","4.399002","4.318296","4.58625","4.605","4.475062","4.633416"
"MALANY,SIOBHAN","4029","4.07362","4.072086","4.075153","4.070552","4.162826","4.18126","4.301075","4.28725","4.132104","4.373272"
"MALATESTA,BRIAN ANTHONY","4030","4.074434","4.05178","4.475728","3.970874","4.517799","4.68932","4.711974","4.660194","4.569579","4.734628"
"MALAVET,PEDRO A","4031","3.52381","3.683983","3.904762","3.883117","3.537118","3.668122","3.769565","4.1","3.795652","4.473913"
"MALEWSCHIK,TAYANA","4032","4.151163","4.104651","3.982558","4.186047","4.045113","4.120301","4.315789","4.270677","4.203008","4.398496"
"MALIK,REEM JAVED","4033","4.506289","4.305031","4.003145","4.421384","4.503289","4.559211","4.663366","4.633663","4.588816","4.713816"
"MALIN,ASHLEY","4034","4.113636","4.090909","4.25","4.159091","3.909091","4.255814","4.418605","4.590909","3.772727","4.386364"
"MALLICK,SUCHARITA","4035","4.106061","4.181818","3.621212","4.227273","3.545455","3.909091","3.836364","4.127273","3.890909","3.527273"
"MALLICOAT,MEGAN E","4036","4.032573","4.100977","3.247557","4.201954","3.408497","3.261438","3.957516","3.650327","3.888158","3.96732"
"MALLICOTE,MARTHA","4037","4.363871","4.335484","4.434839","4.35871","4.765494","4.701342","4.788945","4.721943","4.79397","4.813022"
"MALLINGER,RACHEL","4038","4.679487","4.628205","4.551282","4.564103","4.714286","4.701299","4.662338","4.701299","4.675325","4.714286"
"MALLOUS,RITSA","4039","4.65625","4.578125","4.171875","4.5625","4.59375","4.71875","4.84375","4.84375","4.765625","4.90625"
"MALONEY,LILY ANN","4040","4","4","3.857143","4.178571","4.035714","4.142857","4.142857","4.285714","4.071429","4.464286"
"MALONEY,LUKE","4041","4.736842","4.684211","4.736842","4.631579","4.833333","4.722222","4.777778","4.833333","4.833333","4.722222"
"MALTAIS-LANDRY,GABRIEL","4042","4.629213","4.550562","4.516854","4.595506","4.752809","4.764045","4.797753","4.820225","4.674157","4.797753"
"MAMAIS,ADAMANTIOS","4043","5","5","5","5","5","5","5","5","5","5"
"MAMALLAPALLI,JESSICA","4044","4.46875","4.46875","3.84375","4.4375","4.4375","4.21875","4.46875","4.3125","4.46875","4.4375"
"MANASCO,KALEN","4045","4.826923","4.807692","4.826923","4.788462","4.942308","4.903846","4.961538","4.903846","4.942308","4.961538"
"MANCHESTER,STEVEN R","4046","4.727273","4.727273","4.636364","4.818182","4.777778","5","4.777778","4.777778","4.777778","5"
"MANDARANO,DANICA","4047","4.2125","4.0625","4.475","4.1125","4.625","4.675","4.8375","4.7875","4.8125","4.85"
"MANDEL,RON J","4048","4.294479","4.239264","3.582822","4.312883","4.075","4.089172","4.09375","4.341772","4.1625","4.2375"
"MANDESE,WENDY W","4049","4.539773","4.428409","4.503409","4.484091","4.684145","4.630137","4.7301","4.701493","4.728518","4.736318"
"MANDRICK,SEAN","4050","3.884774","3.927984","3.279835","4.002058","3.502336","3.624709","3.795824","3.935035","3.71729","3.752887"
"MANGANARO,ANTHONY S","4051","4.568","4.546667","4.570667","4.533333","4.661333","4.728","4.805333","4.776","4.746667","4.8"
"MANI,DIBA","4052","4.111441","4.071322","3.835067","4.130758","4.068657","4.366071","4.372578","4.540179","4.196721","4.53869"
"MANINI,TODD","4053","4.375","4.458333","4.083333","4.541667","4.434783","4.291667","4.416667","4.25","4.541667","4.666667"
"MANIS,HANNAH","4054","4.723404","4.638298","4.617021","4.659574","4.829787","4.744681","4.93617","4.893617","4.893617","4.957447"
"MANJUNATHA,PRUTHVI","4055","3.763636","3.836364","3.836364","4.054545","3.6","3.872727","3.981818","4.072727","3.709091","4.163636"
"MANKOWSKI,ROBERT","4056","4.518519","4.407407","3.962963","4.62963","4.384615","4.461538","4.5","4.423077","4.461538","4.384615"
"MANLEY,CORINNE","4057","4.553191","4.489362","4.255319","4.680851","4.723404","4.723404","4.638298","4.93617","4.574468","4.787234"
"MANLEY,DANIEL P","4058","4.431655","4.374101","4.388489","4.402878","4.611511","4.316547","4.618705","4.517986","4.611511","4.827338"
"MANLEY,SABRINA R","4059","4.747368","4.652632","4.726316","4.663158","4.727273","4.681818","4.681818","4.772727","4.772727","4.818182"
"MANN,DEREK THOMAS","4060","4.133333","4.075556","3.68","4.191111","3.941964","4.013393","4.224215","4.058036","4.066964","4.254464"
"MANNERS,KATEENA ENNEKING","4061","3.761905","3.904762","4.238095","4.047619","3.52381","3.619048","3.952381","4.380952","3.142857","4.666667"
"MANNING,MORGAN MARIE","4062","5","4.875","5","4.875","4.875","5","5","4.875","5","4.75"
"MANRIQUE,VICTORIA EUGENIA","4063","3.983871","4.080645","3.596774","4.080645","4.088889","4.222222","4.222222","4.155556","4.177778","4.266667"
"MANSELL,ADAM CHRISTOPHER","4064","3.876712","4.013699","4.109589","3.890411","3.930556","3.888889","4.097222","3.986111","3.861111","4.416667"
"MANSY,MAY M","4065","4.747287","4.699225","4.71938","4.637209","4.880435","4.838258","4.931677","4.899068","4.897516","4.954969"
"MANTEGAZZA,LUCA","4066","4.266667","3.933333","4.333333","4.266667","4.266667","4","4.2","4.333333","3.8","4.533333"
"MANYUK,YANA","4067","3.4","3.4","3.6","3.4","3.4","3.4","3.6","3.4","3.6","3.6"
"MAO,LIANG","4068","4.077586","4.034483","4.068966","4.043103","4.293103","4.517241","4.474138","4.655172","4.439655","4.560345"
"MARAIS,CHRISTOPHER","4069","4.272727","4.272727","4.272727","4.181818","4.333333","4.5","4.333333","4.5","4.333333","4.333333"
"MARBLE,CHRIS","4070","5","5","5","5","5","5","5","5","5","5"
"MARCELINO,RAPHAEL","4071","4.423077","4.307692","4.538462","4.307692","4.730769","4.807692","4.807692","4.846154","4.769231","4.846154"
"MARCH,KEITH","4072","4.428571","4.380952","4.333333","4.47619","4.578947","4.578947","4.578947","4.578947","4.526316","4.842105"
"MARCHMAN,BRIAN K","4073","4.371429","4.342857","3.742857","4.371429","4.085714","4.514286","4.485714","4.342857","4.371429","4.485714"
"MARCHMAN,STEPHANIE","4074","4.8","4.8","4.8","4.828571","4.714286","4.571429","4.8","4.714286","4.828571","4.714286"
"MARCIA,VALERIA","4075","4.377049","4.319672","4.491803","4.385246","4.459016","4.434426","4.696721","4.631148","4.52459","4.803279"
"MARCIANO,APRIL","4076","4.206897","4.172414","4.137931","4.051724","4.327586","4.586207","4.706897","4.637931","4.275862","4.844828"
"MARCIANTE,ALEXANDRIA BEVERLY","4077","2.363636","2.272727","3.181818","2.818182","2.888889","3","3.5","3.333333","3.3","3.5"
"MARCINEK,DOUGLAS MICHAEL","4078","4.874126","4.804196","4.867133","4.783217","4.5","4.468085","4.489362","4.458333","4.5","4.520833"
"MARCINKIEWCZ,CATHERINE","4079","4.25","4","4.083333","4.25","4.222222","4.222222","4.222222","4.222222","4.222222","4.222222"
"MARCONDES DE REZENDE,FERNANDA","4080","4.656489","4.648855","4.633588","4.625954","4.807692","4.761538","4.8","4.753846","4.746154","4.884615"
"MARCONI,LOGAN ALEXANDER","4081","4.551724","4.431034","4.5","4.172414","4.568966","4.614035","4.689655","4.551724","4.637931","4.689655"
"MARCOS-MARIN,FRANCISCO","4082","3.294118","3.470588","3.705882","3.529412","3.176471","4.058824","3.529412","4.058824","3.176471","4.588235"
"MARCUM,DEBRA A","4083","4.413043","4.304348","4.434783","4.326087","4.717391","4.76087","4.782609","4.782609","4.717391","4.826087"
"MARDER,AMY R","4084","4.488372","4.418605","3.872093","4.453488","4.197674","4.232558","4.395349","4.348837","4.406977","4.325581"
"MARDINI,MAMOUN","4085","4.52","4.44","4.6","4.48","4.68","4.72","4.8","4.76","4.68","4.72"
"MARECI,THOMAS H","4086","4.457143","4.2","4.285714","4.314286","4.628571","4.676471","4.676471","4.8","4.571429","4.911765"
"MARIANI,MELISSA ANN","4087","4.479167","4.416667","4.416667","4.520833","4.375","4.604167","4.4375","4.604167","4.5","4.8125"
"MARIANO,FRANCISCO DE ASSIS","4088","4.434783","4.304348","4.304348","4.434783","4.26087","4.391304","4.521739","4.304348","4.434783","4.608696"
"MARICHAL,MANUEL EDUARDO","4089","4.193548","4.129032","3.967742","4.258065","4.032258","4.258065","4.258065","4.258065","3.935484","4.258065"
"MARICHAL,NIDZA V","4090","5","5","5","5","5","5","5","5","5","5"
"MARIN DIAZ,BEATRIZ","4091","4.473684","4.526316","4.684211","4.526316","4.578947","4.578947","4.631579","4.736842","4.526316","4.842105"
"MARIN,JJ","4092","4.535714","4.464286","4.178571","4.535714","4.285714","4.37037","4.5","4.571429","4.5","4.607143"
"MARINAS,NAIBI","4093","3.85078","3.7951","3.518931","3.994432","3.722098","3.734375","4.084916","4.139665","3.969866","4.208705"
"MARINCIC,NIKOLA","4094","4.461538","4.384615","4.538462","4.307692","4.538462","4.769231","3.538462","4.461538","4.307692","4.615385"
"MARINE,DEVIN","4095","4.362069","4","4.568966","4.37931","4.603448","4.637931","4.844828","4.603448","4.741379","4.758621"
"MARINI,SIMONE","4096","4.461538","4.5","4.692308","4.5","4.692308","4.692308","4.846154","4.923077","4.615385","4.961538"
"MARINO,MICHELLE MARIE","4097","4.142857","3.928571","4.5","4.285714","4.5","4.428571","4.642857","4.642857","4.571429","4.642857"
"MARKOWITZ,JOHN S","4098","4.509036","4.448795","4.509036","4.463855","4.635542","4.634441","4.692771","4.662651","4.599398","4.710843"
"MARKS,NOAH","4099","4.375","4.375","4.5","4.5","4.5","4.5","4.625","4.75","4.75","4.875"
"MARKS,SARAH A","4100","4.375","4.375","4.5","4.5","4.5","4.5","4.75","4.5","4.5","4.875"
"MARKSON,BRANDON","4101","3.97619","4.02381","4.107143","4.035714","4.09589","4.337838","4.273973","4.243243","4.260274","4.328767"
"MARLOW,NICOLE MARGUERITE","4102","3.915254","3.898305","3.887006","3.971751","4.033898","4.265537","4.310734","4.531073","4.101695","4.214689"
"MARQUES,ISABELLA","4103","4.827586","4.724138","4.862069","4.724138","4.896552","4.793103","4.931034","4.896552","4.827586","4.931034"
"MARR,JACKIE","4104","4.41784","4.347418","4.441315","4.347418","4.369565","4.355072","4.528986","4.405797","4.456522","4.434783"
"MARRIE,KATIE","4105","4.769231","4.538462","4","4.692308","4.692308","4.846154","4.769231","4.846154","4.769231","4.846154"
"MARSELLA,ROSANNA","4106","4.604222","4.530343","4.609499","4.572559","4.495652","4.418605","4.53913","4.443478","4.533333","4.591304"
"MARSH, MBA, FPEM-HC, CHEP, NHDP-BC, FACHE,WES","4107","4.5","4.333333","4.416667","4.416667","4.833333","4.666667","4.833333","4.75","4.916667","5"
"MARSH,JESSICA A","4108","4.346154","4.307692","4.115385","4.461538","4.12","4.36","4.2","4.64","4.56","4.32"
"MARSH,PAMELA","4109","4.944444","4.833333","4.888889","4.722222","5","4.833333","5","4.833333","4.833333","5"
"MARSHALEK,KATHRYN","4110","4.462963","4.407407","4.722222","4.444444","4.796296","4.814815","4.925926","4.944444","4.851852","4.925926"
"MARSHALL,ANITA","4111","4.395894","4.326491","4.082111","4.451613","4.523571","4.519559","4.696088","4.699399","4.679359","4.755511"
"MARSHALL,EMILY L","4112","4.628571","4.342857","4.571429","4.628571","4.742857","4.571429","4.742857","4.657143","4.6","4.828571"
"MARSHALL,SERENA","4113","4.5","4.5","4.5","4","4.75","4.75","4.75","4.5","4.5","4.5"
"MARSHALL,WINSTON LAVON","4114","4.5","4.5","4","4.833333","4.333333","4.666667","4.666667","4.666667","4","4"
"MARSHFIELD,JONATHAN","4115","4.631579","4.621053","4.652632","4.584211","4.731579","4.568421","4.847368","4.810526","4.626316","4.947368"
"MARSIGLIETTI,ARNAUD","4116","4.690476","4.642857","4.5","4.547619","4.857143","4.95122","4.785714","4.833333","4.666667","4.714286"
"MARSIGLIO,WILLIAM","4117","3.982412","3.924623","3.934673","3.979899","4.052764","3.98995","4.123116","4.263819","4.077889","4.648241"
"MARSISKE,MICHAEL","4118","4.193916","4.161597","4.007605","4.23384","4.190476","4.448473","4.434286","4.634286","4.12","4.714286"
"MARTCHEVA,MAIA","4119","3.621622","3.986486","3.121622","4.121622","3.256757","3.824324","3.689189","4.351351","3.391892","3.635135"
"MARTE,EDWIN","4120","4.080597","4.222388","3.834328","4.074627","3.643713","3.961019","4.272864","4.26497","3.841079","4.232036"
"MARTEL,JUSTIN RICHARD","4121","4.26087","4.434783","4","4.434783","4","4.318182","4.181818","4.5","4.136364","4"
"MARTENS-HABBENA,WILLM","4122","4.150235","4.079812","3.63615","4.206573","4.115839","4.080378","4.349882","4.286052","4.288416","4.423168"
"MARTENS,JEFFREY R","4123","4.47619","4.333333","4.047619","4.52381","4.214286","4.357143","4.357143","4.214286","4.5","4.428571"
"MARTIN GOMEZ,JONATAN","4124","4.481481","4.274074","4.496296","4.325926","4.653543","4.755906","4.787402","4.771654","4.685039","4.857143"
"MARTIN PEÑA,ALFONSO","4125","4.3875","4.275","3.94375","4.3625","4.262295","4.344262","4.357724","4.35","4.319672","4.341463"
"MARTIN-DONALD,KIMBERLY","4126","4.083333","4.166667","3.583333","4.416667","3.916667","3.833333","4.333333","4.333333","4.166667","4.166667"
"MARTIN-KRATZER,RENEE","4127","3.990566","3.946092","3.603774","4.066038","3.836486","3.8583","4.132612","4.086604","4.093243","4.531714"
"MARTIN-RYALS,ANA D","4128","4.52","4.546667","4.6","4.546667","4.706667","4.72","4.786667","4.8","4.706667","4.826667"
"MARTIN,CHARLES RAYMOND","4129","3.147727","3.090909","3.386364","3.204545","3.056818","3.204545","3.568182","3.852273","3.193182","4.465909"
"MARTIN,ELLEN ECKELS","4130","4.571429","4.321429","4.678571","4.464286","4.5","4.733333","4.5625","4.5625","4.5625","4.625"
"MARTIN,ESTELLE","4131","4.310105","4.167247","3.707317","4.383275","4.214789","4.178947","4.354386","4.322807","4.366197","4.501754"
"MARTIN,JON","4132","4.72093","4.697674","4.72093","4.651163","4.806452","4.774194","4.83871","4.774194","4.709677","4.935484"
"MARTIN,JULIO ANTONIO","4133","4.735849","4.641509","4.660377","4.698113","4.811321","4.716981","4.90566","4.830189","4.811321","4.90566"
"MARTIN,KELLY G","4134","4.031746","3.957672","4.142857","3.984127","4.253968","4.359788","4.634921","4.534392","4.470899","4.650794"
"MARTIN,MADILYN","4135","4.5","4.083333","3.916667","4.333333","4.583333","4.833333","4.75","4.666667","4.666667","4.75"
"MARTIN,MEGAN R","4136","4.24","4.12","4.36","4.04","4.52","4.6","4.84","4.88","4.8","4.72"
"MARTIN,MELISSA R","4137","3.15","3.45","3.05","3.65","3.35","3.9","3.55","4.2","3.95","4.2"
"MARTIN,NICHOLAS W","4138","3.939597","3.912752","3.818792","3.845638","4.266667","4.218487","4.428571","4.327731","4.361345","4.436975"
"MARTIN,STEVE","4139","4.2896","4.1632","4.2992","4.1008","4.30609","3.864","4.488","4.1072","4.2688","4.6624"
"MARTIN,TIMOTHY A","4140","4.73125","4.64375","4.55","4.7125","4.83125","4.8375","4.89375","4.88125","4.8625","4.91875"
"MARTIN,WILLIAM CHRISTOPHER","4141","4.804348","4.782609","4.782609","4.782609","4.913043","4.891304","4.913043","4.913043","4.913043","4.913043"
"MARTINELLI,AMY CAMILE","4142","4.067073","3.963415","4.04878","4.091463","4.134146","4.17284","4.469512","4.335366","4.27439","4.554878"
"MARTINEZ BANEGAS,CELESTE CAROLINA","4143","4.35","4.3","4.6","4.25","3.75","4","4.166667","3.916667","4.166667","4.166667"
"MARTINEZ MARGOLLES,LIZ AMELIA KAROLINA","4144","4","3.78125","3.71875","4.03125","3.9375","4.0625","4.46875","4.28125","4.09375","4.40625"
"MARTINEZ NOVO,MARIA DEL CARMEN","4145","4.064516","4","4.236559","4.021505","4.129032","4.290323","4.268817","4.236559","4.032258","4.752688"
"MARTINEZ-PEREZ,CARLA NICOLE","4146","4.631579","4.368421","4.526316","4.631579","4.789474","4.578947","4.894737","4.894737","4.736842","4.894737"
"MARTINEZ-RIVERA,FREDDYSON","4147","4.571429","4.571429","4.857143","4.642857","4.538462","4.615385","4.615385","4.615385","4.769231","4.846154"
"MARTINEZ,CELESTE","4148","3.791837","3.812245","3.469388","3.97551","3.460905","3.688525","3.782787","3.717213","3.592593","3.946721"
"MARTINEZ,JENNIFER T","4149","4.551509","4.493236","4.48283","4.470343","4.597087","4.517185","4.65534","4.574675","4.645631","4.665049"
"MARTINEZ,JOSE LEON","4150","3.833333","4","4","3.666667","3.666667","3.5","3.833333","3.5","4.166667","4"
"MARTINEZ,JUAN MANUEL","4151","4.160714","4.0625","4.25","4.098214","4.098214","4.285714","4.178571","4.142857","4.071429","4.107143"
"MARTINEZ,LILLIAN MARIE","4152","4.54321","4.444444","4.555556","4.45679","4.728395","4.666667","4.876543","4.864198","4.740741","4.91358"
"MARTINEZ,LUIS R","4153","4","3.875","4","4.1875","4.583333","4.5","4.583333","4.583333","4.666667","4.916667"
"MARTINEZ,MICHAEL D","4154","4.329787","4.195035","4.070922","4.37234","4.425532","4.236559","4.574468","4.578014","4.592199","4.734043"
"MARTINEZ,PAOUL SEAN","4155","4.681818","4.586364","4.609091","4.618182","4.571429","4.52381","4.660714","4.559524","4.64881","4.696429"
"MARTINEZ,RAYMOND ANGELO","4156","3.444444","3.555556","3.666667","3.777778","3.555556","3.666667","4.055556","3.888889","3.722222","4.277778"
"MARTINI,XAVIER PHILIPPE","4157","4.666667","4.666667","4.333333","4.333333","5","5","5","5","5","5"
"MARTINO,KRISTEN","4158","5","5","5","5","5","5","5","5","5","5"
"MARTINOLI,TERESA C","4159","4.761905","4.675325","4.688312","4.619048","4.369565","4.467391","4.576087","4.456522","4.434783","4.652174"
"MARTINS,SAMUEL J","4160","4.571429","4.565714","4.748571","4.457143","4.765714","4.691429","4.931429","4.765714","4.691429","4.954286"
"MARTINS,TALLINE","4161","4","4","4","4","4","4","4","5","5","5"
"MARTYNIUK,CHRISTOPHER JOSEPH","4162","4.418953","4.306733","4.401496","4.374065","4.486284","4.258145","4.698254","4.586035","4.603491","4.842893"
"MARTYNYUK,ANATOLY EUGENY","4163","4.863636","4.681818","4.681818","4.795455","3.568182","3.682927","3.767442","3.902439","3.886364","3.727273"
"MARULL,CRYSTAL HELENE","4164","4.584034","4.485294","4.394958","4.581933","4.613445","4.762105","4.783158","4.768421","4.722105","4.787368"
"MASAPOLLO,MATTHEW","4165","2.714286","2.97619","2.785714","2.809524","2.5","1.666667","2.666667","2.619048","2.428571","3.714286"
"MASCIO,DAVID A","4166","4.285714","4.214286","4.5","3.821429","4.178571","4.071429","4.464286","4.214286","4.214286","4.642857"
"MASLOV,DMITRII","4167","4.285714","4.257143","3.971429","4.285714","4.085714","4.2","4.342857","4.571429","4.114286","4.628571"
"MASON,DEBBIE A","4168","4.555556","4.222222","4.666667","4.444444","4.555556","4.222222","4.555556","4.777778","4.555556","4.777778"
"MASON,ELANIE N","4169","4.318182","4.136364","4.227273","4.136364","4.636364","4.636364","4.727273","4.681818","4.681818","4.727273"
"MASON,KEELY","4170","4.692308","4.692308","4.461538","4.461538","4.666667","4.916667","4.75","5","4.583333","4.75"
"MASTERSON,TERESA A","4171","4.485714","4.371429","3.971429","4.457143","4.441176","4.529412","4.617647","4.735294","4.617647","4.588235"
"MATA,TONY","4172","4.471429","4.485714","4.657143","4.442857","4.571429","4.5","4.742857","4.542857","4.571429","4.857143"
"MATAR,SASHA","4173","4.405825","4.302913","3.984466","4.390291","4.275391","4.475538","4.539062","4.596869","4.46771","4.525391"
"MATCHEV,KONSTANTIN TZVETANOV","4174","4.423077","4.423077","4.423077","4.269231","4.423077","4.230769","4.769231","4.538462","4.423077","4.807692"
"MATCHEVA,KATIA I","4175","3.805369","3.966443","3.651007","3.939597","3.61745","3.825503","4.328859","4.322148","3.66443","4.590604"
"MATEESCU,RALUCA","4176","4.336066","4.245902","3.778689","4.346995","4.236264","4.326923","4.393939","4.453297","4.374656","4.38292"
"MATHEW,ANAND","4177","4.055556","4.222222","4","4","3.666667","4.388889","4.277778","4.388889","3.833333","4.222222"
"MATHEWS,ANNE","4178","4.583333","4.55","4.583333","4.5","4.583333","4.633333","4.816667","4.633333","4.533333","4.866667"
"MATHEWS,CLAYTON","4179","4.625","4.625","4.875","4.5","4.625","4.5","4.625","4.625","4.25","4.625"
"MATHEWS,HANNAH M","4180","4.575221","4.513274","4.256637","4.530973","4.584071","4.646018","4.725664","4.699115","4.654867","4.823009"
"MATHIAS,DERRICK","4181","4.727273","4.727273","4.818182","4.727273","4.909091","4.909091","4.909091","4.909091","4.909091","4.909091"
"MATHIEN,TARA DAWN","4182","4.607595","4.556962","4.417722","4.582278","4.531646","4.512821","4.708861","4.607595","4.556962","4.721519"
"MATHUR,SANKALP","4183","4.105263","4.210526","4.105263","4.315789","4.105263","4.052632","4.421053","4.421053","4.105263","4.578947"
"MATSUURA,KATSUHIRO","4184","4.728261","4.701087","4.733696","4.701087","4.607143","4.660714","4.732143","4.589286","4.660714","4.732143"
"MATTHEWS,ALEXANDREA","4185","4.06","4","3.85","4.14","4.346667","4.48","4.466667","4.546667","4.48","4.546667"
"MATTHEWS,CORINNE K","4186","4.542683","4.506098","4.713415","4.506098","4.756098","4.823171","4.932927","4.890244","4.865854","4.884146"
"MATTHEWS,SHANESE","4187","4.187266","4.052434","4.127341","4.116105","4.121212","4.277567","4.390152","4.390152","4.140152","4.390152"
"MATTHIES,LISA RENEE","4188","3.896552","3.925287","4.005747","3.936782","3.677215","3.765823","3.962025","4.056962","3.886076","4.158228"
"MATWICK,KELSI","4189","4.430818","4.413522","4.128931","4.427673","4.505564","4.696343","4.678855","4.684127","4.607937","4.703175"
"MATWICK,KERI","4190","4.363176","4.334459","4.057432","4.353041","4.437075","4.615646","4.619048","4.64966","4.571429","4.642857"
"MATYAS,CORENE","4191","4.432099","4.481481","4.308642","4.444444","4.728395","4.666667","4.814815","4.876543","4.691358","4.888889"
"MATYTSIN,ANTON","4192","4.237354","4.22179","4.233463","4.291829","4.36965","4.519531","4.509728","4.680934","4.33463","4.793774"
"MAUNEY,JENNIFER ALDEN","4193","4.503401","4.278912","4.44898","4.316327","4.767773","4.800948","4.881517","4.848341","4.815166","4.919431"
"MAUNEY,MATTHEW STEPHE","4194","4.652174","4.652174","4.652174","4.608696","4.652174","4.608696","4.73913","4.608696","4.652174","4.695652"
"MAUNSELL,FIONA PAULINE","4195","4.426848","4.319759","4.390649","4.378582","4.512235","4.442623","4.556281","4.508972","4.538336","4.579119"
"MAUPIN,JULIE A","4196","3.892655","3.768362","3.536723","3.99435","3.99435","4.152542","4.079096","4.350282","4.016949","4.180791"
"MAURELLI,ANTHONY T","4197","3.946429","3.75","4.089286","3.892857","3.803571","3.767857","4.178571","4.107143","3.875","4.428571"
"MAURER,ANDREW P","4198","3.5","3.5","4.05","3.5","3.9","3.7","4.35","4.25","3.85","4.5"
"MAVIAN,CARLA NARTUHI","4199","4.608696","4.608696","4.434783","4.608696","3.809524","3.904762","4.095238","4.142857","4","4"
"MAWDSLEY,HELENA PAN","4200","4.408696","4.330435","4.295652","4.469565","4.217391","4.556522","4.452174","4.591304","4.443478","4.486957"
"MAXIM,ANDREW","4201","4.404762","4.333333","4.380952","4.285714","4.452381","4.47619","4.690476","4.619048","4.642857","4.809524"
"MAXWELL,ELIZABETH A","4202","4.370968","4.309677","4.370968","4.270968","4.366379","4.334783","4.418103","4.34632","4.469828","4.560345"
"MAXWELL,KATHLEEN M","4203","4.736142","4.662971","4.634146","4.59867","4.805195","4.777293","4.809524","4.764192","4.818966","4.813853"
"MAY,PATRICK","4204","3.949495","3.914141","3.585859","4.010101","3.813131","4.358586","4.299492","4.385787","4.182741","4.393939"
"MAYBERRY,MICHAEL A","4205","4.709898","4.614334","4.651877","4.600683","4.825939","4.788396","4.883959","4.894198","4.744027","4.945392"
"MAYER,GORDON","4206","4.489362","4.425532","4.255319","4.425532","4.361702","4.617021","4.680851","4.744681","4.543478","4.744681"
"MAYER,THACHARY RAY","4207","3","3","3","3","4","4","4","4","4","4"
"MAYMI,MICHAEL ANTHONY","4208","4.497487","4.437186","4.417085","4.40201","4.740741","4.716418","4.785185","4.753731","4.718519","4.77037"
"MAYNARD-PEMBA,NATASHA","4209","5","5","5","5","5","5","5","4.75","4.75","5"
"MAYNOLDI,DAVID SERAFIN","4210","4.280702","4.280702","3.842105","4.20614","4.380531","4.599119","4.548673","4.742222","4.50885","4.59292"
"MAZE,JOHN MARSHALL","4211","4.042892","4.088235","4.123775","4.003676","4.456897","4.174346","4.719212","4.517879","4.478475","4.869619"
"MBURU,SHARON NJOKI","4212","3.705882","3.882353","4.098039","3.666667","3","3.276596","3.319149","3.446809","3.276596","3.340426"
"MCADAMS,MINDY","4213","3.8","3.8625","4.0875","3.9625","3.7375","3.9375","3.825","4.175","3.825","4.5"
"MCAFEE,ELIZABETH EASTON","4214","4.257143","4.371429","3.428571","4.371429","3.896552","4.103448","4.241379","4.37931","4.137931","4.103448"
"MCALISTER,MERRITT ELLEN","4215","4.706897","4.689655","4.646552","4.655172","4.793103","4.491379","4.75","4.784483","4.741379","4.862069"
"MCANALLY,AUDREY MARIE","4216","5","5","5","5","5","5","5","5","5","5"
"MCANINCH,JENNIFER M","4217","3.977528","4.123596","4.303371","4.168539","4.438202","4.483146","4.662921","4.595506","4.617978","4.831461"
"MCAULIFFE,GISELE","4218","3.266667","3.4","3.933333","3.466667","3.133333","4","3.666667","3.733333","3.466667","4.066667"
"MCCAFFERTY,KELCIE ERIN","4219","4.769231","4.692308","4.923077","4.461538","5","5","4.923077","4.923077","4.769231","5"
"MCCALLISTER,MELISSA ANN","4220","4.375","4.25","3.875","4.125","4.125","4.625","4.5","4.75","4.375","4.625"
"MCCARREL,TARALYN MARY","4221","4.429688","4.375","4.523438","4.40625","4.48913","4.533333","4.478261","4.527473","4.554348","4.576087"
"MCCARTNEY,JACOB","4222","4.083884","4.13879","3.616675","4.10422","3.634895","3.738288","3.789644","3.794498","3.768608","3.774716"
"MCCARTY,CHRISTOPHER","4223","3.641026","3.692308","3.435897","3.589744","3.666667","4.051282","4.307692","4.384615","4.205128","4.25641"
"MCCARTY,DENNIS NEAL","4224","4.21288","4.146691","3.951699","4.216458","4.310092","4.405904","4.530275","4.513761","4.434066","4.598901"
"MCCARTY,DON","4225","4.375","4.395833","4.333333","4.333333","4.304348","4.26087","4.434783","4.5","4.152174","4.413043"
"MCCARTY,MAC","4226","4.5","4.266667","4.3","4.333333","4.366667","4.366667","4.566667","4.633333","4.266667","4.733333"
"MCCARTY,RYAN J","4227","4.348993","4.281879","3.724832","4.422819","4.070175","4.219298","4.280702","4.342105","4.22807","4.236842"
"MCCLAIN,STEVEN","4228","4.73913","4.652174","4.608696","4.586957","4.782609","4.804348","4.826087","4.76087","4.608696","4.869565"
"MCCLAM,JAWAUN","4229","4.513514","4.351351","4.594595","4.378378","4.837838","4.72973","4.918919","4.810811","4.864865","4.918919"
"MCCLEERY,ROBERT ALAN","4230","4.857143","4.821429","4.785714","4.785714","4.75","4.821429","4.821429","4.821429","4.821429","4.928571"
"MCCLELLAN,A","4231","4.512535","4.473538","4.562674","4.456825","4.693593","4.729805","4.816156","4.807799","4.75766","4.871866"
"MCCLISH,KEONDRIA E","4232","4.12","4.2","4.12","4.08","3.973333","4.293333","4.546667","4.56","4.093333","4.493333"
"MCCLOSKEY,JAMIE","4233","4.463576","4.410596","4.437086","4.423841","4.641892","4.540541","4.783784","4.718121","4.724832","4.831081"
"MCCLOSKEY,THOMAS LAURENCE","4234","4.74359","4.679487","4.730769","4.717949","4.846154","4.961538","4.935897","4.961039","4.831169","4.974026"
"MCCOLLUM JR,IRA WM","4235","5","4.666667","4.666667","4.666667","4.666667","4","4.666667","4.333333","4.666667","4.666667"
"MCCORKINDALE,TINA","4236","4.5","4.5","4.5","4.25","4.25","4.5","5","4.5","4.25","4.5"
"MCCORMACK,WAYNE T","4237","4.067961","4.004854","4.305825","4.116505","4.20098","4.25","4.397059","4.514706","4.259804","4.558824"
"MCCORMICK,MISSY","4238","5","5","5","5","5","5","5","5","5","5"
"MCCOUCH,GRAYSON M","4239","4.419192","4.318182","4.292929","4.323232","4.530303","4.357143","4.626263","4.676768","4.530303","4.888889"
"MCCRAY,ERICA D","4240","4.4","4.3","4","4.7","4.5","4.5","4.5","4.1","4","5"
"MCCULLOUGH,ANTRON","4241","4.4","4.266667","4.4","4.2","4.666667","4.4","4.933333","4.666667","4.866667","4.8"
"MCCULLOUGH,SCOTT A","4242","4.521277","4.574468","4.319149","4.56383","4.510638","4.776596","4.617021","4.797872","4.37234","4.808511"
"MCCUNE,CHRISTINA GARDNER","4243","2.805869","2.945824","2.799097","2.869074","2.396675","2.328571","2.964286","2.731591","2.584323","3.501188"
"MCCURDY,CHRISTOPHER R","4244","4.237288","4.169492","3.949153","4.271186","4.431034","4.137931","4.568966","4.431034","4.534483","4.603448"
"MCDANIEL,ANNA M","4245","4.5","4.333333","4.333333","4.333333","4.666667","4.5","4.666667","4.5","4.5","4.5"
"MCDANIEL,KEVIN S","4246","4.25","4.35","4.3","4.3","4.45","4.6","4.65","4.65","4.55","4.6"
"MCDANIEL,MEGAN E","4247","4.5","4.3","3.9","4.3","3.8","4.3","4.5","4.6","4.4","4.4"
"MCDANIEL,REBECCA PAIGE","4248","4.428571","4.142857","3.428571","3.857143","3","4.142857","3.714286","4.571429","3.714286","4.285714"
"MCDANIEL,STUART","4249","4.09671","3.976072","3.744766","3.992024","4.084592","4.057344","4.518109","4.419095","4.251256","4.572435"
"MCDEVITT,CHRISTOPHER","4250","4.622951","4.47541","4.360656","4.491803","4.606557","4.55","4.655738","4.688525","4.459016","4.737705"
"MCDEVITT,RALENA","4251","4.811456","4.675418","4.78043","4.72315","4.911483","4.837321","4.949761","4.885167","4.899522","4.944976"
"MCDONALD,MICHAEL P","4252","4.346154","4.153846","4.423077","4.346154","4.461538","4.038462","4.461538","4.461538","4.403846","4.692308"
"MCDONOUGH,CAITRIN W","4253","4.384615","4.307692","4.076923","4.423077","4.615385","4.153846","4.615385","4.576923","4.730769","4.730769"
"MCDOWELL,LONN D","4254","4.619718","4.633803","4.690141","4.605634","4.84507","4.788732","4.901408","4.915493","4.859155","4.859155"
"MCDUFFEE,SOPHIA TAYLOR","4255","4.285714","4.285714","4.428571","4.285714","4.714286","4.857143","4.857143","4.714286","4.714286","4.857143"
"MCEDWARDS,COLLEEN ELEANOR","4256","4.538462","4.538462","4.307692","4.538462","4.692308","4.923077","4.769231","4.615385","4.538462","4.923077"
"MCELROY,BILL","4257","4.455319","4.355319","4.265957","4.391489","4.465957","4.628998","4.661702","4.719149","4.586354","4.761702"
"MCELWEE-WHITE,LISA","4258","4.611111","4.583333","4.416667","4.472222","4.527778","4.444444","4.75","4.638889","4.472222","4.805556"
"MCFARLANE,DIANNE","4259","4.625","4.75","4.75","4.625","4.875","4.875","4.875","4.875","4.875","4.875"
"MCFETRIDGE,PETER","4260","3.766917","3.616541","3.819549","3.842105","3.81203","3.714286","4.353383","4.12782","3.834586","4.736842"
"MCGANN,EMILEE ELIZABETH","4261","4.241135","4.141844","4.22695","4.212766","4.5","4.428571","4.607143","4.664286","4.642857","4.757143"
"MCGILL,GARY A","4262","4.514851","4.440594","4.59901","4.376238","4.636816","4.766169","4.855721","4.840796","4.696517","4.900498"
"MCGILL,KATHRYN L","4263","3.949425","4.073563","3.606897","4.051724","4.117512","4.100462","4.471198","4.46659","4.301843","4.647465"
"MCGLOTHLIN,MARK ANDREW","4264","4.43038","4.392405","4.183544","4.335443","4.594937","4.392405","4.670886","4.563291","4.493671","4.71519"
"MCGOWAN,CONOR PATRICK","4265","4.75","4.75","4.25","4.5","4.25","4.25","4.75","4.5","4.25","4.5"
"MCGRATH FAIR,CHRISTINA M","4266","4.5","4.5","4","4.5","4.5","4.5","4.5","4","4.5","4.5"
"MCGRATH,BREANNA E. D","4267","4.780488","4.707317","4.804878","4.658537","4.780488","4.585366","4.756098","4.780488","4.731707","4.95122"
"MCGRATH,LUKE JOSEPH","4268","3.92","4.04","4.1","4.11","4.373737","4.464646","4.626263","4.636364","4.484848","4.636364"
"MCGUIRE,MOIRA","4269","4.533333","4.333333","4.266667","4.466667","4.6","4.733333","4.666667","4.666667","4.6","5"
"MCHENRY,SAMUEL ADAM","4270","4.324324","4.243243","4.135135","4.351351","4.594595","4.540541","4.675676","4.567568","4.675676","4.702703"
"MCILRATH,NANCY E","4271","4.5625","4.625","4.5625","4.375","4.416667","4.583333","4.583333","4.5","4.5","4.666667"
"MCINTOSH,HAMADI R","4272","3.416667","3.666667","3.375","3.875","3.25","3.3125","3.645833","3.729167","3.291667","3.4375"
"MCINTYRE,ERIN","4273","3.666667","3.833333","3","3.833333","3.5","3.5","4","3.166667","3.333333","3.5"
"MCINTYRE,JEREMY COLIN","4274","4.206897","3.862069","4.172414","4.241379","4.541667","4.5","4.458333","4.541667","4.541667","4.458333"
"MCINTYRE,LAUREN MICHAELA","4275","5","5","5","4.666667","5","4.666667","4.666667","4.333333","4.666667","5"
"MCKAY,MATTHEW G","4276","2.803571","2.839286","2.589286","2.875","2.732143","3.142857","3.035714","3.303571","3.178571","3.392857"
"MCKENNA,KEVIN","4277","4.555556","4.511111","4.488889","4.488889","4.606742","4.719101","4.707865","4.707865","4.52809","4.786517"
"MCKENNA,ROBERT","4278","4.314961","4.08189","3.92126","4.272441","4.47293","4.316294","4.63434","4.591707","4.551669","4.721781"
"MCKENNY,MIHOW P","4279","5","4.5","4.5","4","5","5","4.5","5","5","5"
"MCKENZIE-BROWN,DEANNA","4280","3.949153","3.949153","4.288136","3.932203","4.050847","3.966102","4.440678","4.288136","4.254237","4.440678"
"MCKIBBEN,GARETH MICHAEL","4281","4.8","4.72","4.76","4.76","4.88","4.8","4.84","4.88","4.88","4.88"
"MCKINLEY,JOEY JACQUELINE","4282","4.525773","4.402062","4.123711","4.494845","4.340659","4.582418","4.593407","4.56044","4.516484","4.593407"
"MCKINLEY,JOSHUA W","4283","4.068966","4.068966","3.568966","4.109195","3.930636","4.248555","4.354651","4.456647","4.32948","4.260116"
"MCKINSEY,MEGAN","4284","4.44","4.64","4.64","4.6","4.8","4.72","4.88","4.8","4.8","4.72"
"MCKNIGHT,ALAN","4285","4.245283","4.103774","3.877358","4.207547","4.075472","4.339623","4.188679","4.54717","4.235849","4.481132"
"MCKUNE,SARAH LINDLEY","4286","4.186047","4.023256","4.27907","4.302326","4.625","4.40625","4.8125","4.5625","4.71875","4.75"
"MCLAUGHLIN,FIONA","4287","4.666667","4.666667","4.484848","4.69697","4.636364","4.30303","4.757576","4.484848","4.545455","4.818182"
"MCLAUGHLIN,JAY","4288","4.263158","4.052632","4.105263","4","4.625","4.428571","4.75","4.428571","4.625","4.75"
"MCLAUGHLIN,JENNA","4289","4.260741","4.195556","4.471111","4.174815","4.534653","4.561056","4.654605","4.640264","4.625","4.638158"
"MCLAUGHLIN,KALEB MICHAEL","4290","4.529412","4.352941","4.588235","4.470588","4.588235","4.529412","4.823529","4.588235","4.294118","4.647059"
"MCLEMORE,CAITLIN C","4291","4.444444","4.377778","3.977778","4.266667","3.888889","4.4","4.311111","4.444444","4.022222","4.311111"
"MCLENDON,TIMOTHY E","4292","4.407767","4.323625","4.478964","4.229773","4.464286","4.5","4.717857","4.639286","4.353571","4.778571"
"MCLEOD,CHRISTOPHER M","4293","4.371429","4.409524","4.214286","4.4","4.571429","4.571429","4.633333","4.680952","4.557143","4.733333"
"MCMILLAN,MEGAN ROBINSON","4294","4.438356","4.328767","4.09589","4.410959","4.338028","4.521127","4.549296","4.619718","4.577465","4.591549"
"MCMULLEN,KYLA","4295","4.09434","4","4.018868","4.150943","4.132075","3.943396","4.320755","4.056604","4.358491","4.698113"
"MCNAIR,JANISE","4296","3.950355","3.98227","3.829787","4.021277","3.92446","3.71223","4.155235","4.096774","4.007168","4.277978"
"MCNAMARA,JOSEPH PATRICK HILL","4297","4.285714","4.333333","3.571429","4.349206","3.864407","3.949153","4.050847","4.135593","4.050847","4.033898"
"MCNEALY,JASMINE E","4298","4.087591","4.051095","3.569343","4.218978","3.919708","4.072993","4.255474","4.364964","4.291971","4.379562"
"MCNEIL,DANIEL W","4299","5","5","5","5","5","5","5","5","5","5"
"MCPHERSON,DAVID LEE","4300","4.275","4.2125","4.45","4.2375","4.65","4.4875","4.7125","4.725","4.5875","4.9"
"MCQUAGGE,JOEL A","4301","4.591928","4.41704","4.452915","4.520179","4.662162","4.651584","4.807175","4.650224","4.735426","4.825112"
"MCTHENIA JR,THOMAS C","4302","4.4","4.4","4.4","4.4","4.2","4","4.8","4.4","4.4","4.8"
"MCVAY,MEGAN APPERSON","4303","4.591549","4.56338","4.549296","4.56338","4.676056","4.690141","4.732394","4.746479","4.633803","4.704225"
"MCVEIGH,SIERRA","4304","4.019231","3.942308","4.673077","4.096154","4.666667","4.843137","4.823529","4.803922","4.72549","4.941176"
"MCVETY,DANI GRIFFIN","4305","5","5","5","5","5","5","5","5","5","5"
"MCZEAL,COREY J","4306","4.68323","4.559006","4.465839","4.627329","4.813665","4.708075","4.906832","4.906832","4.900621","4.931677"
"MEAD,WALTER","4307","4.666667","4.666667","4.388889","4.111111","4.333333","4.166667","4.444444","4","4.5","4.5"
"MEADOWS,MELISSA","4308","4.406417","4.224599","4.446524","4.270053","4.430481","4.590909","4.713904","4.617647","4.590909","4.906417"
"MEARIG,ADAM JACOB","4309","4.463415","4.414634","4.560976","4.243902","4.902439","4.780488","4.902439","4.829268","4.853659","4.902439"
"MEARS,RYAN","4310","3.822997","3.732558","3.290698","4.011628","3.562743","3.584955","3.934023","3.974127","3.583441","4.160622"
"MECHOLSKY,JACK","4311","3.722222","3.666667","3.666667","3.62963","3.259259","3.592593","3.833333","3.685185","3.333333","4.333333"
"MECIAS,MARIA LAURA","4312","4.851852","4.648148","4.87963","4.5","4.907407","4.898148","4.981481","4.842593","4.962963","4.981481"
"MEDEIROS,HENRY","4313","4.275862","4.189655","4.327586","4.275862","4.258621","4.189655","4.5","4.362069","4.017241","4.672414"
"MEDEMAKU,SELOME ABIODUN","4314","4.740741","4.37037","4.851852","4.407407","4.814815","4.814815","4.851852","4.888889","4.592593","4.962963"
"MEDINA-RAMÍREZ,OSWALDO M","4315","4.222222","4.111111","3.666667","4.333333","4.111111","4.111111","4.444444","4.222222","4.444444","4.444444"
"MEDINA,SHARON","4316","4.091837","4.22449","4.377551","4.05102","4.285714","4.336735","4.387755","4.326531","4.44898","4.397959"
"MEEHAN,LUCY","4317","4.704545","4.590909","4.636364","4.659091","3.62963","3.703704","3.62963","3.703704","3.592593","3.703704"
"MEENAN,CONNOR","4318","3.816667","3.75","3.883333","3.65","4.55","4.383333","4.8","4.383333","4.666667","4.833333"
"MEERT,JOSEPH GERARD","4319","4.693878","4.571429","4.612245","4.602041","4.810127","4.734177","4.810127","4.556962","4.746835","4.858974"
"MEGAHED,AMEER AHMED","4320","4.888889","4.888889","4.888889","4.888889","4.777778","4.777778","4.777778","4.777778","4.777778","4.777778"
"MEGRAW,RICHARD BALDWIN","4321","3.92562","3.859504","3.61157","3.991736","4.057851","4.159664","4.479339","4.297521","4.289256","4.77686"
"MEHDIPOUR,HALEH","4322","4.203704","4.259259","4.259259","4.092593","4.358491","4.442308","4.528302","4.433962","4.358491","4.622642"
"MEHRPOUR,OMID","4323","4.5","4.5","4","4.5","3.5","4.25","3.5","3.5","3.75","4"
"MEI,RENWEI","4324","3.628571","3.788571","3.154286","3.845714","3.097143","3.201149","3.445714","3.565714","3.194286","4.485714"
"MEIER,MCKAYLA LYNN","4325","4.180851","4.148936","3.659574","4.287234","3.927536","4.2","4.318841","4.391304","4.231884","4.231884"
"MEIGA,ANA","4326","5","4.818182","4.909091","4.909091","4.727273","4.818182","5","5","4.909091","4.909091"
"MEISEL,MARK W","4327","3.917647","3.988235","3.764706","4.176471","3.294118","4.047059","3.611765","4.647059","3.235294","4.811765"
"MEISNER,TOD MICHAEL","4328","4.414894","4.414894","4.234043","4.340426","4.489362","4.680851","4.734043","4.712766","4.56383","4.702128"
"MEJIA-PUIG,LUIS","4329","4.694301","4.606218","4.549223","4.492228","4.73057","4.663212","4.761658","4.621762","4.569948","4.891192"
"MEKE,LAUREL ELISE","4330","4","3.944444","4.111111","3.888889","4.222222","4.388889","4.833333","4.5","4.611111","4.888889"
"MELILLI,JEANA MARIE","4331","4.126126","4.072072","3.477477","4.279279","3.745455","4.183486","4.263636","4.459459","4.245455","4.306306"
"MELLADY,PATRICK","4332","3.782609","3.826087","3.702899","3.876812","4.094203","4.101449","4.195652","4.442029","3.891304","4.427536"
"MELLON,MELISSA LYN","4333","4.39939","4.39939","4.323171","4.338415","4.455657","4.425076","4.712538","4.464832","4.544343","4.816514"
"MELO FERREIRA,ANALU","4334","4.454545","4.377622","4.328671","4.195804","4.627119","4.440678","4.711864","4.550847","4.567797","4.70339"
"MEMANA,ARYA GAYATHRI","4335","4.096886","4.100346","3.681661","4.096886","3.973118","4.086022","4.231183","4.317204","4.091398","4.284946"
"MEN,RITA","4336","4.442105","4.4","4.294737","4.368421","4.526316","4.694737","4.705263","4.747368","4.652632","4.757895"
"MENAGER,ALEXANDRE GUSTAVE","4337","4.568182","4.530303","4.689394","4.469697","4.810606","4.856061","4.924242","4.893939","4.856061","4.931818"
"MENARD,STEPHEN ADAM","4338","4.111111","4.055556","4.194444","4.166667","4.057143","4.114286","4.428571","4.314286","4.542857","4.485714"
"MENDES DUARTE,POLIANA","4339","4.795455","4.795455","4.795455","4.795455","4.886364","4.886364","4.909091","4.886364","4.886364","4.909091"
"MENDES,KYLE M","4340","4.520468","4.453216","4.552632","4.505848","4.700906","4.486405","4.830816","4.592145","4.770393","4.861027"
"MENDEZ,ASHLEY-MARIE MABLE","4341","4.693878","4.571429","4.673469","4.469388","3.692308","3.769231","3.923077","3.846154","3.846154","3.769231"
"MENDEZ,OSCAR ALEJANDRO","4342","4.333333","4.291667","4.4375","4.291667","4.333333","4.375","4.708333","4.520833","4.395833","4.729167"
"MENDEZ,SERGIO ANDRES","4343","4.179487","4","3.538462","4.307692","4.04","4.2","4.2","4.28","4.28","4.28"
"MENDOZA-GARCIA,JOHN","4344","4.170653","4.204913","3.70459","4.147382","4.075826","4.148798","4.385363","4.406088","3.845855","4.656088"
"MENEELY,JASON","4345","4.344697","4.299242","4.212121","4.238636","4.056818","3.943182","4.265152","3.950758","4.079545","4.625"
"MENENDEZ,JANIN","4346","4.5625","4.25","4.625","4.375","4.75","4.5625","4.875","4.75","4.75","4.875"
"MENENDEZ,SILVIA M","4347","3.955556","3.905556","4.227778","3.855556","4.372222","4.333333","4.644444","4.555556","4.444444","4.561111"
"MENEZES,AMOR","4348","4.186567","4.171642","3.791045","4.216418","3.910448","3.589552","4.179104","4.08209","3.873134","4.649254"
"MENG,JIAN","4349","4.09434","4.037736","3.754717","4.066038","4.04717","4.320755","4.45283","4.396226","4.169811","4.264151"
"MENGELKOCH,LOURDES M","4350","4.672131","4.622951","4.688525","4.508197","4.672131","4.7","4.737705","4.683333","4.721311","4.819672"
"MENNEL,BARBARA C","4351","4.904762","4.809524","4.904762","4.857143","5","5","5","5","5","5"
"MENON,SUNITA","4352","3.8","3.88","4","4","3.96","3.4","4.291667","3.92","4.32","4.68"
"MENSAH,EBENEZER NKETSIAH","4353","2.769231","2.846154","3.384615","2.692308","2.230769","3.307692","2.538462","2.846154","1.846154","3.153846"
"MENZIES,VICTORIA S","4354","4.241379","4.114943","4.206897","4.195402","4.597701","4.758621","4.758621","4.770115","4.701149","4.816092"
"MERCADAL,IGNACIA","4355","4.358779","4.389313","4.251908","4.427481","4.198473","4.465649","4.51145","4.641221","4.152672","4.625954"
"MERCHANT,AMETHYST G","4356","4.58296","4.443946","4.488789","4.609865","4.757848","4.627803","4.887892","4.67713","4.852018","4.941704"
"MERENDA,JAMES RICHARD","4357","5","4.5","5","4.75","5","5","4.75","5","5","5"
"MEREWETHER,PATRICIA ELLEN","4358","4.238095","4.238095","4.238095","4.214286","4.317073","4.585366","4.560976","4.658537","4.414634","4.682927"
"MERIDA,FERNANDO","4359","4.561181","4.489451","4.481013","4.485232","4.316456","4.147679","4.721519","4.548523","4.472574","4.890295"
"MERLIN,ROBERT JOSEPH","4360","3.333333","3.777778","4.222222","3.777778","4.111111","4","4.333333","3.444444","3.888889","4.888889"
"MERLINO,REBEKAH","4361","4.156863","4.176471","4.098039","4.176471","3.960784","3.862745","4.235294","3.705882","4.058824","4.54902"
"MERRITT,MATTHEW E","4362","4.264706","4.058824","4.176471","4.205882","4.529412","4.470588","4.588235","4.705882","4.147059","4.794118"
"MERRIWEATHER,YASMEEN NIKIA","4363","4.219512","4.219512","3.926829","4.268293","4.243902","4.317073","4.512195","4.439024","4.487805","4.536585"
"MERVIN,MARQ","4364","3.72549","3.72549","3.745098","3.705882","3.745098","3.901961","4.235294","3.941176","3.901961","4.490196"
"MERZ,LEANDRA","4365","4.866667","4.8","4.8","4.733333","4.933333","4.933333","4.933333","4.933333","4.933333","5"
"MESA,JAVIER RIGOBERTO","4366","4.294118","4.117647","4.235294","4.235294","4.470588","4.235294","4.647059","4.647059","4.529412","4.823529"
"MESSINA,CARLOS D","4367","4.730769","4.653846","4.596154","4.692308","4.784314","4.627451","4.843137","4.784314","4.764706","4.921569"
"METCALFE,ANNA","4368","5","5","5","5","5","5","5","5","5","5"
"METZKER,KENNETH K","4369","4.6","4.6","4.733333","4.3","4.9","4.266667","4.833333","4.6","4.4","4.966667"
"MEUX,AJIA","4370","3.955556","3.944444","3.744444","4.144444","3.933333","4.122222","4.155556","4.177778","4.088889","4.377778"
"MEYER,BRANDON P","4371","4.5","4.45","3.9125","4.375","4.202532","4.35443","4.475","4.625","4.4","4.425"
"MEYER,DANIELLE","4372","4.051724","4.068966","3.775862","4.103448","3.886364","4.181818","4.272727","4.295455","4.113636","4.204545"
"MEYER,JULIE","4373","4.55102","4.503401","4.197279","4.571429","4.609589","4.643836","4.732877","4.849315","4.808219","4.815068"
"MEYER,LAWRENCE S","4374","4.894737","4.828947","4.907895","4.802632","4.8125","4.8125","4.875","4.787234","4.829787","4.87234"
"MEYER,SARAH MILDRED","4375","4","4.333333","3.666667","4.333333","3.333333","4","3","3.333333","4","4"
"MEYN,SEAN","4376","4.046512","4.046512","4.232558","4.116279","4.119048","4.047619","4.309524","4.52381","3.697674","4.761905"
"MIAN,ALI ALTAF","4377","4.205357","4.214286","4.258929","4.294643","4.508929","4.133929","4.616071","4.419643","4.383929","4.8125"
"MICCICHI,KIMBERLY L","4378","4.456522","4.434783","4.097826","4.478261","4.347826","4.326087","4.597826","4.48913","4.641304","4.673913"
"MICHAEL,HOLLY","4379","4.266667","4.2","3.933333","4.244444","4.116279","4.295455","4.340909","4.4","4.2","4.266667"
"MICHALOLIAKOS,IOANNIS","4380","3.692308","3.846154","3.615385","4.076923","3.615385","4.153846","4.076923","4.153846","3.538462","4.153846"
"MICHAUD,NOAH S","4381","4","3.861111","4.083333","3.833333","4.083333","4.611111","4.444444","4.583333","4.444444","4.666667"
"MICHEL,MATT","4382","3.681564","3.787709","3.715084","3.837989","4","4.205479","4.178082","4.178082","4.109589","4.178082"
"MICHELE,JULIAN EMILIO","4383","4.128205","4.2","3.574359","4.215385","3.181347","3.595855","3.554404","4","3.316062","3.953368"
"MICHTA,ANDREW","4384","4.666667","4.333333","4.666667","4.333333","4.833333","4.5","5","4.833333","5","5"
"MICIELI-VOUTSINAS,JACQUE","4385","4.342857","4.485714","4.685714","4.428571","4.542857","4.714286","4.571429","4.771429","4.542857","4.8"
"MICKLE,AARON","4386","4.088889","3.977778","4.155556","4.088889","3.75","4.071429","3.857143","4.178571","3.821429","3.892857"
"MIDDLEBROOKS,ANTHONY ERIC","4387","4.478405","4.425249","4.581395","4.365449","4.694352","4.601329","4.817276","4.710963","4.72093","4.890365"
"MIDDLETON,CHARLES E","4388","4.261905","4.142857","4.130952","4.107143","4.421053","4.32","4.434211","4.355263","4.434211","4.434211"
"MIDENCE ORDONEZ,MARIO","4389","4","3.785714","3.785714","3.857143","4.25","4.333333","4.75","4.5","4.75","4.625"
"MIETZSCH,MARIO","4390","4.391304","4.086957","4.173913","4.347826","4.454545","4.318182","4.454545","4.409091","4.363636","4.318182"
"MIGLIACCIO,KATI W","4391","4.375","4.625","4.75","4.125","4.5","4.625","4.75","4.875","4.5","4.875"
"MIGUEZ,JOSEPH SIMONET","4392","4.453846","4.415385","4.523077","4.315385","4.876923","4.876923","4.969231","4.946154","4.907692","4.946154"
"MIKE,JORDAN DONOVAN","4393","4.298701","4.376623","3.662338","4.428571","3.922078","4.12987","4.25974","4.25974","4.168831","4.181818"
"MIKKELSON,MAEGAN PAIGE","4394","3.666667","3.791667","4.041667","4","3.541667","3.541667","4.375","3.791667","4.083333","4.041667"
"MIKKELSON,SHELBY LYNN","4395","4.595238","4.571429","4.642857","4.571429","4.583333","4.797619","4.535714","4.797619","4.72619","4.821429"
"MIKOLASCHEK,DANIEL C","4396","4.5","4.25","3.75","4.25","3.75","4.25","4.5","3.75","4.5","4"
"MIKUS,SAVANNAH MOZELLE","4397","4.603175","4.380952","4.365079","4.587302","4.619048","4.730159","4.793651","4.777778","4.693548","4.777778"
"MILAM,AUDREY N","4398","4.6","4.542857","4.471429","4.585714","4.594203","4.768116","4.768116","4.811594","4.710145","4.797101"
"MILES,JOSHUA ALEXANDER","4399","4.588235","4.611765","4.270588","4.517647","4.595238","4.511905","4.658824","4.72619","4.505882","4.647059"
"MILGRAM,JULIA GRACE","4400","3.9375","4.1875","3.375","4.1875","3.4375","3.9375","4.0625","4.25","3.75","4"
"MILLER-CUSHON,EMILY","4401","4.558442","4.467532","4.480519","4.493506","4.493151","4.575342","4.671233","4.657534","4.575342","4.616438"
"MILLER,ALEXANDER","4402","4.5625","4.25","4.5","4.375","4.6875","4.625","4.875","4.75","4.625","4.875"
"MILLER,AMBER LYNN","4403","4.307692","4.384615","4.384615","4.461538","4.307692","4.307692","4.576923","4.730769","4.423077","4.576923"
"MILLER,BLAKELEY K","4404","4.411765","4.411765","3.705882","4.294118","3.75","4.058824","4","4","3.9375","4.0625"
"MILLER,BRIAN","4405","4.744186","4.744186","4.744186","4.651163","5","4.930233","5","4.976744","4.976744","4.976744"
"MILLER,CHRISTINE W","4406","4.426966","4.213483","4.41573","4.325843","4.142857","4.040816","4.244898","4.142857","4.204082","4.285714"
"MILLER,COURTNEY","4407","","","","","","","","","",""
"MILLER,DAVID","4408","3.685714","3.742857","3.057143","4","3.333333","2.962963","3.62963","3.5","3.592593","3.777778"
"MILLER,DEBORAH LOUISE","4409","4.4","4.226667","4.04","4.346667","4.266667","4.452055","4.52","4.546667","4.426667","4.56"
"MILLER,GLORIA J","4410","4.096916","4.039648","4.299559","4.052863","4.030973","4.177778","4.283186","4.102222","4.070796","4.551111"
"MILLER,HANNAH E","4411","4.6","4.533333","4.333333","4.4","4.272727","4.181818","4.181818","4.181818","4.181818","4.181818"
"MILLER,JOLEEN CACCIATORE","4412","4.5","4.5","4.375","4.4375","4.6875","4.5","4.625","4.75","4.75","4.8125"
"MILLER,KRISTIN","4413","4.27972","4.265734","4.272727","4.328671","4.482517","4.587413","4.713287","4.713287","4.664336","4.741259"
"MILLER,LINNEA M","4414","2.625","2.4375","2.8125","2.3125","3.25","3.4375","3.4375","3.5","2.875","4.1875"
"MILLER,LISA SUE","4415","4.724138","4.689655","4.793103","4.655172","4.827586","4.862069","4.896552","4.896552","4.862069","4.965517"
"MILLER,SCOTT R","4416","5","4.5","4.75","4.75","4.5","4.5","5","4.75","4.75","4.75"
"MILLER,SEAN OWEN","4417","3.528302","3.603774","3.886792","3.509434","3.320755","3.45283","3.320755","3.45283","3.396226","4.188679"
"MILLER,STEPHEN ALBERT","4418","4.43318","4.396313","4.170507","4.382488","4.202765","4.373272","4.470046","4.695853","4.239631","4.723502"
"MILLER,STEVEN A E","4419","4.395349","4.302326","3.965116","4.27907","4.383721","4.337209","4.406977","4.55814","4.290698","4.837209"
"MILLER,STEVEN M","4420","4.153846","4.25641","3.717949","4.333333","4.179487","4.230769","4.205128","4.333333","4.410256","4.410256"
"MILLER,THOMAS BUCK","4421","4.339806","4.291262","4.281553","4.291262","4.368932","4.592233","4.61165","4.592233","4.61165","4.650485"
"MILLER,VANESSA","4422","4.923077","4.923077","4.923077","4.846154","4.615385","4.615385","4.615385","4.692308","4.692308","4.692308"
"MILLER,VICTORIA MAYNE","4423","4.217391","4.267081","4.118012","4.186335","4.354037","4.453416","4.583851","4.745342","4.273292","4.807453"
"MILLER,ZEA","4424","4.680162","4.62753","4.736842","4.603239","4.931174","4.898785","4.963563","4.923077","4.927126","4.97166"
"MILLETICH,TRISH","4425","4.666667","4.583333","4.666667","4.5","4.916667","4.916667","5","5","4.916667","5"
"MILLS,JON L","4426","4.310345","4.344828","4.413793","4.37931","4.517241","4.275862","4.586207","4.275862","4.206897","4.724138"
"MILLS,JOSHUA","4427","3.882353","4.058824","3.411765","4.117647","3.6875","3.4375","4","3.6875","4","4.705882"
"MILNER,ROWAN JAMES","4428","3.923729","3.908898","4.044492","3.944915","4.591981","4.422803","4.727059","4.541371","4.658019","4.766509"
"MINCHIN,EDWARD","4429","3.613793","3.496552","3.372414","3.706897","3.503448","3.615917","3.886207","4.093103","3.731034","4.234483"
"MINGLE,TAYLOR L","4430","4.333333","4.111111","4.555556","4.388889","4.722222","4.888889","5","4.833333","4.833333","4.833333"
"MINOTTI,BRADLEY J","4431","4.622222","4.466667","4.444444","4.555556","4.694444","4.6","4.771429","4.8","4.777778","4.777778"
"MINSAVAGE,JERI LYNN","4432","5","4.333333","5","3.666667","4.666667","4.333333","5","3.333333","3.666667","5"
"MINTEER,CAREY","4433","4.777778","4.555556","4.777778","4.666667","4.888889","5","5","5","5","5"
"MINTER,REBEKAH L","4434","4.75","4.65","4.7","4.8","4.7","4.65","4.8","4.8","4.8","4.8"
"MINTZ,JEFF","4435","4.416667","4.333333","4.5","4.5","4.833333","4.916667","4.833333","4.75","4.416667","5"
"MINTZ,LAURIE","4436","4.833333","4.745614","4.75","4.780702","4.951542","4.872247","4.960352","4.964758","4.960352","4.986784"
"MIR,MICHELA","4437","4.5625","4.5","4.625","4.4375","4.8125","4.75","4.875","4.875","4.75","4.9375"
"MIRANDA QUINTANA,RAMON ALAIN","4438","4.407407","4.388889","4.518519","4.240741","4.518519","4.37037","4.611111","4.62963","4.5","4.759259"
"MIRANDA,LICINIO","4439","4.16092","4.045977","4.172414","4.091954","4.139535","4.046512","4.267442","4.313953","4.197674","4.476744"
"MIRHOSSEINI,TANNAZ","4440","4.253968","4.15873","3.502646","4.312169","3.936306","4.203822","4.140127","4.280255","4.11465","4.184713"
"MIRO-HERRANS,AIDA T","4441","4.307692","4.307692","4.653846","4.230769","4.461538","4.038462","4.576923","4.076923","4","4.923077"
"MIRO,PABLO ESTEBAN","4442","4.257143","4.2","4","4.2","4.142857","4.2","4.485714","4.4","4.085714","4.628571"
"MISCIOSCIA,ERIN","4443","4.471111","4.448889","4.533333","4.475556","4.760181","4.714932","4.78733","4.683258","4.778281","4.791855"
"MISHRA,PRABHAT","4444","4.332117","4.291971","4.361314","4.270073","4.315018","4.351648","4.380952","4.666667","4.252747","4.787546"
"MISHRA,TANMAYA","4445","4.333333","4.333333","4.333333","4","4.666667","4.666667","4.666667","4.666667","4.666667","4.666667"
"MISON,MICHAEL B","4446","4.453333","4.373333","4.386667","4.386667","4.454545","4.55","4.636364","4.571429","4.590909","4.590909"
"MITCHELL,BRIAN S","4447","3.704545","3.727273","3.840909","3.636364","4.113636","4.318182","4.386364","4.454545","4.386364","3.977273"
"MITCHELL,BRITTAN L","4448","4.785714","4.75","4.75","4.642857","4.857143","4.892857","4.964286","5","4.928571","5"
"MITCHELL,CHARLIE","4449","4.052298","3.901743","3.973059","4.081616","4.396511","4.108626","4.537302","4.515848","4.578113","4.804762"
"MITCHELL,CLAUDIA CATHERINE","4450","4.534884","4.488372","4.5","4.453488","4.639535","4.744186","4.767442","4.767442","4.732558","4.790698"
"MITCHELL,EVAN","4451","4.722222","4.592593","4.777778","4.611111","4.814815","4.944444","4.759259","4.888889","4.833333","4.833333"
"MITCHELL,GORDON S","4452","5","4.833333","5","4.833333","5","5","5","4.833333","5","5"
"MITCHELL,MIHANA SAMANTHA","4453","4.066667","4.2","4.266667","4","4.466667","4.533333","4.633333","4.4","4.433333","4.7"
"MITROKA,JAMES","4454","4.333333","4.333333","4.066667","4.533333","4.555556","4.333333","4.555556","4.666667","4.666667","4.666667"
"MITSON,RENEE ROSA","4455","4.348837","4.232558","4.023256","4.255814","4.261905","4.325581","4.44186","4.372093","4.325581","4.511628"
"MITTERER,DENNIS","4456","4.15142","4.126183","3.993691","4.15142","4.14557","4.435331","4.370253","4.457143","4.208861","4.302839"
"MITTERER,HEATHER ELIZABETH","4457","4.333333","4.166667","4.833333","4.5","4.5","4.666667","4.666667","4.666667","4.333333","4.666667"
"MIYAMOTO,MICHAEL MASAO","4458","3","4","4","5","5","5","5","5","5","5"
"MKRTCHYAN,ALEKSANDR","4459","4.313559","4.262712","4.084746","4.355932","3.93913","4.096491","4.114035","4.243478","4.061404","4.122807"
"MKUU,RAHMA S","4460","4.636364","4.454545","4","4.818182","4.818182","4.727273","4.818182","4.818182","4.727273","4.818182"
"MLINKO,ANGE","4461","4.621622","4.513514","4.72973","4.675676","4.540541","4.486486","4.081081","4.675676","4.648649","4.837838"
"MOBLEY,AMY ROSSI","4462","4.466667","4.346667","4.053333","4.4","4.586667","4.586667","4.666667","4.693333","4.586667","4.76"
"MOBLEY,ERIN M","4463","4.75","4.625","4.75","4.75","4.875","4.875","4.875","4.875","4.875","4.875"
"MOBLEY,STACEY","4464","4.758033","4.619016","4.559344","4.654426","4.869993","4.671485","4.950098","4.704068","4.845699","4.97569"
"MOBLEY,WILLIAM CARY","4465","4.490078","4.446937","4.459016","4.456428","4.695164","4.69025","4.747196","4.725626","4.67472","4.795513"
"MOCKO,MEGAN E","4466","4.08238","4.112891","3.831045","4.080473","4.266998","4.320214","4.425239","4.546881","4.325182","4.469645"
"MODERIE,JULIA APRIL","4467","4.692308","4.769231","4.615385","4.538462","4.615385","4.307692","4.846154","4.769231","4.615385","4.923077"
"MODJARRAD,LINA SHARGHI","4468","4.513514","4.405405","4.216216","4.324324","4.361111","4.694444","4.555556","4.666667","4.444444","4.611111"
"MODRAK,CASSANDRA GRACE","4469","4.230769","3.846154","4","4.076923","3.538462","4","3.923077","4.307692","3.538462","4.153846"
"MOEHLE,MARK S","4470","4.336364","4.263636","4.354545","4.245455","4.575758","4.547368","4.616162","4.608247","4.59596","4.636364"
"MOELLER,SARAH R","4471","3.480263","3.565789","3.657895","3.769737","3.622517","3.668874","3.946667","4.033113","3.92","4.206667"
"MOENCH,SARAH L","4472","4.5","4.5","4.5","4.5","5","5","5","5","5","5"
"MOFFETT,KRISTIN","4473","4.133333","3.9","4.1","4.033333","4.266667","4.033333","4.4","4.266667","4.3","4.533333"
"MOGHADDAM,SAEED","4474","4.448276","4.528736","4.310345","4.471264","4.616279","4.5","4.697674","4.697674","4.616279","4.767442"
"MOHAMAAD,AYUNI INA","4475","4.475","4.475","4.475","4.55","4.512821","4.666667","4.692308","4.74359","4.615385","4.666667"
"MOHIUDDIN,YASMIN","4476","4.6","4.466667","3.933333","4.6","3.866667","3.6","4.266667","4","4.266667","4.066667"
"MOHR,ANNA LEIGH","4477","4.054545","4.081818","3.890909","4.027273","3.640449","3.647727","4.011364","4.125","3.865169","4.101124"
"MOHSENI V,ANA PAULA","4478","4.43469","4.447537","4.261242","4.43469","4.43133","4.221505","4.592275","4.517167","4.450644","4.7897"
"MOHSENI,KAMRAN","4479","3.504762","3.747619","3.147619","3.885714","2.904762","2.947115","3.019048","3.795238","2.985714","4.038095"
"MOISE,MILT A","4480","4.363636","4","4.454545","4.545455","4.454545","4.454545","4.818182","4.454545","4.545455","4.818182"
"MOJABI,ZAHRA SADAT","4481","5","4.75","4.875","4.875","4.5","4.75","4.875","4.75","4.375","4.625"
"MOLEN,JENNA R","4482","4.47619","4.452381","4.547619","4.428571","4.666667","4.642857","4.761905","4.833333","4.809524","4.833333"
"MOLIERE,J","4483","3.676976","3.697595","3.123711","4","3.528777","3.717391","3.920863","4.032374","3.956835","3.971119"
"MOLINA,ANDRES","4484","4.222222","4.166667","4.333333","4","4.636364","4.727273","4.818182","4.727273","4.583333","4.636364"
"MOLINA,M. YADIRA","4485","4.514286","4.428571","4.342857","4.657143","4.461538","4.518519","4.666667","4.555556","4.538462","4.592593"
"MOLK,PETER","4486","4.64","4.6","4.66","4.53","4.818182","4.561224","4.78","4.767677","4.676768","4.78"
"MOLLENTHIEL,JULIA M","4487","4.854701","4.794872","4.863248","4.803419","4.846154","4.837607","4.948718","4.888889","4.863248","4.982906"
"MOLLON,ERICA MARIE","4488","4.625","4.75","4.75","4.375","4.875","4.875","5","4.875","4.875","5"
"MOLSTAD,AARON J","4489","4.318182","4.318182","4.227273","4.227273","4.409091","4.318182","4.5","4.409091","4.318182","4.681818"
"MONACO,MARTINA","4490","3.747573","3.737864","3.378641","4.029126","2.550562","2.741573","2.617978","3.157303","2.825843","3.151685"
"MONAHAN,KATHLEEN NORA","4491","4.446809","4.319149","4.468085","4.340426","4.638298","4.553191","4.744681","4.659574","4.702128","4.893617"
"MONDSHEIN,KRISTEN","4492","4.25","4.25","4.083333","4.25","4.25","4.333333","4.583333","4.333333","4.416667","4.583333"
"MONGUE,ANDREW","4493","4.066667","4.133333","4.4","4.2","4.666667","4.466667","4.6","4.733333","4.666667","4.666667"
"MONITO,LINDSEY","4494","4.390977","4.315789","4.007519","4.428571","4.317757","4.420561","4.457944","4.551402","4.457944","4.495327"
"MONK,DON","4495","4.413913","4.295652","4.412174","4.316522","4.18087","4.241739","4.58087","4.61913","4.274783","4.789565"
"MONK,JUDI SHADE","4496","4.484277","4.358491","4.207547","4.352201","4.628931","4.371069","4.779874","4.54717","4.603774","4.918239"
"MONREAL,MYRA ANTOINETTE","4497","4.25","4","4.25","4.75","4.75","4.875","4.875","4.875","4.5","4.75"
"MONTALBANO,CHRISTINA","4498","4.453659","4.414634","4.521951","4.443902","4.69","4.645","4.73","4.645","4.73","4.735"
"MONTALVO,LUIS DANIEL","4499","4.533333","4.666667","4.666667","4.466667","4.333333","4.4","4.533333","4.333333","4.066667","4.6"
"MONTANS,FRANCISCO JAVIER","4500","3.888889","3.666667","3.444444","4","3.444444","3.555556","3.666667","3.111111","3.666667","4.111111"
"MONTAZERI,NAIM","4501","4.444444","4.191358","4.296296","4.345679","4.351852","4.242236","4.530864","4.580247","4.376543","4.746914"
"MONTEIRO,ALECIA","4502","4.166667","4.222222","3.777778","4.222222","4.166667","4.444444","4.444444","4.444444","4.277778","4.388889"
"MONTEIRO,PEDRO","4503","4.550898","4.479042","4.646707","4.419162","4.655405","4.587838","4.716216","4.655405","4.594595","4.75"
"MONTERO,NILKA","4504","4.705882","4.588235","4.823529","4.764706","4.823529","4.882353","4.941176","4.882353","4.882353","4.941176"
"MONTGOMERY OROZCO,KERRIE A","4505","4.6875","4.583333","4.3125","4.583333","4.541667","4.729167","4.666667","4.666667","4.416667","4.6875"
"MONTGOMERY,MEREDITH L","4506","4.58011","4.486188","4.552486","4.58011","4.435583","4.509202","4.380368","4.595092","4.515337","4.723926"
"MONTILLA,MELISSA JASMINE","4507","4.772727","4.590909","4.909091","4.681818","4.863636","4.863636","5","4.909091","4.863636","5"
"MONTOYA,MICHAEL A","4508","4.690265","4.672566","4.654867","4.548673","4.598214","4.4375","4.821429","4.25","4.410714","4.839286"
"MOODY,MARY ELIZABETH","4509","4.391304","4.326087","3.826087","4.347826","4.152174","4.26087","4.565217","4.434783","4.391304","4.456522"
"MOON,JAEYUN","4510","3.676056","3.746479","3.450704","3.859155","3.295775","3.577465","3.71831","4.28169","3.394366","4.225352"
"MOON,JOSHUA","4511","4.302326","4.27907","4.209302","4.209302","4.511628","4.434109","4.496124","4.565891","4.542636","4.55814"
"MOON,WON KI","4512","4.317757","4.327103","4.401869","4.35514","4.299065","4.392523","4.64486","4.654206","4.383178","4.654206"
"MOONAH,SHANNON","4513","4.261905","4.142857","4.130952","4.107143","4.226667","4.135135","4.2","4.162162","4.226667","4.24"
"MOOR,JORDAN T","4514","4.391304","4.26087","3.869565","4.391304","4.181818","4.363636","4.409091","4.727273","4.409091","4.136364"
"MOORE,ALLISON","4515","3.555556","3.555556","3.644444","3.711111","3.333333","3.311111","3.866667","3.244444","3.2","4.2"
"MOORE,AMBER RUTH","4516","3.904762","3.833333","4.309524","4","4.435897","4.461538","4.564103","4.487179","4.461538","4.538462"
"MOORE,ASHLEY G","4517","4.411765","4.470588","4.647059","4.411765","4.882353","4.823529","4.823529","4.882353","4.882353","4.882353"
"MOORE,BRET A","4518","4.646825","4.547619","4.611111","4.603175","4.705202","4.598837","4.710983","4.705202","4.739884","4.768786"
"MOORE,CAMERON","4519","5","5","5","5","5","5","5","5","5","5"
"MOORE,CHARLOTTE A","4520","4.462963","4.259259","4.407407","4.5","4.518519","4.796296","4.796296","4.796296","4.592593","4.759259"
"MOORE,DON","4521","4.52","4.42","4.55","4.21","4.65","4.77","4.717172","4.62","4.49","4.69"
"MOORE,JULIE M","4522","3.201183","3.372781","3.769231","3.313609","3.88024","3.982036","4.203593","4.245509","3.874251","4.491018"
"MOORE,KELLY N","4523","4.058824","3.705882","4.176471","4.117647","2.6","3.4","3.4","3.6","2.8","3.4"
"MOORE,KIMBERLY","4524","4.534884","4.525581","4.186047","4.576744","4.473684","4.641148","4.655502","4.722488","4.617225","4.682692"
"MOORE,MANDY ELIZABETH","4525","4.376471","4.388235","4.494118","4.376471","4.8","4.811765","4.847059","4.858824","4.870588","4.870588"
"MOORE,NATHAN","4526","4.9","4.9","4.9","4.9","5","4.9","5","4.9","5","5"
"MOORE,PORCHIA","4527","4.72","4.64","4.76","4.68","4.84","4.66","4.9","4.72","4.72","4.94"
"MOORE,ROB","4528","4.330189","4.377358","4.349057","4.367925","4.40566","4.603774","4.462264","4.609524","4.443396","4.622642"
"MOORE,ROBERT C","4529","4.582677","4.527559","4.425197","4.503937","4.559055","4.393701","4.740157","4.606299","4.393701","4.897638"
"MOORE,RYAN","4530","4.433333","4.4","4.6","4.733333","4.566667","4.166667","4.433333","3.9","4.566667","4.6"
"MOORHOUSE,MICHAEL D","4531","4.718699","4.720325","4.731707","4.686179","4.88907","4.833605","4.902121","4.918434","4.920065","4.921697"
"MORAIS,SARAH BERRIE","4532","4.402235","4.357542","4.396648","4.273743","4.625698","4.636872","4.735955","4.730337","4.696629","4.735955"
"MORALES GINER,MARIA DEL PILAR","4533","4.4","4.36","3.92","4.42","3.96","4.36","4.4","4.58","4.16","4.32"
"MORALES MITE,MANUEL ANTONIO","4534","4.043478","4.086957","3.73913","4.347826","3.826087","3.521739","4.086957","3.695652","3.695652","4.130435"
"MORALES,NIA","4535","4.675926","4.657407","4.740741","4.601852","4.861111","4.861111","4.916667","4.907407","4.935185","4.916667"
"MORAN,CHRIS","4536","5","4","5","5","4","5","5","5","4.5","5"
"MORAN,DANNI","4537","4.833333","4.566667","4.7","4.6","4.125","4.25","4.25","4.25","4.25","4.375"
"MORASKI,BRYON J","4538","4.686047","4.569767","4.709302","4.662791","4.755814","4.616279","4.732558","4.825581","4.662791","4.906977"
"MORDECAI,MEREDITH CHANDLER","4539","4.603448","4.603448","4.586207","4.534483","4.741379","4.87931","4.827586","4.87931","4.810345","4.810345"
"MOREAU,DANIELLE","4540","4.392593","4.333333","4.296296","4.414815","3.909091","4.109091","4.245455","4.245455","4.136364","4.327273"
"MOREAU,ELIZABETH DUERMIT","4541","4.157895","3.868421","4.289474","4.184211","4.394737","4.421053","4.631579","4.605263","4.552632","4.842105"
"MORELAND,GREGORY E","4542","4.488","4.36","4.664","4.464","4.568","4.304","4.832","4.728","4.712","4.92"
"MORENO,CAMILA","4543","3.268293","3.195122","3.829268","3.634146","3.615385","4.205128","4.102564","4.358974","3.974359","4.153846"
"MORETTI,TERRANCE JOSEPH","4544","4.444444","4.333333","4.388889","4.444444","4.388889","4.333333","4.444444","4.333333","4.5","4.388889"
"MORGAN-DANIEL,JANE","4545","4","3.6","4","4","4","4.2","4.2","4.6","4.2","4.4"
"MORGAN,CAROL","4546","3.862069","4","3.758621","3.896552","3.758621","4.172414","4","4.172414","3.862069","4.103448"
"MORGAN,CAROLINE W","4547","4.428571","4.142857","4.535714","4.5","4.777778","4.703704","4.888889","4.814815","4.814815","4.777778"
"MORGAN,KATHERINE AMELIA","4548","4.327273","4.145455","4.6","4.345455","4.672727","4.781818","4.836364","4.781818","4.763636","4.818182"
"MORGAN,KELLY TINDEL","4549","4.44","4.48","4.08","4.52","4.36","4.6","4.48","4.64","4.24","4.4"
"MORGAN,MATT","4550","4.894737","4.815789","4.894737","4.763158","5","4.973684","4.947368","4.894737","4.947368","4.947368"
"MORGAN,PATRICIA L","4551","4.518519","4.37037","4.37037","4.333333","4.62963","4.703704","4.740741","4.777778","4.703704","4.851852"
"MORGAN,SIAN","4552","4.664319","4.556338","4.577465","4.568075","4.697183","4.548235","4.765258","4.725352","4.774648","4.838028"
"MORIN,LISA E","4553","4.25","4.25","4","4.25","4.75","4.75","4.75","4.75","4.75","4.75"
"MORLAND,KELLIE D","4554","3.428571","3.714286","3.285714","4.142857","3.714286","3.142857","3.857143","3.428571","4.142857","4.142857"
"MOROCO,LAURIE JONA","4555","3.933333","3.866667","3.4","3.8","3.466667","4.266667","4.066667","3.933333","3.533333","3.933333"
"MOROZ,LEONID L","4556","4.230769","3.846154","4.153846","4.269231","4.368421","4.368421","4.368421","4.368421","4.421053","4.368421"
"MORRIS,ASHIRA L","4557","4.65","4.55","4.7","4.6","4.85","4.8","4.95","4.95","4.9","4.85"
"MORRIS,DYLAN CHRISTOPHER","4558","4.5","4.464286","4.464286","4.428571","4.607143","4.714286","4.75","4.785714","4.714286","4.821429"
"MORRIS,EARL JULIAN","4559","4.300518","4.300518","4.352332","4.264249","4.53886","4.601036","4.601036","4.626943","4.554404","4.61658"
"MORRIS,TAYLOR","4560","4.441176","4.382353","4.75","4.25","4.632353","4.686567","4.731343","4.720588","4.485294","4.926471"
"MORRISON,ELISE S","4561","4.627451","4.529412","4.607843","4.372549","4.784314","4.627451","4.843137","4.784314","4.862745","4.901961"
"MORRISROE,JULIA M","4562","4.642857","4.619048","4.690476","4.452381","4.761905","4.595238","4.690476","4.785714","4.738095","4.880952"
"MORROW,BECKY L","4563","4.666667","4.533333","4.233333","4.666667","4.521739","4.565217","4.652174","4.652174","4.608696","4.73913"
"MORROW,CONNOR FURMAN","4564","3.592391","3.625","3.035326","3.752717","3.591346","3.706731","3.923077","4.024038","3.716346","3.980769"
"MORTIMER,BRENDA L","4565","4.514286","4.228571","4.171429","4.314286","4.25","4.5","4.5","4.5","4.5","4.75"
"MORTON PADOVANO,CYNTHIA R","4566","4.2","4.18","4.5","4.12","4.16","4.26","4.58","4.08","4.12","4.78"
"MORTON,ALISON JANE","4567","4.680851","4.702128","4.744681","4.723404","4.725","4.725","4.725","4.625","4.7","4.725"
"MORTON,JOSEPH","4568","4.666667","4.6","4.466667","4.533333","4.8","4.8","4.866667","4.733333","4.866667","4.933333"
"MOSER,EMILY KATHERINE","4569","4.557692","4.596154","4.538462","4.461538","4.75","4.7","4.730769","4.826923","4.75","4.788462"
"MOSES,HOLLY T","4570","4.374532","4.337079","4.265918","4.344569","4.398496","4.300752","4.609023","4.612782","4.590226","4.770677"
"MOSES,LOGAN GAGE","4571","4.388889","4.277778","4.444444","4.333333","4.444444","4.444444","4.833333","4.5","4.722222","4.833333"
"MOSLEY,ARRENDO MILAN","4572","4.1","4.25","3.9","4.15","3.675","3.575","4.25641","3.7","4.025","3.925"
"MOSLEY,IMANI","4573","4.567568","4.472973","4.608108","4.378378","4.743243","4.432432","4.797297","4.662162","4.72973","4.864865"
"MOSORE,MBA-TIHSSOMMAH","4574","4.5","4.357143","4.5","4.285714","3.928571","3.928571","4.357143","4.142857","3.857143","4.071429"
"MOSS,AMBER BRISA","4575","4.371069","4.163522","4.522013","4.245283","4.371212","4.416667","4.515152","4.522727","4.545455","4.689394"
"MOSS,AUSTIN E","4576","4.548673","4.59292","4.221239","4.451327","4.327434","4.362832","4.530973","4.637168","4.283186","4.619469"
"MOSS,CHARLES BRITT","4577","4.413793","4.413793","4.517241","4.413793","4.482759","4.482759","4.655172","4.689655","4.310345","4.689655"
"MOSS,CHELSEA ELIZABETH","4578","4.317073","4.390244","4.463415","4.292683","4.658537","4.560976","4.756098","4.731707","4.634146","4.926829"
"MOSS,RON","4579","4.107143","4.059524","3.5","4.22619","3.904762","3.988095","4.130952","4.369048","4.178571","4.071429"
"MOSSA,JOANN","4580","4.09375","4","4.28125","4.09375","4.34375","4.5625","4.53125","4.625","4.34375","4.59375"
"MOTAMEDI,SANAZ","4581","3.743802","3.859504","3.809917","3.971074","3.31405","3.566116","3.826446","3.85124","3.318182","4.18595"
"MOTKA,JAY GAURANGKUMAR","4582","3.978261","4.086957","3.543478","3.956522","3.73913","3.956522","4.108696","4.326087","3.673913","4.456522"
"MOTT,JOCELYN","4583","4.576602","4.537604","4.470752","4.520891","4.608889","4.524444","4.635556","4.564444","4.644444","4.706667"
"MOTT,JOSHUA AARON","4584","4.115942","3.956522","3.434783","4.130435","3.695652","3.927536","4.15942","4.275362","4","4.130435"
"MOTT,ZACHARY ALEXANDER","4585","4.371951","4.304878","4.695122","4.268293","4.676829","4.79878","4.896341","4.835366","4.768293","4.932927"
"MOTYCKA,CAROL ANNE","4586","4.821429","4.821429","4.821429","4.821429","4.84","4.84","4.84","4.84","4.84","4.88"
"MOU,DE-FEN","4587","4","4","4.5","4.5","4.25","4.25","4.75","4.75","4.25","4.75"
"MOU,YUHAN","4588","4.604651","4.546512","4.395349","4.627907","4.790698","4.77907","4.825581","4.883721","4.744186","4.790698"
"MOU,ZHONGLIN","4589","3.866109","3.799163","3.594142","3.970711","3.740586","3.899582","4.117155","4.32636","3.857741","4.359833"
"MOUDGIL,BRIJ M","4590","3.628571","3.6","3.742857","3.857143","3.114286","3.457143","3.742857","4","2.942857","4.514286"
"MOULTON,MICHAEL P","4591","4.309591","4.260226","4.021509","4.371298","4.373187","4.35517","4.548478","4.585633","4.559094","4.597807"
"MOUSA,BRUCE E","4592","4.700855","4.700855","4.461538","4.632479","4.709402","4.91453","4.786325","4.846154","4.760684","4.777778"
"MOWCHUN,TREVOR","4593","4.275","4.15","4.45","4.125","4.425","4.35","4.425","4.475","4.325","4.85"
"MOZLIN,MICHELLE ALEXANDRIA","4594","4.357143","4.357143","4.557143","4.257143","4.814286","4.857143","4.957143","4.9","4.828571","4.971429"
"MUCCI,JULIANA KATHERYN","4595","4.577586","4.474138","4.586207","4.577586","4.801724","4.818966","4.922414","4.896552","4.913793","4.956897"
"MUCHIRA,JOHN MUNYUI","4596","4.444444","4.222222","4.555556","4.555556","4.444444","4.444444","4.444444","4.333333","4.111111","5"
"MUELLER,PAUL A","4597","4.666667","4.666667","4.666667","4.666667","5","5","5","5","5","5"
"MUELLER,SOPHIA KATARINA","4598","4.428571","4.214286","4.5","4.428571","4.714286","4.642857","4.714286","4.857143","4.642857","4.928571"
"MUIR,CARLY S","4599","4.115385","4.230769","3.730769","4","4.346154","4.307692","4.538462","4.538462","4.346154","4.346154"
"MUKHERJEE,ADITI","4600","4.455844","4.380519","3.914286","4.363636","4.33724","4.444589","4.596354","4.648438","4.578125","4.674479"
"MUKHERJEE,SANSTHITA","4601","3.823529","3.823529","3.705882","4.058824","3.647059","3.823529","4","4","4.176471","4"
"MUKHOPADHYAY,AVI NAVA","4602","4.160991","4.185759","3.458204","4.179567","4.134058","4.282609","4.322464","4.394928","4.32","4.293478"
"MULAY,PRAJAKATTA","4603","4.103093","3.896907","3.731959","4.020619","3.917526","3.886598","4.278351","4.381443","4.072165","4.474227"
"MULKEY,STEPHEN SHAWHAN","4604","4.315126","4.315126","4.063025","4.285714","4.295359","4.298319","4.294118","4.584034","4.378151","4.827731"
"MULLALLY,CONNER CODLING","4605","4.315789","4.353383","4.120301","4.315789","4.466165","4.526718","4.488722","4.699248","4.496241","4.518797"
"MULLEN,JASON","4606","4.09434","4.084906","4.216981","4.235849","4.330189","4.59434","4.660377","4.679245","4.5","4.707547"
"MULLEN,TINA","4607","4.629032","4.580645","4.467742","4.596774","4.672131","4.704918","4.770492","4.803279","4.741935","4.737705"
"MULLENS,ESTHER DANIELLE","4608","4.03","4.03","4.12","4.05","4.21","4.2","4.34","4.51","4.22","4.79"
"MULLENS,NOAH D","4609","4.5","4.481132","4.537736","4.5","4.641509","4.641509","4.650943","4.641509","4.669811","4.754717"
"MULLENS,STEPHEN","4610","4.557377","4.418033","4.639344","4.5","4.778689","4.721311","4.860656","4.803279","4.672131","4.909836"
"MULLER,DIANA C","4611","4.553398","4.315534","4.082524","4.5","4.669903","4.694175","4.796117","4.786408","4.708738","4.815534"
"MULLIGAN,CONNIE J","4612","4.404624","4.352601","4.583815","4.300578","4.462428","4.630058","4.66474","4.722543","4.612717","4.780347"
"MULLIGAN,JENNIFER KONOPA","4613","3.833333","3.666667","3.944444","4.166667","4.25","4.0625","4.176471","4.3125","4.352941","4.588235"
"MULROONEY,LAURA COLE","4614","3.811594","3.782609","3.463768","4.101449","4.02381","4.071429","4.119048","4.071429","4.119048","4.095238"
"MULVEY,MARISA ELEANOR","4615","4.25","4.204545","3.954545","4.295455","4.386364","4.5","4.681818","4.772727","4.431818","4.386364"
"MUNCH,KEVIN JAMES","4616","4.5","4.625","4.625","4.25","4.875","4.9375","4.9375","4.9375","4.625","4.8125"
"MUNDORF,JON","4617","4.805556","4.75","4.861111","4.805556","4.916667","4.833333","5","4.944444","4.916667","5"
"MUNEEPEERAKUL,RACHATA","4618","4.395349","4.302326","4.44186","4.255814","4.641026","4.6","4.846154","4.55","4.794872","4.846154"
"MUNGER,STEVEN D","4619","4.464286","4.392857","4.035714","4.428571","4.416667","4.25","4.541667","4.333333","4.375","4.478261"
"MUNOKO,IVY","4620","4.275362","4.21256","4.497585","4.140097","4.444444","4.642512","4.695652","4.708738","4.352657","4.830918"
"MUNOZ DEL VALLE,PATRICIO RICARDO","4621","4.648649","4.567568","4.621622","4.63964","4.738739","4.738739","4.801802","4.792793","4.792793","4.810811"
"MUNOZ GOMEZ,ANDRES FELIPE","4622","4.355263","4.381579","4.486842","4.328947","4.447368","4.592105","4.539474","4.763158","4.407895","4.710526"
"MUNOZ MANTAS,ENRIQUE","4623","4.285714","4.107143","3.821429","4.142857","4.357143","4.857143","4.857143","4.892857","4.642857","4.857143"
"MUNOZ-CARPENA,RAFAEL","4624","4.066667","4.019048","4.104762","3.990476","3.952381","3.761905","4.095238","4.257143","3.780952","4.714286"
"MUNOZ,MARIA VICTORIA","4625","4.361702","4.255319","4.659574","4.212766","4.765957","4.659574","4.93617","4.808511","4.744681","4.893617"
"MUNOZ,OLGA","4626","2.628571","2.571429","2.942857","3.171429","2.685714","3.142857","2.971429","3.342857","2.571429","3.485714"
"MUNSON,ADAM BURTON","4627","4.181773","4.160971","3.930659","4.157008","4.233747","4.347395","4.469246","4.544147","4.297123","4.55528"
"MUNSON,MELISSA SUE","4628","4.304965","4.205674","3.510638","4.375887","4","4.146341","4.227642","4.292683","4.227642","4.241935"
"MUNZ,BETH","4629","4.652174","4.608696","4.565217","4.608696","4.73913","4.695652","4.782609","4.782609","4.782609","4.869565"
"MURAKAMI,BRANDON HISANOBU","4630","4.627451","4.598039","4.598039","4.480392","4.803922","4.901961","4.931373","4.931373","4.852941","4.852941"
"MURALI,PRATHIK","4631","3.988889","4.022222","4.311111","4.033333","4.741573","4.764045","4.853933","4.786517","4.842697","4.853933"
"MURCHEK,JOHN M","4632","4.42029","4.347826","4.57971","4.536232","4.492754","3.869565","4.73913","4.362319","4.521739","4.898551"
"MURFEE III,WALTER LEE","4633","4.512195","4.371951","4.371951","4.085366","4.170732","4.262195","4.603659","4.359756","4.146341","4.853659"
"MURIE,DEBRA JEAN","4634","4.609023","4.323308","4.18797","4.526316","4.714286","4.75188","4.714286","4.781955","4.789474","4.796992"
"MURILLO LAFUENTE,IBLIN EDELWEISS","4635","4.261682","4.186916","4.364486","4.308411","4.317757","4.523364","4.672897","4.635514","4.364486","4.766355"
"MURPHY,IAN","4636","4.285714","4.346939","3.326531","4.346939","3.979592","4.244898","4.183673","4.673469","4.270833","4.326531"
"MURPHY,JOHN K","4637","4.4","4.375","4.275","4.4","4.65","4.775","4.75","4.775","4.75","4.7"
"MURPHY,SPENCER","4638","4.422535","4.34507","3.929577","4.464789","4.239437","4.415493","4.521127","4.605634","4.457746","4.485915"
"MURPHY,SUZANNE M","4639","4.754941","4.70751","4.644269","4.703557","4.869048","4.897233","4.897233","4.901186","4.865613","4.936759"
"MURPHY,THOMAS HERMAN","4640","3.728205","3.723077","3.215385","3.758974","3.777778","3.833333","3.944444","3.960317","3.929134","4.031496"
"MURRAY,LESLIE JUSTIN","4641","4.460526","4.552632","4.302632","4.421053","4.315789","4.342105","4.578947","4.605263","3.986842","4.881579"
"MURRAY,TIMOTHY E","4642","3.478976","3.583181","3.224863","3.482633","3.283883","3.586592","3.888278","3.818349","3.679487","4.282051"
"MURRELL,OCQUA GERLYN","4643","4.326531","4.285714","4.510204","4.397959","4.295918","4.183673","4.510204","4.377551","4.408163","4.744898"
"MURTHA,TIMOTHY M","4644","3.775","3.775","3.825","3.625","4.3","4.375","4.4","4.45","4.375","4.6"
"MUSCATO,ANNIE FERGUSON","4645","4.328947","4.381579","4.236842","4.447368","4.452055","4.589041","4.684932","4.616438","4.589041","4.657534"
"MUSGRAVE,PATRICK","4646","4.358209","4.38806","4.014925","4.373134","4.358209","4.283582","4.41791","4.567164","4.477612","4.597015"
"MUSGROVE,JOSEPH L","4647","4.2","4.5","4.6","4.4","4.8","4.8","4.8","4.8","4.8","4.8"
"MUSOLINO,DR. GINA MARIA R","4648","3.037037","3.111111","3.37963","3.157407","2.176471","2.647059","2.22549","2.823529","2.264706","3.539216"
"MUSSELWHITE,NICK","4649","4.318408","4.21393","3.402985","4.323383","4.088435","4.22973","4.278912","4.22449","4.319444","4.304054"
"MUSTAPHA,KARIOLA KEHINDE","4650","4.073171","4.097561","4.146341","3.902439","4.170732","4.04878","4.536585","4.439024","4.04878","4.585366"
"MUSZYNSKI,LARRY C","4651","4.47","4.405","4.4","4.405","4.733333","4.666667","4.757732","4.726804","4.723077","4.794872"
"MUTAHI,TERESA","4652","3.042484","3.277778","2.794118","3.251634","2.955932","3.2","3.379661","3.477966","3.294915","3.589831"
"MUTCHNICK,SYDNEY","4653","4.285714","4.285714","4.285714","4.357143","4.714286","4.857143","4.857143","4.714286","4.785714","4.642857"
"MUTHOMI,PURITY KENDI","4654","4.5","4.666667","4.666667","4.5","5","4.8","5","5","5","5"
"MUTTALIB,KHANDKER A","4655","3.990385","4.028846","3.615385","4.057692","3.854167","4.03125","4.177083","4.263158","3.927083","4.260417"
"MYAT,A","4656","3.227273","3.386364","4.022727","3.318182","3.886364","4.227273","4.25","4.454545","4.022727","4.318182"
"MYERS,BRIAN E","4657","4.210526","4.052632","4.052632","4.105263","4.555556","4.444444","4.666667","4.555556","4.611111","4.777778"
"MYERS,CHRISTINE T","4658","4.409867","4.388994","4.483871","4.343454","4.686747","4.7249","4.763052","4.779116","4.710843","4.785141"
"MYLAVARAPU,RAO","4659","3.722222","3.444444","3.722222","4.111111","3.333333","3.444444","3.944444","4.055556","3.555556","4.333333"
"MYSLICKI,SARVENAZ","4660","4.466667","4.328571","4.142857","4.390476","4.339713","4.454545","4.652381","4.609524","4.559809","4.728571"
"NADAKUDUTI,SATYA SWATHI","4661","4.383178","4.233645","4.46729","4.327103","4.757009","4.663551","4.785047","4.719626","4.672897","4.897196"
"NADIM,NEDA","4662","3.892857","3.857143","3.5","3.75","3.851852","4.111111","3.925926","3.888889","3.814815","3.851852"
"NAGARAJ,EASHWAR","4663","4.964286","4.821429","4.785714","4.892857","4.892857","4.928571","4.964286","5","4.857143","4.964286"
"NAGPAL,PAYAL","4664","4.642857","4.607143","4.714286","4.607143","4.75","4.75","4.857143","4.857143","4.785714","4.928571"
"NAGY,DIANA KAROL","4665","4.188172","4.129032","3.827957","4.215054","4.134409","4.38172","4.327957","4.489247","4.327957","4.306452"
"NAGY,EDIT","4666","4.545455","4.428571","4.636364","4.506494","4.597403","4.363636","4.649351","4.675325","4.467532","4.974026"
"NAH,SEUNGAHN","4667","4.9","5","5","4.9","5","5","5","5","5","5"
"NAJAFI,FAZIL T","4668","4.198895","4.049724","4.088398","4.143646","4.016575","4.19337","4.546961","4.444444","4.066298","4.856354"
"NAJLE,LUCAS E","4669","4.727273","4.727273","4.545455","4.727273","4.727273","4.909091","5","4.909091","4.818182","5"
"NAKAMURA,MEGAN","4670","4.534884","4.395349","4.581395","4.418605","4.55814","4.511628","4.744186","4.674419","4.604651","4.674419"
"NALES,JENNA L","4671","4.705882","4.470588","4.647059","4.588235","4.882353","4.875","5","5","5","5"
"NALL,MICKEY G","4672","4.632558","4.590698","4.637209","4.534884","4.766355","4.799065","4.851163","4.860465","4.730233","4.92093"
"NAM,JASON","4673","3.037037","3.166667","2.916667","3.518519","2.761905","3","2.926829","3.238095","2.902439","3.390244"
"NANCE-RICHEY,REBECCA","4674","","","","","","","","","",""
"NAPOLI,NICHOLAS","4675","4.064103","4.119658","3.893162","4.055556","3.628205","3.681034","4.094017","3.773504","3.564103","4.602564"
"NAPPY,MEREDITH","4676","4.205607","4.196262","3.859813","4.261682","3.925234","4.149533","4.514019","4.345794","4.140187","4.53271"
"NARANJO,ANDY","4677","4.26484","4.228311","4.210046","4.173516","4.219178","4.474886","4.447489","4.579909","4.310502","4.56621"
"NARANJO,ARLENE","4678","4","4","4","4.181818","4.181818","4.363636","4.454545","4.454545","4.363636","4.454545"
"NARANJO,CINDY J","4679","4.594595","4.459459","4.432432","4.432432","4.944444","4.891892","4.944444","4.918919","4.888889","4.972222"
"NARAYAN,SATYA","4680","4.036364","3.736364","3.581818","4.136364","4.194444","4.083333","4.148148","4.277778","4.111111","4.37963"
"NARAYANAN,AMAL","4681","4.555556","4.481481","4.555556","4.62963","4.777778","4.740741","4.888889","4.851852","4.740741","4.962963"
"NARAYANAN,ANUSKA","4682","4.121212","4.143939","3.863636","4.106061","4.274809","4.51145","4.557252","4.641221","4.48855","4.59542"
"NARAYANAN,DESIKA T","4683","4.62069","4.551724","4.551724","4.574713","4.825581","4.360465","4.895349","4.767442","4.755814","4.895349"
"NARAYANAN,RANGA","4684","4.5","4.471831","4.338028","4.5","4.51773","4.323944","4.546099","4.539007","4.382979","4.751773"
"NARAYANAN,SAKETH HERAMB","4685","4.31016","4.368984","3.754011","4.368984","3.766304","4.027174","4.070652","4.25","3.945652","4.184783"
"NARAYANAN,VASUDHA","4686","4.103448","4.006897","3.331034","4.17931","3.572414","3.972414","4.068966","4.22069","4.041379","4.075862"
"NARES,FRANCISCO RAMON","4687","3.976471","3.917647","3.976471","3.905882","4.47619","4.5","4.702381","4.559524","4.452381","4.666667"
"NASCA,PETER","4688","4.666667","4.555556","4.666667","4.555556","5","5","5","5","5","5"
"NASCIMENTO,MARCELLE","4689","4.25","4.069444","3.916667","4.111111","3.875","3.597222","3.763889","3.805556","3.777778","4.333333"
"NASCIMENTO,THIALITA","4690","4.214286","4.357143","3.857143","4.5","4","4","4.214286","4.285714","3.857143","4.428571"
"NASH,BRADY","4691","4.381818","4.363636","4.363636","4.363636","4.509091","4.581818","4.545455","4.745455","4.581818","4.836364"
"NATIONS,JONATHAN ALLEN","4692","4.685714","4.428571","4.514286","4.571429","4.342857","4.257143","4.657143","4.628571","4.542857","4.828571"
"NAUGHTON,CONOR M","4693","4.5","4.5","4.75","4.5","5","5","5","5","5","5"
"NAULA SR,KLEBER E","4694","4.909091","4.909091","4.909091","4.909091","5","5","5","5","4.909091","5"
"NAVARRETE FALCON,CITLALI","4695","4.272727","4.090909","4.363636","4","4.181818","3.909091","4.727273","4.636364","4.181818","4.545455"
"NAVARRO,RENATO","4696","4.380952","4.238095","4.047619","4.142857","4.142857","3.952381","4.666667","3.761905","4.142857","4.571429"
"NAVOT,EDO","4697","4.351351","4.261261","4.45045","4.342342","4.468468","4.045045","4.558559","4.36036","4.342342","4.783784"
"NAWARI,NAWARI","4698","4.44086","4.333333","4.268817","4.403226","4.489247","4.204301","4.516129","4.27957","4.33871","4.725806"
"NAWRE,ALPA","4699","3.904762","3.809524","4.285714","3.809524","3.761905","4.095238","4","4.238095","3.857143","4.571429"
"NAYLOR,GAVIN","4700","5","5","5","5","4.875","4.875","5","4.75","4.875","5"
"NDUKWU,CHIAMAKA THERESA","4701","4.666667","4.666667","4.666667","4.666667","4.555556","4.666667","4.666667","4.666667","4.666667","4.666667"
"NECHITA,OVIDIU","4702","4.432432","4.459459","3.891892","4.351351","4.057143","3.8","4.285714","4.457143","4.171429","4.314286"
"NEED,RYAN F","4703","4.53","4.46","4.38","4.63","4.67","4.71","4.81","4.88","4.74","4.89"
"NEEDELL,JEFFREY D","4704","3.84","3.76","4.24","3.56","4.2","4.04","3.92","4.28","3.88","4.8"
"NEEDELL,RENATA JURANDY MAIA DE","4705","4.5","4.416667","4.166667","4.5","4.521739","4.608696","4.652174","4.652174","4.73913","4.565217"
"NEELD,DANI","4706","4.666667","4.333333","4.833333","4.666667","4.666667","4.666667","4.833333","4.833333","4.833333","4.833333"
"NEGRIN,ARIANNA","4707","4.558559","4.504505","4.486486","4.531532","4.238095","4.285714","4.404762","4.380952","4.119048","4.428571"
"NEHME MARINHO,MARIANA","4708","4.692308","4.230769","4.538462","4.538462","4.461538","4.384615","4.538462","4.692308","4.384615","4.307692"
"NEITZEL,ANGELIKA SUSANNE ELISABETH","4709","3.716312","3.716312","3.524823","3.886525","3.460993","3.742857","4.021277","4.021429","3.687943","4.312057"
"NELAPATI,SHIMEI SRUJINI","4710","4.641026","4.615385","4.384615","4.589744","4.428571","4.571429","4.6","4.571429","4.571429","4.611111"
"NELLY,CINDY ANN","4711","4.28125","3.9375","3.65625","3.9375","4.916667","4.916667","4.916667","4.916667","4.916667","4.916667"
"NELSEN,AUSTIN MITCHELL","4712","4.666667","4.666667","4.5","4.833333","4.75","4.583333","4.75","4.833333","4.833333","4.833333"
"NELSON,CORWIN","4713","4.5","4.357143","4.214286","4.428571","4.428571","4.428571","4.642857","4.571429","4.428571","4.571429"
"NELSON,ERIC JORGE","4714","4.166667","4.166667","4.333333","3.5","4","3.666667","4.166667","4","3.833333","4.666667"
"NELSON,JASMYNE K","4715","5","5","5","5","5","5","5","5","5","5"
"NELSON,JULY DAYANE","4716","4.73913","4.695652","4.695652","4.782609","4.826087","4.695652","4.869565","4.73913","4.73913","4.869565"
"NELSON,MELISSA W","4717","4.857143","4.571429","4.428571","4.571429","4.714286","4.714286","4.857143","3.857143","4.571429","5"
"NEMER,BASSEL W","4718","4.2","4.311111","3.555556","4.466667","3.644444","4.133333","4","4.555556","4.111111","4.488889"
"NEO,PINGCHIEN","4719","4","3.6875","3.375","3.75","4.230769","4.230769","4.384615","4.384615","4.230769","4.307692"
"NESBIT,LAUREL","4720","4.8375","4.7625","4.8125","4.7","4.9","4.8375","4.9","4.925","4.8625","4.8625"
"NESBITT,HEATHER","4721","4.421053","4.394737","4.315789","4.447368","4.542857","4.714286","4.657143","4.685714","4.685714","4.771429"
"NESTLER,SCOTT","4722","2","2","3","3","3","4","4","4","4","5"
"NESTOR,KASEY","4723","4.531034","4.404598","4.448276","4.370115","4.5","4.571895","4.654723","4.676471","4.596091","4.781759"
"NETHERTON,LINDA","4724","4.727273","4.363636","4.454545","4.363636","3.454545","4.090909","4","4.090909","3.363636","4.272727"
"NETRVAL,RYAN CHRISTOPHER","4725","4","4.173913","4.26087","4.130435","4.73913","4.73913","4.826087","4.73913","4.73913","4.652174"
"NETTLE,LEAH M","4726","4.488372","4.418605","3.872093","4.453488","4.22093","4.348837","4.430233","4.372093","4.44186","4.406977"
"NETTLES,BELINDA","4727","4.117647","3.803922","4.019608","4","4.117647","4.313725","4.176471","4.411765","4.196078","4.568627"
"NEUBERT,JOHN K","4728","4.666667","4.666667","4.666667","4.666667","4.6","4.6","4.6","4.6","4.6","4.6"
"NEVILLE,JOANNA W","4729","4.611028","4.5231","4.414307","4.582712","4.654247","4.798808","4.834575","4.842027","4.788376","4.840537"
"NEVILLE,JONAH","4730","4","4.166667","4.5","4.25","4.666667","4.5","4.833333","4.833333","4.833333","4.75"
"NEWBUTT,NIGEL ARTHUR","4731","4.617188","4.601562","4.585938","4.570312","4.78125","4.84375","4.882812","4.851562","4.84375","4.914062"
"NEWELL,BRIDGET L","4732","3.5","3.458333","3.583333","3.416667","3.75","3.875","4.041667","3.958333","3.833333","4.291667"
"NEWELL,NICHOLAS EDWARD","4733","4.473684","4.289474","4.368421","4.447368","4.037037","4.148148","4.148148","4.222222","4.222222","4.111111"
"NEWLAND,JAMIE ANN","4734","4.509677","4.251613","4.103226","4.393548","4.303226","4.458065","4.696774","4.716129","4.567742","4.632258"
"NEWMAN,JOE","4735","4.346154","4.288462","4.307692","4.346154","4.461538","4.576923","4.519231","4.538462","4.519231","4.769231"
"NEWMAN,LOUISE MICHELLE","4736","4.649485","4.628866","4.690722","4.525773","4.690722","4.670103","4.793814","4.56701","4.618557","4.886598"
"NEWMAN,MARK ALAN","4737","4.609562","4.545817","4.322709","4.677291","4.63745","4.625498","4.737052","4.768924","4.760956","4.74502"
"NEWMAN,SOPHIE N","4738","4.285714","4.142857","4","4.142857","4","4.714286","4.285714","4.285714","3.142857","4.571429"
"NEWSOME,SHALAH L","4739","4.463415","4.341463","4.634146","4.512195","4.609756","4.658537","4.756098","4.682927","4.731707","4.731707"
"NEWTON,KEVIN","4740","4.76","4.68","4.4","4.64","4.625","4.541667","4.666667","4.708333","4.666667","4.75"
"NEWTON,MATTHEW ALAN","4741","4.366667","4.283333","4.433333","4.25","4.783333","4.783333","4.866667","4.833333","4.8","4.883333"
"NGONGHALA,CALISTUS","4742","4.245902","4.245902","3.901639","4.336066","3.37963","3.657407","3.962963","3.934579","3.611111","4.074074"
"NGUYEN,CUONG","4743","4.230769","4.115385","4.10989","4.208791","4.260116","4.232558","4.537572","4.366279","4.306358","4.635838"
"NGUYEN,KHOA","4744","4.630435","4.5","4.565217","4.630435","4.666667","4.644444","4.755556","4.711111","4.577778","4.777778"
"NGUYEN,LIEN THI","4745","4.142857","3.964286","4.142857","4.035714","4.148148","4.111111","4.333333","4.185185","4.185185","4.296296"
"NGUYEN,LINDA M","4746","4.439962","4.231258","3.971728","4.377065","4.443102","4.451828","4.556898","4.692748","4.542594","4.719008"
"NGUYEN,QUANG VINH","4747","4.403614","4.162651","3.813253","4.379518","3.8875","3.98125","4.2125","4.3625","3.9625","4.31875"
"NGUYEN,THANH LAM","4748","4.166667","4","4.166667","4.166667","4","4.333333","3.666667","4","3.833333","4.166667"
"NGUYEN,THI MY KIM","4749","4.546667","4.36","4.08","4.386667","4.671429","4.757143","4.8","4.728571","4.614286","4.8"
"NGUYEN,THINH","4750","4.892857","4.785714","4.857143","4.714286","4.964286","5","5","4.964286","4.892857","5"
"NGUYEN,UYEN N","4751","4.072727","4.036364","3.981818","4.036364","3.948718","4.282051","4.435897","4.307692","4.128205","4.512821"
"NICHOLS,ANDREW","4752","4.271218","4.132841","4.138376","4.252768","4.53304","4.387665","4.696035","4.595604","4.648352","4.72467"
"NICHOLS,JENNIFER A","4753","4.461957","4.407609","4.434783","4.228261","4.467391","4.440217","4.684783","4.76087","4.679348","4.766304"
"NICHOLS,LIZZY ELIANET","4754","4.875","4.875","4.875","4.875","4.875","5","4.875","4.75","4.75","5"
"NICHOLSON,CARISSA","4755","3.718064","3.772455","3.182635","3.932635","3.541989","3.922436","3.999484","4.163402","3.938374","3.946419"
"NICKERSON,CAROLINE H","4756","4.5","4.444444","4.444444","4.444444","4.611111","4.833333","4.888889","4.777778","4.666667","4.944444"
"NICKLIN,ELLA FRANCESCA","4757","4.069444","4.131944","3.888889","4.083333","3.92437","4.330579","4.302521","4.35","4.168067","4.327731"
"NIEMI,SEAN RUSSELL","4758","4.4752","4.3536","3.96","4.3264","3.9856","3.819936","4.0944","4.3776","4.2944","4.64"
"NIKNAM,ARMIN","4759","4.606061","4.484848","4.757576","4.515152","4.727273","4.69697","4.848485","4.848485","4.757576","4.939394"
"NIMALENDRAN,MAHENDRARAJAH","4760","3.959128","3.989101","3.850136","3.997275","3.901639","4.259563","4.144809","4.331507","3.800546","4.314208"
"NIMMAGADDA,JYOTHIER KUMAR","4761","4","3.769231","3.538462","4","3.538462","4.076923","4","4.076923","3.692308","4.153846"
"NINO,CRISTIAN","4762","3.545455","3.909091","3.909091","3.772727","3.909091","4","4.045455","3.863636","3.818182","4.318182"
"NINO,JUAN CLAUDIO","4763","4.063953","4.017442","3.895349","4.186047","3.680233","3.906977","3.44186","4.284884","3.627907","4.302326"
"NITTROUER,SUSAN","4764","4.366667","4.3","4.416667","4.416667","4.533333","4.466667","4.6","4.766667","4.2","4.766667"
"NJUE,JAMIE","4765","4.166667","4.166667","4.416667","4.083333","4.333333","4.5","4.583333","4.5","4.583333","4.666667"
"NOAH,LARS","4766","4.244604","4.05036","3.928058","4.323741","4.18705","3.637681","4.194245","4.352518","3.971223","4.755396"
"NOBLES,MATTHEW B","4767","3.571429","3.714286","3.392857","3.464286","3.423077","3.346154","3.884615","3.807692","3.615385","4.307692"
"NOBLES,PATRICK MICHAEL","4768","4","4.056604","4.169811","3.981132","4.593548","4.516129","4.683871","4.625806","4.670968","4.8"
"NODHTURFT III,PHILIP","4769","4.5","4.5","4.5","4.5","4.5","4.5","4.5","4.5","4.375","4.5"
"NODINE,ELLEN","4770","4.657143","4.457143","4.485714","4.571429","4.771429","4.8","4.857143","4.828571","4.8","4.885714"
"NOEL,TYLER MATHEW","4771","4.818182","4.818182","4.727273","4.818182","4.909091","4.681818","4.818182","4.818182","4.863636","4.727273"
"NOLAN,RICHARD ANTHONY","4772","4.135838","3.962428","3.549133","4.225434","4.023188","3.66474","3.953757","4.236994","3.985549","4.580925"
"NOLEN,TOMMY","4773","4.44","4.6","4.72","4.6","4.8","4.72","4.8","4.92","4.92","4.96"
"NOLL,STEVEN G","4774","4.546875","4.453125","4.512784","4.471591","4.751067","4.662857","4.796875","4.78267","4.792614","4.919034"
"NOLTE,CHRISTOPHER ROBIN","4775","4.44898","4.367347","4.408163","4.367347","4.604167","4.530612","4.836735","4.734694","4.673469","4.693878"
"NONABUR,VENKATESH","4776","4.547244","4.393701","4.413386","4.30315","4.410359","4.420635","4.5","4.424603","4.126984","4.742063"
"NOONAN,ALISON R","4777","4.456522","4.282609","4.608696","4.347826","4.652174","4.73913","4.804348","4.782609","4.76087","4.782609"
"NORDGREN,BRIAN KEITH","4778","4.319328","4.252101","4.294118","4.218487","4.420168","4.436975","4.504202","4.512605","4.411765","4.512605"
"NORDHOLM,HOLAND C","4779","3.285714","3.142857","3.142857","3.142857","2.857143","3.857143","3.571429","4.285714","2.857143","3.571429"
"NORMAN,DANIEL","4780","4.566265","4.518072","4.036145","4.542169","4.518072","4.60241","4.670732","4.710843","4.698795","4.707317"
"NORMANN,SVEN ALLAN","4781","4.55","4.5","4.55","4.6","4.55","4.55","4.6","4.55","4.65","4.65"
"NORRIS,KATHERINE","4782","4.666667","4.641026","4","4.615385","4.564103","4.641026","4.692308","4.717949","4.564103","4.666667"
"NORRIS,MADELINE LOUISE","4783","4.53125","4.46875","4.40625","4.34375","4.65625","4.6875","4.71875","4.6875","4.6875","4.65625"
"NORRIS,MICHAEL H","4784","4","4","4","4","5","5","5","5","5","5"
"NORSWORTHY,JOE","4785","4.141026","4.153846","4.230769","4.076923","4.269231","4.474359","4.282051","4.602564","4.205128","4.602564"
"NORTHINGTON,SAAFIR CALVIN","4786","4.428571","4.333333","4.619048","4.47619","4.571429","4.47619","4.761905","4.714286","4.761905","4.714286"
"NORTON,CHRISTINA","4787","4.435407","4.30622","4.311005","4.258373","4.406699","4.454545","4.645933","4.588517","4.461538","4.76555"
"NORTON,HANNAH F","4788","4.095238","3.952381","4.380952","4","4.52381","4.190476","4.52381","4.333333","4.47619","4.571429"
"NOSRAT,FATEMEH","4789","4.2","4","4","4","4.4","4.4","4.4","4.4","4.4","4.4"
"NOVAK,NATALIE ANN","4790","4.875","4.875","4.75","4.875","4.875","4.875","5","5","5","5"
"NOVALES CONTRERAS,HUGO CARLOS","4791","4.236364","4.236364","4.309091","4.309091","4.254545","4.145455","4.509091","4.309091","4.363636","4.490909"
"NOWELL,JASON T","4792","3.7418","3.798325","3.177251","3.868109","3.755446","3.720226","3.981013","4.106967","3.849613","4.288124"
"NUDELMAN,ELIZABETH CLARE","4793","4.333333","4.166667","4","4.458333","4.041667","4.208333","4.25","4.041667","4.25","4.25"
"NUNES,MARCIO RENATO","4794","4.589744","4.512821","4.179487","4.512821","4.435897","4.333333","4.589744","4.384615","4.589744","4.487179"
"NUNEZ ANDRADE,ANDREA NICOLE","4795","4.568182","4.545455","4.431818","4.477273","4.4375","4.375","4.5625","4.4375","4.375","4.5625"
"NUNEZ DE ALVAREZ STRANSKY,DANIELA","4796","4.565217","4.434783","4.652174","4.326087","4.608696","4.173913","4.717391","4.456522","4.434783","4.869565"
"NUNEZ,ALYSSA","4797","4.586957","4.456522","4.195652","4.478261","4.391304","4.423913","4.652174","4.652174","4.593407","4.586957"
"NUNEZ,GERARDO","4798","4.58794","4.547739","4.457286","4.603015","4.648241","4.201005","4.713568","4.437186","4.748744","4.834171"
"NUNN,SHERRIE","4799","4.765217","4.673913","4.8","4.704348","4.843478","4.821739","4.908696","4.882609","4.873913","4.930435"
"NUSRATH,SUMAIYA FATHIMA","4800","4.595238","4.357143","3.5","4.619048","3.690476","4.047619","4.285714","4.238095","4.261905","4.238095"
"NWACHUKWU,CRISTOVAO OLUWASEGUN ORIOWO","4801","4.465753","4.410959","4.589041","4.452055","4.438356","4.643836","4.643836","4.753425","4.520548","4.684932"
"NYAKHAR,SHAHZADHI","4802","4.875","4.75","4.875","4.75","5","5","5","5","5","5"
"NYANJE,SANTANA OHONDA","4803","3.5","3.630435","3.673913","3.543478","3.565217","4.021739","3.978261","4.086957","3.434783","3.76087"
"NYAVOR,EMMANUEL","4804","3.970588","4.088235","3.676471","3.941176","3.888889","3.962963","3.962963","4.074074","3.925926","4.074074"
"O'CONNELL,JANE","4805","4.4","4.342857","3.942857","4.085714","4.371429","4.6","4.542857","4.685714","4.342857","4.8"
"O'CONNOR,COLLIN","4806","4.142857","4.238095","4.333333","4.142857","4.571429","4.714286","4.666667","4.714286","4.619048","4.666667"
"O'CONNOR,EAMON","4807","4.206107","4.282443","4.287532","4.24173","4.577608","4.526718","4.753181","4.73028","4.687023","4.765903"
"O'DONNELL,BERNARD","4808","4.616","4.648","4.488","4.464","4.4","4.4","4.2","4.408","4.008","4.56"
"O'DWYER,CONOR","4809","4.139738","3.873362","3.825328","4.30131","3.912664","3.864629","4.358079","4.475983","4.100437","4.624454"
"O'KEEFE,PATRICK J","4810","4.714286","4.714286","4.5","4.785714","4.571429","4.714286","4.5","4.428571","4.5","4.857143"
"O'MALLEY,KERRI A","4811","4.082353","4","4.4","4.047059","4.367089","4.333333","4.455696","4.363636","4.43038","4.493671"
"O'MALLEY,MICHAEL K","4812","4.64","4.5","4.62","4.46","4.653061","4.653061","4.77551","4.68","4.64","4.8"
"O'NEILL,DANIEL","4813","4.717647","4.647059","4.282353","4.7","4.715976","4.418182","4.786982","4.721893","4.804734","4.940828"
"O'STEEN,GENTRY EARLE","4814","4.75","4.75","4.75","4.75","4.75","4.75","4.75","4.75","4.75","4.75"
"OAKES,DAMIAN GERARD","4815","4.294118","4.264706","3.911765","4.323529","4.205882","4.323529","4.529412","4.441176","4.441176","4.588235"
"OBERHELMAN,ANDREW","4816","5","5","5","5","5","5","5","5","5","5"
"OBERLIN,CHERYL RENEE","4817","4.447368","4.460526","4.394737","4.394737","4.421053","4.75","4.565789","4.723684","4.5","4.697368"
"OCAMPO,ROBERT A","4818","4.597222","4.486111","4.180556","4.555556","4.583333","4.819444","4.888889","4.847222","4.680556","4.875"
"OCKLETREE,MARQUITA","4819","4.333333","4.266667","4.733333","4.533333","4.4","4.4","4.866667","4.733333","4.8","4.8"
"OCONNOR,MICHAEL WAYNE","4820","4.222222","4.228395","3.876543","4.228395","4.111111","4.222222","4.395062","4.512346","4.29375","4.345679"
"ODABASI,ASLI","4821","4.27907","4.117054","3.711628","4.355039","4.207488","4.340109","4.427791","4.535575","4.428683","4.453624"
"ODEDEYI,TOLUWANI DEBORAH","4822","4.258065","4.306452","4.274194","4.225806","4.193548","4.516129","4.645161","4.612903","4.322581","4.548387"
"ODEGAARD,BRIAN","4823","4.683432","4.627219","4.594675","4.553254","4.860947","4.738872","4.934911","4.905325","4.878698","4.964497"
"ODEWABI,JULIUS ADEROGBA","4824","4.555556","4.166667","4.777778","4.222222","4.888889","4.722222","5","4.833333","4.722222","4.833333"
"ODGERS ASCENCIO,CLAUDIA","4825","4.548387","4.290323","4.032258","4.548387","3.038462","3.76","3.44","3.84","3.28","3.6"
"ODONGO,RONALD INGUULA","4826","4.120567","4.099291","3.943262","4.184397","4.130769","4.223077","4.407692","4.423077","4.269231","4.346154"
"ODUNAYO,ADESOLA","4827","4.644689","4.591575","4.543956","4.534799","4.845324","4.805054","4.866906","4.830935","4.874101","4.888889"
"ODUTOLA,KOLE","4828","3.672566","3.610619","4.176991","3.469027","3.955357","3.767857","4.241071","4.098214","3.732143","4.675676"
"OESTREICH,LYDIA MARGIT ANN","4829","3.296296","3.333333","3.148148","3.555556","3.090909","3.304348","3.227273","3.409091","3.227273","3.545455"
"OFF,GAVIN","4830","4.428571","4.5","4.5","4.357143","4.857143","4.928571","5","4.857143","4.714286","4.857143"
"OFFERLE,TONY","4831","4.566667","4.466667","4.366667","4.533333","4.214286","4.214286","4.535714","4.25","4.178571","4.75"
"OGATA,KENSAKU","4832","4.719298","4.5","4.701754","4.491228","4.736842","4.710526","4.798246","4.719298","4.692982","4.842105"
"OGRAM,ANDREW","4833","4.2","4.2","4.16","4.2","4.48","4.6","4.68","4.8","4.56","4.68"
"OGUNMOLAJI,MOSUNMOLA REGINA","4834","4.666667","4.466667","4.6","4.666667","4.666667","4.266667","4.8","4.4","4.4","4.8"
"OGUNRINBOKUN,MOTUNRAYO OMOLOLA","4835","3.804878","3.853659","3.536585","3.878049","3.707317","3.853659","4.073171","3.585366","3.902439","3.853659"
"OH,CHAMTEUT","4836","4.6","4.590909","4.572727","4.490909","4.354545","4.572727","4.581818","4.627273","3.990909","4.790909"
"OH,HYUNJU","4837","4.149254","4.089552","4.044776","4.149254","4.343284","4.447761","4.447761","4.537313","4.41791","4.61194"
"OHMSTEDE,ALYSSA M","4838","4.684211","4.736842","4.684211","4.578947","4.578947","4.578947","4.315789","4.894737","4.526316","4.684211"
"OHS,CORTNEY L","4839","4.289157","4.108434","3.638554","4.361446","4.216867","4.120482","4.361446","4.361446","4.421687","4.409639"
"OJEDA ROJAS,OSCAR ALEJANDRO","4840","4.6875","4.625","4.625","4.6875","4.625","4.625","4.6875","4.625","4.625","4.6875"
"OJEDA,AMANDA E","4841","3.517241","3.344828","3.724138","3.413793","4","3.821429","4.37931","3.896552","4.068966","4.827586"
"OJEDA,MARIEL","4842","3.64","4.16","3.16","4.16","3","2.68","3.4","3.72","3","3.4"
"OJO,PRECIOUS ONAOPEMIPO","4843","4.833333","4.833333","4.833333","4.833333","4.666667","4.833333","4.833333","4.833333","4.666667","4.833333"
"OKAFOR,EBONY SADE","4844","4.375","4.208333","4.208333","4.416667","4.5","4.166667","4.75","4.458333","4.5","4.708333"
"OKECH,BERNARD ACHERO","4845","4.08","3.92","3.68","4.16","4","4.04","4.32","4.04","4.16","4.44"
"OKKEN,GENESIS M","4846","4.453883","4.356796","4.322816","4.441748","4.553659","4.490244","4.673171","4.642336","4.622871","4.768856"
"OLABARRIETA LIZASO,MAITANE","4847","4.642857","4.571429","4.714286","4.5","4.571429","4.428571","4.714286","4.571429","4.642857","4.714286"
"OLADEJO,OLUYEMISI ADEBOLA","4848","3.5","3.5","3.5","3.833333","3","3.5","4","4.333333","3.666667","4.166667"
"OLARTE CACERES,PALOMA MARINA","4849","4.34375","4.28125","4.03125","4.3125","4.380952","4.428571","4.47619","4.47619","4.428571","4.428571"
"OLESOVA,LARISA A","4850","4.273469","4.24898","4.069388","4.204082","4.236735","4.42449","4.563265","4.571429","4.261224","4.693878"
"OLEXA,MICHAEL T","4851","4.6","4.6","4.622222","4.614815","4.725926","4.6","4.792593","4.785185","4.614815","4.866667"
"OLGUN,GUELDEN","4852","4.636364","4.463636","4.736364","4.518182","4.672727","4.527273","4.790909","4.609091","4.672727","4.836364"
"OLI,MADAN KUMAR","4853","2.948718","3.230769","3.487179","3.461538","2.820513","2.589744","3.230769","3.717949","2.692308","4.435897"
"OLI,MONIKA","4854","4.244389","4.198254","4.298005","4.149002","3.596206","3.69119","3.938573","3.827306","3.826715","4.140541"
"OLIVA BUADZE,OTARI","4855","3.5","3.5","5","2.5","3.5","4","3.5","5","4","4"
"OLIVE,SHEILA","4856","4.193548","4.16129","4.419355","4.096774","4.580645","4.645161","4.774194","4.548387","4.612903","4.645161"
"OLIVEIRA,CRISTINA ISABEL RATO","4857","4.115385","4.096154","3.5","4.230769","4.038462","4.176471","4.230769","4.480769","4.307692","4.230769"
"OLIVEIRA,DAYANE","4858","4.778378","4.702703","4.756757","4.767568","4.951351","4.962162","4.978378","4.967568","4.956757","4.972973"
"OLIVEIRA,MARIANA","4859","4.689922","4.620155","4.612403","4.581395","4.844961","4.868217","4.945736","4.891473","4.860465","4.953488"
"OLIVER,KRISTI","4860","4.159091","4.068182","3.340909","4.181818","3.772727","3.636364","4.045455","3.909091","3.704545","4.181818"
"OLIVERIO,JAMES","4861","3.995074","3.881773","3.561576","4.068966","4.015228","4.09596","4.181818","4.277778","4.255102","4.449495"
"OLSON,ERIC EDWARD","4862","4.568019","4.529833","4.25537","4.544153","4.77327","4.782816","4.804296","4.823389","4.804296","4.873508"
"OLSON,SELBY V","4863","3.737374","3.747475","3.515152","3.737374","4.273973","4.287671","4.328767","4.369863","4.328767","4.356164"
"ONA-YANEZ,LORENA ELIZABETH","4864","4.074074","4.055556","4.12963","4.055556","4.462963","4.537037","4.592593","4.611111","4.5","4.574074"
"ONEAL,ALEXANDRIA GRACE","4865","4.8","4.8","4.75","4.75","3.8","4.5","4.75","4.25","3.6","4.25"
"ONEILL,CLAIRE ROSEMARIE","4866","3.081395","3.22093","3.069767","3.453488","4.066667","4.288889","4.311111","4.377778","4.288889","4.333333"
"ONEL,GULCAN","4867","4.689655","4.62069","4.586207","4.689655","4.689655","4.758621","4.689655","4.793103","4.586207","4.793103"
"OPAVSKY,RENE","4868","4.317073","4.170732","4.219512","4.317073","4.307692","4.346154","4.341772","4.379747","4.367089","4.291139"
"OPOKU-MENSAH,BENEDICTA","4869","4.333333","4.111111","4.333333","3.333333","3.111111","4","3.777778","4.111111","3","4"
"OPPENHEIMER,DAVID G","4870","3.887633","3.773852","3.209894","3.997173","3.648822","3.631165","4.115467","4.141738","3.804843","4.457265"
"ORAMAS,ALBERTO","4871","4.265306","4.132653","4.316327","4.183673","4.5","4.537037","4.592593","4.518519","4.518519","4.62963"
"ORAZEM,MARK E","4872","4.612245","4.571429","4.591837","4.571429","4.489796","4.55102","4.653061","4.795918","4.44898","4.918367"
"ORCES,JACK ROBERT","4873","4.5625","4.575","4.575","4.4125","4.7125","4.775","4.825","4.7625","4.7875","4.8625"
"ORE RENGIFO,MALU ISAURA","4874","4.217391","4","4.304348","4.347826","4.608696","4.695652","4.73913","4.695652","4.565217","4.73913"
"OREN,IDO","4875","4.330275","4.220183","4.422018","4.33945","4.46789","4.651376","4.605505","4.688073","4.504587","4.87156"
"ORFINIK,LAUREN","4876","4.769231","4.692308","4.769231","4.307692","4.923077","5","5","5","4.923077","5"
"ORGEL,RACHEL HOPE","4877","4.65","4.6","4.525","4.7","4.6","4.775","4.85","4.775","4.675","4.975"
"ORIOLA,MOYINOLUWA","4878","4.425532","4.361702","4.574468","4.148936","4.227273","4.590909","4.590909","4.613636","4.318182","4.545455"
"ORIVRI,GLORY ESOHE","4879","4.076923","4.25641","3.615385","4.179487","4","4.410256","4.74359","4.74359","4.589744","4.666667"
"ORLANDO,ANN-MARIE","4880","4.5","4.5","4.1","4.55","4.5","4.6","4.65","4.7","4.6","4.8"
"ORLANDO,NICHOLAS JOHN","4881","4.410072","4.395683","4.352518","4.251799","4.515464","4.680412","4.649485","4.639175","4.587629","4.649485"
"OROPEZA,HUNTER STEVEN","4882","4.5","4.5","4.75","4.5","4.5","4.5","4.75","4.75","4","4.75"
"ORR,KATHY M","4883","5","4.333333","5","4.333333","5","5","5","4.666667","5","5"
"ORTAGUS,JUSTIN C","4884","4.392857","4.464286","4.392857","4.428571","4.464286","4.357143","4.642857","4.535714","4.607143","4.678571"
"ORTIZ,ALIANNA ELYSE","4885","4.2","4","4.2","4","4.4","4.3","4.5","4.3","4.5","4.4"
"ORTIZ,ANAIS ALEXANDRA","4886","3.111111","2.944444","2.944444","3.722222","2.611111","3.111111","3.5","3.888889","2.888889","3.611111"
"ORTIZ,DAVID D","4887","4.382353","4.382353","4.411765","4.352941","4.647059","4.676471","4.735294","4.735294","4.764706","4.794118"
"ORTIZ,JEANINE MARIE","4888","3.966667","3.733333","4.366667","4.066667","4.333333","4.433333","4.655172","4.533333","4.566667","4.733333"
"ORTIZ,PAUL","4889","4.571429","4.285714","4.214286","3.857143","4.642857","4.642857","4.785714","4.714286","4.428571","5"
"ORTOLA LEONARD,WILLIAM","4890","4.285714","4.428571","4.666667","4.380952","4.75","4.8125","4.8125","4.875","4.8125","4.8"
"OSBORNE,TODD Z","4891","4.442177","4.37415","4.346939","4.421769","4.312057","4.4","4.631206","4.58156","4.425532","4.77305"
"OSER,KENNETH LEWIS","4892","5","5","5","5","5","5","5","5","5","5"
"OSMAN,DIANE MARIE","4893","4.708333","4.625","4.708333","4.625","5","5","5","5","5","5"
"OSMAN,ZIAD","4894","3.588235","3.882353","3.558824","3.852941","3.470588","3","3.852941","3.794118","3.764706","4.176471"
"OSSIBOFF,ASHLEE","4895","4.27881","4.232962","4.068154","4.294919","4.255901","4.197516","4.476427","4.323821","4.354839","4.631514"
"OSSIBOFF,ROBERT J","4896","4.553232","4.442966","4.503802","4.460076","4.707746","4.623239","4.732394","4.721831","4.736842","4.761404"
"OSTEBO,MARIT","4897","4.468085","4.542553","4.734043","4.244681","4.617021","4.56383","4.849462","4.680851","4.553191","4.829787"
"OSTEBO,TERJE","4898","4.283019","4.216981","4.358491","4.198113","4.386792","4.301887","4.669811","4.688679","4.603774","4.754717"
"OSTERTAG,ELERY B","4899","4.066667","4.133333","4.466667","4.133333","4.866667","4.866667","4.933333","4.933333","4.933333","4.666667"
"OSTROFF,DAVID HOWARD","4900","4.211538","4.201923","3.817308","4.269231","4.221154","4.346154","4.336538","4.490385","4.519231","4.490385"
"OSTROV,DAVID A","4901","4.294872","4.217949","4.089744","4.282051","4.405797","4.289855","4.614286","4.457143","4.5","4.628571"
"OTALORA,ANDREA","4902","4.736842","4.736842","4.736842","4.631579","4.166667","4.235294","4.444444","4.411765","4.388889","4.277778"
"OTTEMAN,KRIS","4903","4.366667","4.366667","3.866667","4.433333","4.357143","4.357143","4.464286","4.285714","4.464286","4.464286"
"OTTO,KEVIN","4904","4.2","4.228571","4.314286","4.071429","4.285714","4.328571","4.471429","4.514286","4.2","4.557143"
"OU,GABY","4905","4.46","4.56","4.27","4.5","4.42","4.55","4.59","4.7","4.31","4.71"
"OUZIA,AICHA","4906","3.435897","3.25641","3.794872","3.487179","3","3.564103","3.512821","3.641026","3.25641","3.820513"
"OVERDEVEST,CHRISTINE","4907","4.318367","4.277551","3.84898","4.379592","4.126531","4.415638","4.457143","4.563265","4.37551","4.420408"
"OVEREND,EMILY","4908","3.735294","3.632353","4.161765","3.779412","3.882353","4.058824","4.308824","4.176471","4.279412","4.441176"
"OVERSTREET,CHRISTINA S","4909","4.285714","4","4.571429","3.857143","4.142857","4.285714","3.714286","4.428571","4.428571","4.714286"
"OWEISS,KARIM","4910","4.308824","4.235294","4.279412","4.294118","4.308824","4.117647","4.367647","4.544118","4.044118","4.852941"
"OWENS WHITE,ABBY","4911","4.362245","4.290816","3.734694","4.341837","4.702564","4.794872","4.835897","4.841026","4.846154","4.789744"
"OWENS,CHRISTOPHER","4912","4.25","4.25","4.5","4.25","4","4.25","4.75","4.75","4.25","4.75"
"OWENS,JOSHUA HENRY","4913","4.5","4.611111","4.444444","4.5","4.777778","4.833333","4.833333","4.833333","4.888889","4.833333"
"OWENS,TAYLOR L","4914","4.444444","4.222222","4.444444","4.111111","4.111111","4.333333","4","4.111111","4","4.555556"
"OYER,DENNIS","4915","4.666667","4.666667","4.5","4.333333","4.166667","4.166667","4","4.166667","4.166667","3.833333"
"OYUELA-CAYCEDO,AUGUSTO","4916","4.493333","4.493333","4.533333","4.386667","4.44","4.493333","4.68","4.506667","4.293333","4.88"
"OZOH,OZIOMA RUTH","4917","4.25","4.25","4.8125","4.5625","4.25","4.4375","4.25","4.625","4.25","4.6875"
"OZRAZGAT BASLANTI,TEZCAN","4918","4.388889","4.222222","4.611111","4.333333","4.888889","4.888889","4.944444","4.944444","4.888889","4.944444"
"OZUZU,ONYE P","4919","4.428571","4.52381","4.52381","4.333333","4.428571","4.285714","4.47619","4.190476","4.190476","4.857143"
"PABLO,LUISITO S","4920","4.65102","4.54898","4.646939","4.55102","4.770787","4.792325","4.820225","4.8","4.737079","4.867416"
"PACE,JOSHUA","4921","4.6","4.45","4.675","4.45","4.775","4.8","4.925","4.925","4.95","4.975"
"PACHECO,MARK","4922","4.518519","4.407407","4.407407","4.518519","4.592593","4.703704","4.62963","4.555556","4.518519","4.666667"
"PACIOREK,PETER S","4923","4.428571","4.428571","4.571429","4.428571","4.285714","4.714286","4.571429","4.571429","4.428571","4.571429"
"PACK,JOSEPH ALBERT","4924","4.727273","4.545455","4.727273","4.272727","4.363636","4.090909","4.636364","4.454545","4.545455","4.909091"
"PADILLA-COREANO,NANCY","4925","4.212121","4.060606","4.363636","4.212121","4.37037","4.301887","4.490909","4.339623","4.418182","4.490909"
"PADOVANO,ROBERT","4926","4.555556","4.531401","4.492754","4.589372","4.681159","4.743961","4.768116","4.78744","4.719807","4.811594"
"PAGAN-WOLPERT,VICTORIA EMMA","4927","4.453441","4.465587","4.574899","4.34413","4.801619","4.631579","4.862348","4.789474","4.813765","4.94332"
"PAGE,KARA L","4928","4.450867","4.42052","4.24711","4.459538","4.526163","4.692308","4.69521","4.701016","4.65843","4.703488"
"PAGE,LARRY M","4929","4.666667","4.333333","4.333333","4.666667","4","4","4","4.666667","4.333333","4.333333"
"PAGLIAI,VALERIA VIOLETA","4930","4.230769","4.192308","4.269231","4.384615","4.115385","4.576923","4.615385","4.653846","4.5","4.461538"
"PAHADIA,MAYANK","4931","4.40625","4.390625","4.3125","4.359375","4.730159","4.714286","4.698413","4.730159","4.698413","4.714286"
"PAJUELO,MARIELA","4932","4.213333","4.093333","3.946667","4.16","3.973333","4.4","4.306667","4.453333","4.27027","4.613333"
"PALEOLOGU,THALYA","4933","3.772727","3.909091","3.818182","3.818182","3.111111","3.555556","3.777778","3.666667","3.444444","3.888889"
"PALIT,ANNESHA","4934","4.115942","4.202899","4.26087","4.144928","4.15942","4.26087","4.347826","4.434783","4.217391","4.376812"
"PALMER III,JOHN ANDERSON","4935","3.970588","4","3.558824","4.147059","3.941176","3.882353","3.911765","4.264706","4.117647","4.529412"
"PALMER JR,BILLY ALAN","4936","4.7","4.7","4.6","4.7","4.3","4.3","4.6","4.6","4.5","4.3"
"PALMER,ALISHA","4937","4.492308","4.338462","4.230769","4.430769","4.676923","4.707692","4.923077","4.892308","4.8","4.830769"
"PALMER,AMY L","4938","4.090909","4.181818","3.363636","4.636364","3.727273","4.272727","3.727273","4","4.090909","4.090909"
"PALMER,ELIZABETH ANN NASON","4939","3.819277","3.903614","3.855422","3.963855","3.807229","3.927711","3.891566","4.289157","3.903614","4.385542"
"PALMER,GLYN DANIEL","4940","4.666667","4.833333","4.833333","4.666667","4.833333","4.833333","4.833333","4.833333","4.833333","4.5"
"PALMER,KATELYN RENEE","4941","4.571429","4.542857","4.742857","4.428571","4.8","4.742857","4.885714","4.885714","4.914286","5"
"PALMER,SHELBY MADISON","4942","3.985915","4.028169","3.704225","4.014085","4.15625","4.153846","4.349206","4.2","4.253968","4.412698"
"PALMER,TODD","4943","4.289822","4.089132","4.031052","4.123059","4.558891","4.454388","4.735718","4.628028","4.671857","4.779251"
"PAN,AMY","4944","4.239631","4.313364","4.133641","4.285714","4.180556","4.305556","4.453704","4.530233","4.157407","4.590698"
"PAN,JING","4945","4.212963","4.189815","3.893519","4.291667","4.060465","4.166667","4.274419","4.481308","4.148837","4.481481"
"PAN,SOPHIA MYUNG","4946","4.451128","4.398496","4.62406","4.473684","4.676692","4.75188","4.804511","4.789474","4.729323","4.819549"
"PAN,TIANYU","4947","4.65","4.7","4.65","4.45","4.157895","4.388889","4.526316","4.473684","4.157895","4.421053"
"PAN,YIQIN","4948","4.05","3.9","3.625","4","4","4.05","4.275","4.425","3.8","4.5"
"PANAYOTOV,ALEXANDER","4949","4.331933","4.252101","4.432773","4.260504","4.443038","4.291139","4.459916","4.561181","4.371308","4.877637"
"PANDA,SIDDHANT KUMAR","4950","4","4","4.25","4.083333","4.833333","4.833333","4.75","4.75","4.833333","4.75"
"PANDEY,PUJA","4951","4.025974","4.038961","3.480519","4.051948","4.104167","4.083333","4.145833","4.145833","4.229167","4.166667"
"PANDITA,MAHEEKA","4952","4.290909","4.2","4.090909","4.254545","4.085714","4.228571","4.171429","4.257143","4.142857","4.142857"
"PANO,EMELINE ELIZABETH","4953","4.068376","4.034188","4.196581","4.188034","4.410256","4.512821","4.606838","4.547009","4.529915","4.606838"
"PANZARELLA,JOSEPH J","4954","4.019231","4.057692","3.442308","3.980769","3.846154","3.942308","4.153846","4.096154","4.115385","4.096154"
"PAOLUCCI,CATHERINE","4955","4.666667","4.833333","5","4.666667","4.833333","4.333333","4.666667","4.833333","4.666667","5"
"PAPADELIAS,SARAH M","4956","4.553191","4.457447","4.180851","4.542553","4.585106","4.702128","4.680851","4.723404","4.702128","4.723404"
"PAPADOGEORGOU,GEORGIA","4957","4.581395","4.604651","4.348837","4.534884","4.627907","4.348837","4.651163","4.674419","4.674419","4.790698"
"PAPADOPOULOU,ELENI","4958","4.72549","4.686275","4.745098","4.647059","4.843137","4.84","4.784314","4.901961","4.843137","4.941176"
"PAPKE,ROGER LEE","4959","4.285714","4.142857","4.428571","4.428571","4.428571","4.428571","4.285714","4.428571","4.428571","4.428571"
"PAPP,BERNADETT","4960","5","5","5","5","5","5","5","5","5","5"
"PARADISE,HAYLEY","4961","4.614173","4.566929","4.641732","4.570866","4.623188","4.582609","4.694203","4.624638","4.63913","4.698551"
"PARIHAR,BHARTI","4962","4.291262","4.213592","4.456311","4.174757","4.514563","4.407767","4.699029","4.728155","4.592233","4.68932"
"PARIS,NICOLAS","4963","4.6","4.4","4.4","4.4","4.6","4.4","4.6","4.6","4.4","5"
"PARK,ALLYSON FURR","4964","4.857143","4.857143","4.714286","4.857143","5","4.857143","5","5","5","5"
"PARK,HAESUK","4965","4.192229","4.261759","4.137014","4.267894","4.343558","4.382413","4.507157","4.476483","4.314928","4.548057"
"PARK,JEONGMIN","4966","3.5","3.5","4","3.5","3.6","4","3.6","4.2","3.1","3.8"
"PARK,JUNSANG","4967","4.516129","4.387097","3.516129","4.483871","3.8","3.766667","4.266667","4.2","4.172414","4.068966"
"PARK,NAM-KYU","4968","4.353535","4.252525","4.242424","4.262626","4.585859","4.484848","4.69697","4.737374","4.444444","4.848485"
"PARK,SANGYEON","4969","4.173913","4.130435","4.043478","4.217391","4.391304","4.695652","4.565217","4.73913","4.565217","4.782609"
"PARK,SOOYEON","4970","4.533333","4.422222","4.488889","4.266667","4.777778","4.822222","4.888889","4.822222","4.688889","4.911111"
"PARK,SUJIN","4971","4.363636","4.363636","4.5","4.454545","4.545455","4.545455","4.727273","4.727273","4.409091","4.772727"
"PARK,YOUNGGYU","4972","4.555556","4.444444","4","4.444444","4.222222","4.555556","4.444444","4.444444","4.222222","4.444444"
"PARK,YOUNGMIN","4973","4.43","4.49","4.28","4.5","4.33","4.53","4.59","4.7","4.29","4.57"
"PARKER,IVANA KENNEDY","4974","3.855072","4.115942","3.652174","4.188406","3.463768","3.971014","4.086957","4.028986","3.637681","3.985507"
"PARKER,JOEL L","4975","4.283333","3.85","3.652381","4.211905","3.84375","4.033679","4.310881","4.286445","4.205195","4.345361"
"PARKER,LESLIE ANN","4976","4.4","4.4","4.466667","4.333333","4.333333","4.133333","4.5","4.433333","4.233333","4.5"
"PARKER,NAOMI D","4977","4.666667","4.666667","4.666667","4.666667","4.833333","4.833333","5","4.833333","5","5"
"PARKER,ROBERT L","4978","4.195238","4.266667","3.847619","4.27619","4.157143","4.449761","4.252381","4.519048","4.252381","4.209524"
"PARKER,SVITLANA OLEKSANDRIVNA","4979","4.416667","4.416667","4.583333","4.083333","5","4.75","4.916667","4.916667","4.5","4.75"
"PARKS,CHARLES T","4980","4.00906","4.101925","4.016988","4.073613","3.623783","3.71647","3.752427","3.858718","3.736952","3.766135"
"PARKS,ROBERT M","4981","4.4","4.2","4.4","4.2","5","5","5","5","5","5"
"PARLIER,JOSEPH R","4982","3.6","3.6","3.5","3.7","3.9","3.8","4.3","4.4","4.2","4.3"
"PARRINO,JAMES","4983","4.536458","4.572917","4.552083","4.520833","4.692708","4.546875","4.755208","4.677083","4.630208","4.822917"
"PARZIALE,AMY","4984","4.333773","4.328496","4.509235","4.344327","4.55218","4.558047","4.738441","4.71504","4.639366","4.831135"
"PASCHE,JOSEPHINE MARISA","4985","4.391304","4.304348","4.391304","4","4.434783","4.565217","4.652174","4.73913","4.608696","4.608696"
"PASCUAL CABO,DIEGO","4986","4.769231","4.769231","4.861538","4.8","4.892308","4.784615","4.892308","4.861538","4.876923","5"
"PASS,CAROLINE GRACE","4987","4.315789","4.22807","3.859649","4.350877","4.767857","4.821429","4.803571","4.857143","4.732143","4.714286"
"PASSALACQUA,LUIZ","4988","4.55814","4.488372","3.906977","4.511628","4.465116","4.372093","4.813953","4.72093","4.627907","4.790698"
"PASSERETTI,SHARYN","4989","3.638889","3.861111","4.305556","3.805556","3.805556","3.361111","4.138889","4.25","3.888889","4.638889"
"PASTERNAK,JOE","4990","4.22561","4.109756","3.567073","4.176829","4.060976","4.420732","4.282209","4.423313","4.207317","4.243902"
"PATANKAR,SUMANT SHREEDHAR","4991","4.704403","4.672956","4.591195","4.628931","4.751592","4.713376","4.808917","4.821656","4.719745","4.802548"
"PATE,BRANDON J","4992","4.35443","4.379747","4.43038","4.265823","4.56","4.573333","4.653333","4.613333","4.52","4.635135"
"PATEL,BHAVANA","4993","4.596154","4.5","4.576923","4.576923","4.538462","4.519231","4.596154","4.557692","4.615385","4.596154"
"PATEL,BRIJ RAJESHKUMAR","4994","4.347826","4.478261","4.565217","4.391304","4.933333","4.866667","4.933333","5","5","4.866667"
"PATEL,PRITI","4995","3.766382","3.737892","3.700855","3.786325","3.974359","4.011396","4.176638","4.037037","4.116809","4.301994"
"PATHAK,PRAVEEN ASHOK","4996","4.241758","4.285714","4.346154","4.28022","4.392265","4.353591","4.513812","4.455556","4.318681","4.67033"
"PATHIRANNEHELAGE,HESHAN ARAVINDA","4997","3.704082","3.744898","3.015306","3.852041","3.307292","3.536458","3.818653","4","3.697917","3.689119"
"PATRA,KAJORI","4998","4.25","4.392857","4.285714","4.214286","4.285714","4.392857","4.535714","4.535714","4.464286","4.428571"
"PATRICK,CHELSEA","4999","4.538462","4.461538","4.846154","4.307692","4.615385","4.692308","4.923077","4.615385","4.769231","4.923077"
"PATRICK,ERIN E","5000","4.488994","4.422956","4.210692","4.378931","4.33758","4.479299","4.66242","4.688995","4.407643","4.743631"
"PATTERSON III,WILLIAM FRANK","5001","4.283333","4.108333","4.058333","4.341667","4.275","4.25","4.216667","4.325","4.308333","4.391667"
"PATTERSON,DWIGHT A","5002","4.333333","4.285714","4.52381","4.428571","4.285714","4.428571","4.571429","4.666667","4.428571","4.333333"
"PATTERSON,JOSHUA T","5003","4.222222","3.777778","4.222222","4.111111","4.666667","4.777778","4.888889","4.777778","4.666667","4.777778"
"PATTERSON,KIX","5004","4.6","4.58","4.54","4.6","4.84","4.88","4.94","4.92","4.88","4.9"
"PATTON,BRYCE ALLEN","5005","4.743243","4.648649","4.716216","4.648649","4.743243","4.864865","4.878378","4.864865","4.821918","4.837838"
"PATTON,KIMBERLY SAPIENZA","5006","2.266667","2.6","2.4","2.533333","4.375","4.375","4.375","4.375","4.375","4.375"
"PAUL,ANAND ABRAHAM","5007","4.218225","4.304556","4.06235","4.266187","4.242788","4.295673","4.403846","4.567308","4.211538","4.442308"
"PAUL,ANOMITRA","5008","3.083333","3.166667","2.708333","3","2.583333","2.916667","3.458333","3.086957","2.541667","3.291667"
"PAULAY,GUSTAV","5009","3.717949","3.512821","3.923077","3.641026","4","3.897436","4.282051","4.102564","4.025641","4.74359"
"PAULSON,SUSAN ANN","5010","4.30303","4.393939","4.484848","4.333333","4.606061","4.757576","4.575758","4.727273","4.757576","5"
"PAVAN,WILLINGTHON","5011","4.833333","4.633333","4.733333","4.7","4.793103","4.482759","4.896552","4.866667","4.896552","5"
"PAVLISH-CARPENTER,AURORA","5012","4.684211","4.368421","4.684211","4.473684","4.578947","4.421053","4.789474","4.526316","4.631579","4.789474"
"PAYKAR,ASHKAN TAPIA","5013","3.617647","3.911765","3.323529","4.058824","4.617647","4.676471","4.764706","4.588235","4.764706","4.941176"
"PEACH,MARCELLA MARIE","5014","4.68","4.64","3.96","4.64","4.24","4.24","4.68","4.6","4.4","4.56"
"PEARL,REBECCA L","5015","4.823529","4.647059","4.764706","4.647059","4.764706","4.823529","4.882353","4.823529","4.882353","4.823529"
"PEARLMAN,LAUREN","5016","4.178295","4.112403","4.255814","4.267442","4.340081","3.970833","4.363265","4.414634","4.530364","4.757085"
"PEARSON,BRIAN J","5017","4.166667","4.166667","3.666667","4","4.25","4.333333","4.5","4.583333","4.416667","4.5"
"PEARSON,CHARLES GAVIN","5018","4.625","4.625","4.75","4.625","4.875","4.625","4.875","5","4.5","4.75"
"PEARSON,THOMAS A","5019","3.666667","3.416667","3.75","4","4","4","4.111111","3.888889","4","4.333333"
"PEDA,ANDREA T","5020","4.550725","4.521739","4.130435","4.536232","4.362319","4.594203","4.550725","4.550725","4.492754","4.521739"
"PEDDIBHOTLA,SATYAMAHESHWAR","5021","4.059382","4.059382","4.085511","4.049881","4.014252","4.099762","4.232779","4.223278","3.921615","4.275534"
"PEDRAZA GIL,DIANA SOFIA","5022","3.857143","3.857143","4.285714","4","4.571429","4.857143","4.714286","4.714286","4.571429","4.714286"
"PEDROZO PENAFIEL,EDWIN EDUARDO","5023","3.285714","3.607143","3.464286","3.892857","2.892857","3.5","3.75","3.857143","3.107143","4.25"
"PEEK IV,CHARLES W","5024","4.160305","4.114504","3.877863","4.267176","3.977099","3.907692","4.10687","4.320611","4.045802","4.312977"
"PEI,QINGLIN","5025","4.4","4.4","4.4","4.5","4.35","4.55","4.45","4.55","4.2","4.65"
"PELLEGRIN,RICH","5026","4.330882","4.316176","4.330882","4.352941","4.183824","4.22963","4.470588","4.455882","4.161765","4.801471"
"PELLETIER,WILLIAM","5027","4.616","4.584","4.712","4.544","4.872","4.784","4.808","4.872","4.744","4.92"
"PELLISSERY,ABRAHAM JOSEPH","5028","3.928571","3.857143","4.428571","3.785714","4.214286","4.285714","4.642857","4.071429","4.285714","4.642857"
"PELOSI,JESSIE","5029","2.934959","2.902439","2.731707","3.089431","3.767857","3.955357","4.008929","4.205357","3.981982","4.185841"
"PELTO,JONATHAN","5030","4.688889","4.577778","4.644444","4.488889","4.8","4.8","4.933333","4.911111","4.8","4.955556"
"PELUFFO,MARIA CECILIA","5031","4.414634","4.390244","4.304878","4.408537","4.463415","4.317073","4.603659","4.682927","4.47561","4.634146"
"PELZ-STELINSKI,KIRSTEN","5032","4.5","4.5","2.75","4.25","3.75","3.75","4","4.25","3.5","3.5"
"PEMBERTON,KENNETH A","5033","4.625","4.5","4.5","4.375","4.625","4.5","4.625","4.625","4.625","4.625"
"PENDERGRASS,JANAE","5034","4.317073","4.268293","4.146341","4.414634","4.292683","4.341463","4.463415","4.658537","4.512195","4.487805"
"PENG,WEIGENG","5035","4.142857","4.190476","4.666667","4.380952","4.571429","4.714286","4.761905","4.761905","4.714286","4.666667"
"PENG,ZHONG-REN","5036","4","3.934783","4.173913","3.913043","4.130435","3.73913","4.456522","4.173913","4.217391","4.652174"
"PENN,RANDALL","5037","4.4375","4.5","4.0625","4.5","4.4375","4.4375","4.5625","4.375","4.5625","4.625"
"PENNAMON,TIFFANY ROBI","5038","4.465517","4.482759","4.293103","4.413793","4.396552","4.603448","4.586207","4.672414","4.603448","4.603448"
"PEPER,KATHARINE ELIZABETH","5039","4.689487","4.669927","4.713936","4.645477","4.911602","4.903315","4.91989","4.883978","4.906077","4.914365"
"PEREA,JUSTIN","5040","3.714286","3.714286","4","3.714286","4.142857","4.428571","4.714286","4.857143","4.571429","4.571429"
"PEREIRA PUNDRICH,GABRIEL","5041","4.597765","4.553073","4.659218","4.497207","4.731844","4.636872","4.865922","4.698324","4.636872","4.893855"
"PEREIRA,DEIDRE B","5042","4.625","4.513889","4.694444","4.541667","4.05","3.728814","4.237288","3.949153","4.169492","4.237288"
"PEREIRA,PATRICIA","5043","4.138462","4.092308","4.046154","4.092308","4.254237","4.254237","4.271186","4.305085","4.305085","4.305085"
"PEREIRA,WENDELL","5044","4.551724","4.396552","4.5","4.517241","4.655172","4.586207","4.775862","4.586207","4.689655","4.827586"
"PERERA,AJITH DHAMMAJEEWA","5045","4.416667","4.375","4.25","4.333333","4.545455","4.636364","4.727273","4.619048","4.5","4.863636"
"PEREZ MUNOZ,CRISTIAN DAVID","5046","4.324324","4.285714","4.262548","4.262548","4.274131","4.152344","4.656371","4.498069","4.310078","4.722008"
"PEREZ-MENDEZ,ALFONSO","5047","4.217391","4.217391","4.043478","4.304348","4.043478","3.956522","3.782609","4.347826","4.130435","4.391304"
"PEREZ,ALBERTO","5048","4.277457","4.236994","3.901734","4.040462","3.884393","3.988439","4.317919","4.323699","3.757225","4.66474"
"PEREZ,ARLETTE","5049","4.276596","4.191489","4.425532","4.255319","4.297872","4.489362","4.617021","4.531915","4.510638","4.595745"
"PEREZ,EDNA","5050","4.515152","4.393939","4.575758","4.545455","4.545455","4.545455","4.636364","4.757576","4.757576","4.787879"
"PEREZ,ELIANY","5051","4.25","4.25","4.375","4.25","4.375","4.625","4.75","5","4.625","4.75"
"PEREZ,GIANELLA","5052","4.451327","4.384956","4.168142","4.477876","4.309735","4.464602","4.577778","4.615044","4.438053","4.557522"
"PEREZ,GISSEL","5053","4.62963","4.592593","4.518519","4.518519","4.592593","4.851852","4.666667","4.888889","4.740741","4.62963"
"PEREZ,HECTOR E","5054","4.933333","4.866667","4.933333","4.666667","5","4.8","5","4.866667","4.933333","5"
"PEREZ,MARCELO","5055","4.2","4.3","4.157143","4.2","3.74","3.98","4.1","4.08","3.94","4.1"
"PERFIT,MICHAEL R","5056","","","","","","","","","",""
"PERHACH,PAULETTE","5057","5","5","5","5","5","5","5","4.666667","5","5"
"PERIASAMY,SIVAKUMAR","5058","4.5","4.5","4.666667","4.5","4.833333","4.833333","4.833333","4.833333","4.833333","4.833333"
"PERIS,JOANNA","5059","4.108597","4.113122","4.058824","4.108597","3.90367","3.922018","3.880734","4.091743","3.83945","4.298165"
"PERLIN,JOSHUA DAVID","5060","4.583333","4.375","4.5","4.416667","4.625","4.375","5","4.875","4.875","4.875"
"PERLSTEIN,WILLIAM MICHAEL","5061","4.375","4.34375","4.21875","4.375","4.40625","4.46875","4.6875","4.625","4.46875","4.6875"
"PERRAULT,PAUL GORDON","5062","4.3125","4.25","4.1875","4.25","4.0625","4.5625","4.5","4.4375","4.375","4.4375"
"PERRIER DE LA BATHIE,PIERRE EMMANUEL","5063","5","5","5","5","5","5","5","5","5","5"
"PERRON,NOE CORENTIN","5064","4.5","4.5","4.5","4.5","5","5","5","5","5","5"
"PERRY,DANAE","5065","4.461538","4.230769","4.153846","4.615385","4.461538","3.923077","4.769231","4.769231","4.692308","4.846154"
"PERRY,LINDA","5066","3.971831","3.957746","3.802817","4.042254","3.884058","4.108696","4.07971","4.311594","4.086957","4.311594"
"PERRY,WILLIAM S","5067","3.3","3.75","3.283333","3.783333","3.322034","3.677966","4.118644","4.118644","3.440678","4.576271"
"PERSAD,UMESH","5068","4.255435","4.192935","4.089674","4.046196","3.847973","4.131757","4.347973","4.297297","4.192568","4.513514"
"PERSHOUNIN,ALEXANDER","5069","4","3.888889","4.444444","4","4","4","3.444444","4.222222","4","4.555556"
"PERZ,STEPHEN GEORGE","5070","4.533333","4.483333","4.616667","4.45","4.733333","4.783333","4.833333","4.816667","4.716667","4.9"
"PESANTES-TAVARES,EILEEN R","5071","4.16358","4.098765","3.975309","4.265432","4.123457","4.368421","4.411765","4.481481","4.262346","4.518519"
"PESAR,ELIZABETH ALEXANDRA","5072","4.571429","4.558442","4.402597","4.597403","4.583333","4.672131","4.666667","4.666667","4.6","4.633333"
"PETER,GARY FRANK","5073","4.288889","4.2","4.2","4.255556","4.1","3.988889","4.213483","4.344444","4.166667","4.377778"
"PETERS,ALLISON KATHLEEN","5074","4.324219","4.300781","4.269531","4.289062","4.399103","4.547085","4.569507","4.560538","4.44843","4.596413"
"PETERS,JORG","5075","3.911765","4","3.911765","3.911765","3.676471","4.088235","4.044118","4.205882","3.455882","4.720588"
"PETERS,LEEANA D","5076","3","4","4","4","4","4","4","4","4","5"
"PETERSEN,ALICIA KATHRYN","5077","1.991935","2.266129","2.306452","2.41129","1.854839","1.596774","2.306452","2.080645","1.903226","2.927419"
"PETERSEN,CHRISTOPHER DANIEL","5078","3.718147","3.791506","4.208494","3.803089","3.803089","3.444015","4.555985","4.104247","3.629344","4.84556"
"PETERSON,ANGELA","5079","4.444444","4.4","3.666667","4.466667","4.044444","4.266667","4.355556","4.422222","4.333333","4.577778"
"PETERSON,ANNA","5080","4.232283","4.259843","4.519685","4.283465","4.456349","4.381526","4.72619","4.626984","4.599206","4.896825"
"PETERSON,BRANDON J","5081","4.5","4.428571","4.642857","4.428571","4.571429","4.714286","4.857143","4.714286","4.785714","4.857143"
"PETERSON,HELEN","5082","3.73913","4","4","3.826087","3.9375","3.9375","4.4375","4","3.9375","4.3125"
"PETIT,LOUISE","5083","4.625","4.625","4.75","4.5","4","4.375","4.375","4.375","4.125","4.375"
"PETRUS,CRAIG W","5084","4.234568","4.098765","4.530864","4.197531","4.506173","4.530864","4.790123","4.679012","4.654321","4.876543"
"PETTY,MELINDA W","5085","4","4.032258","4.16129","3.967742","3.533333","3.733333","3.766667","3.766667","3.566667","4.033333"
"PEZOLDT,AMY FAITH","5086","4.21875","4.1875","4.125","4.1875","4.230769","4.538462","4.384615","4.5","4.307692","4.423077"
"PFUND,CHRISTOPHER WILLIAM","5087","4.705882","4.352941","4.852941","4.441176","4.823529","4.852941","4.941176","4.676471","4.794118","5"
"PFUNTNER,JERRY M","5088","4.655172","4.758621","4.655172","4.62069","4.655172","4.586207","4.827586","4.896552","4.448276","4.965517"
"PHALIN,AMANDA","5089","4.231973","4.141366","3.892315","4.200664","4.273159","4.26416","4.45126","4.50214","4.446029","4.576046"
"PHALIN,BENJAMIN R","5090","4.6","4.533333","4.2","4.666667","4.333333","4.333333","4.466667","4.4","4.466667","4.4"
"PHAM,ANDREA HOA","5091","4.571429","4.326531","4.489796","4.489796","4.673469","4.755102","4.55102","4.591837","4.55102","4.755102"
"PHAM,KASEY KHANH","5092","4.416667","4.083333","4.25","4.25","4.75","4.833333","4.916667","4.916667","4.916667","5"
"PHAM,MINH","5093","4.509434","4.45283","4.301887","4.490566","4.5","4.5","4.6","4.641026","4.5","4.525"
"PHAM,TUYEN QUOC","5094","4.207547","4.396226","4.09434","4.283019","4.083333","4.346939","4.408163","4.387755","4.354167","4.270833"
"PHAN,HIEN LE DIEU","5095","3.440678","3.745763","4","3.491525","3.915254","4.135593","4.372881","4.169492","3.627119","4.457627"
"PHARIES,DAVID A","5096","4.162791","4.093023","4.302326","4.27907","4.069767","4.302326","4.232558","4.651163","4.093023","4.790698"
"PHELPS,EDWARD A","5097","4.603604","4.504505","4.513514","4.486486","4.684685","4.590909","4.745455","4.788991","4.621622","4.783784"
"PHILLIPS,A BRIAN","5098","4.142857","4.285714","4.142857","4.428571","4.142857","4.142857","4.142857","4.285714","4","4.571429"
"PHILLIPS,BRADLEY NICHOLAS","5099","4.762712","4.728814","4.745763","4.694915","4.915254","4.915254","4.915254","4.90678","4.90678","4.949153"
"PHILLIPS,BRIAN","5100","4.73913","4.681159","4.463768","4.681159","4.724638","4.681159","4.695652","4.73913","4.782609","4.73913"
"PHILLIPS,ELI","5101","4.363636","4.477273","4.5","4.272727","4.704545","4.659091","4.704545","4.636364","4.636364","4.795455"
"PHILLIPS,JACKIE","5102","4.115385","4.269231","4.423077","4.269231","4.653846","4.653846","4.923077","4.807692","4.923077","4.961538"
"PHILLIPS,MICHELLE A","5103","4.368539","4.298876","4.267416","4.294382","4.402247","4.579775","4.61573","4.725843","4.460674","4.658427"
"PHILLPOT,SIMON R","5104","4.042328","4.026455","4.021164","4.05291","4.005319","4.138298","4.505319","4.585106","3.994681","4.654255"
"PHITIDES,NICHOLAS ALEXANDER LEON","5105","3.826923","3.961538","4.173077","3.788462","3.959184","4.163265","4.142857","4.102041","4.040816","4.306122"
"PHLIPS,EDWARD J","5106","4.305263","4.105263","3.715789","4.315789","4.389474","4.421053","4.452632","4.473684","4.431579","4.642105"
"PHO,HOANG DUC","5107","4.25","4.2","4.15","4.325","4.275","4.475","4.525","4.6","4.225","4.725"
"PIAZZA,BECKY ANN","5108","4.611408","4.56328","4.713012","4.447415","4.846429","4.890877","4.889286","4.878571","4.816071","4.955357"
"PICCIONE,NICHOLAS MATTHEW","5109","4.422018","4.247706","3.899083","4.422018","4.247706","4.550459","4.623853","4.678899","4.513761","4.546296"
"PICKERAL,CHARLES WILKINS","5110","3.955414","3.934183","3.823779","4.044586","4.054237","4.064626","4.255102","4.091525","4.132203","4.427119"
"PICKERNELL,SARA E","5111","4.387097","4.33871","4.209677","4.451613","4.532258","4.790323","4.741935","4.870968","4.596774","4.887097"
"PIECZYNSKI,STEPHANIE GERETTE","5112","4.1","4.4","3.9","4.1","4.2","4.3","4.4","4.6","4.4","4.5"
"PIERCE,BRIAR","5113","3.903226","3.896774","3.541935","3.974194","3.75817","4.059211","4.124183","4.164474","3.862745","4.137255"
"PIERCEY,NAOMI M","5114","4.3","4.4","4.6","4.4","4.7","4.8","4.9","4.6","4.8","4.9"
"PIEREZAN,FELIPE","5115","4.512456","4.483986","4.587189","4.448399","4.761364","4.714286","4.789773","4.778409","4.772727","4.823864"
"PIERRE-PAUL JR,HERVE","5116","4.454545","4.454545","4.772727","4.545455","4.727273","4.681818","4.909091","4.863636","4.863636","4.863636"
"PIERRE,MOLENE","5117","3.5","3.5","3.5","3.5","3.75","3.75","4","3.75","3.75","3.75"
"PILOYAN,ANAIT","5118","4.230769","4.153846","4.461538","4.384615","3.923077","4.538462","4.153846","4.461538","4.307692","4.307692"
"PILYUGIN,SERGEI S","5119","3.991071","4.080357","3.9375","3.9375","3.946429","4.035714","3.919643","4.464286","4.035714","4.446429"
"PINE,BILL","5120","4.869565","4.826087","4.73913","4.826087","3.666667","3.666667","3.666667","3.666667","3.666667","3.666667"
"PINK,RICK","5121","4.666667","4.666667","4.666667","4.666667","4.666667","4.666667","4.666667","4.666667","4.666667","4.666667"
"PINKHAM,ALEXANDRA PATRICIA","5122","4.432432","4.351351","4.432432","4.378378","4.594595","4.594595","4.783784","4.702703","4.702703","4.864865"
"PINKNEY,MIKELL","5123","4.37931","4.344828","4.482759","4.344828","4.448276","4.448276","4.482759","4.310345","4.206897","4.586207"
"PINKOSKI,NATHAN","5124","4.321429","4.214286","4.5","4.035714","4.428571","4.5","4.642857","4.607143","4.321429","4.857143"
"PINTA,ÉLIE","5125","4.7","4.6","4.8","4.8","4.8","4.8","4.6","4.6","4.6","4.9"
"PIRAMUTHU,SELWYN","5126","4.134078","4.24581","4.195531","4.206704","4.312849","4.391061","4.486034","4.513966","4.290503","4.586592"
"PISMENNY,ARINA V","5127","4.257778","4.244444","4.195556","4.288889","4.286667","4.35123","4.448889","4.604444","4.434298","4.526667"
"PISZCZATOSKI,DEVYN","5128","4.133333","4.133333","3.466667","3.933333","4.285714","4.571429","4.285714","4.5","4.428571","4.285714"
"PITKETHLY,OLIVIA KRISTIN","5129","4","3.75","4.25","4","4.25","4.25","4.5","4","4","4.5"
"PITTET GONZALEZ,LUNA ARSINOE","5130","4.42","4.34","4.3","4.4","4.5","4.68","4.7","4.68","4.5","4.64"
"PIWOWAREK,WILLIAM JOHN","5131","4.75","4.5625","4.625","4.5","4.9375","4.875","4.9375","4.9375","4.9375","5"
"PLACE,JENNIFER","5132","3.235294","3.352941","3.588235","3.470588","3.176471","3.882353","3.647059","4.117647","3.470588","3.705882"
"PLATT,LISA SUNDAHL","5133","4.67033","4.527473","4.637363","4.56044","4.844444","4.7","4.844444","4.744444","4.655556","4.922222"
"PLEX SULA,AARON","5134","4.6","4.4","4.4","4.4","4.2","4.6","4.6","4.4","4","4.4"
"PLONK,DANIEL WARREN","5135","3.318182","3.378788","3.136364","3.590909","2.80303","3","3.560606","3.242424","2.833333","4.212121"
"PLOSCHNITZKI,PATRICK","5136","4.636364","4.272727","4.590909","4.272727","4.590909","4.545455","4.727273","4.681818","4.545455","4.909091"
"PLOTKIN,DAVID M","5137","4.142857","3.857143","4.214286","4.357143","4.428571","4.428571","4.5","4.428571","4.5","4.714286"
"PLOTKIN,SHARON LEE","5138","4.037037","4.037037","4.259259","4.222222","4","4.259259","4.074074","4.407407","3.703704","4.62963"
"PLOTNER,SIERRA C","5139","4.481132","4.396226","4.462264","4.471698","4.698113","4.839623","4.773585","4.783019","4.707547","4.773585"
"PLOURDE,MICHELLE ANN","5140","4.564516","4.416129","4.545161","4.390323","4.583333","4.527094","4.702439","4.642157","4.696078","4.857843"
"PLOWMAN,EMILY KATE","5141","4.166667","4.166667","2.875","4.458333","3.5","3.208333","3.541667","3.375","4.25","4.25"
"PLUMMER,CARYN E","5142","4.62877","4.50116","4.533643","4.563805","4.665672","4.494012","4.695522","4.59403","4.690476","4.767857"
"PLUNKETT,EMILY L","5143","4.402464","4.324435","4.082136","4.38809","4.453608","4.453608","4.639175","4.65567","4.608247","4.672165"
"PLUNKETT,NATASHA N","5144","4.430769","4.323077","4.446154","4.4","4.523077","4.492308","4.707692","4.569231","4.569231","4.630769"
"POCESKI,MARIO","5145","4.08","3.68","3.4","4.32","4.24","4.12","3.84","4.4","4.08","4.32"
"PODLESNIK,CHRIS","5146","4.395522","4.30597","4.477612","4.447761","4.470149","4.323308","4.597015","4.686567","4.529851","4.746269"
"PODSAKOFF,PHILIP","5147","4.660194","4.524272","4.592233","4.524272","4.776699","4.398058","4.84466","4.805825","4.76699","4.893204"
"POELLMITZ,BILL","5148","4.15","4.05","3.8","4.1","3.95","4.15","4.1","3.9","4.05","4.4"
"POINCON,LILIANE","5149","4","4","3.678571","4.25","4.380952","4.285714","4.571429","4.47619","4.571429","4.571429"
"POKHAREL,SAROJ","5150","4.029762","4.068452","3.491071","4.077381","3.676737","3.809091","4.045317","4.169697","3.804878","4.142424"
"POLAK,KATHERINE C","5151","4.666667","4.666667","4.444444","4.777778","4.777778","4.666667","4.777778","4.666667","4.666667","4.777778"
"POLANCO,AROD JESUS","5152","4.5","4.5","4.452381","4.547619","4.609756","4.682927","4.731707","4.780488","4.756098","4.658537"
"POLING,NATHANIEL D","5153","4.615385","4.615385","4","4.769231","4.076923","3.769231","4.538462","4.461538","4.538462","4.615385"
"POLITZ,SARAH","5154","5","5","5","4.875","5","5","5","5","5","5"
"POLLETT,COLLEEN ELAINE","5155","4.758621","4.672414","4.396552","4.672414","4.637931","4.568966","4.775862","4.810345","4.741379","4.862069"
"POLLI,LAURELINE CHLOE","5156","4.636364","4.659091","4.181818","4.636364","4.613636","4.704545","4.772727","4.818182","4.863636","4.886364"
"POLLOCK,SARA","5157","4.736842","4.649123","4.666667","4.684211","4.77193","4.859649","4.912281","4.894737","4.736842","4.929825"
"POLNARIEV,ALAN A","5158","4.4","4.45","4.6","4.3","4.75","4.6","4.75","4.55","4.75","4.8"
"POLO,MARCO MANUEL","5159","4.363636","4.181818","4.454545","4.272727","4.090909","4.363636","4.363636","4.181818","3.818182","4.090909"
"POMERANZ,JAMIE L","5160","4.600522","4.579634","4.545692","4.543081","4.741514","4.744125","4.887728","4.804178","4.830287","4.916449"
"POMPUTIUS,ARIEL","5161","4.571429","4.571429","4.857143","4.714286","4.857143","4.428571","4.857143","4.571429","4.857143","5"
"PONCIANO CASTELLANOS,JOSE","5162","4.40625","4.46875","4.53125","4.40625","4.59375","4.03125","4.709677","4.6875","4.3125","5"
"PONICSAN,IVONNE","5163","4.545455","4.454545","4.727273","4.636364","4.909091","5","5","5","5","5"
"POOLE,JAMES L","5164","4.43","4.41","4.255","4.38","4.502564","4.548718","4.666667","4.65641","4.646154","4.646154"
"PORAZINSKA,DOROTA","5165","4.2","4.123077","4.092308","4.261538","4.230769","4.430769","4.276923","4.338462","4.215385","4.446154"
"PORGES,ERIC S","5166","4.511628","4.418605","4.44186","4.511628","4.302326","4.372093","4.72093","4.44186","4.581395","4.767442"
"PORRAS,ANA MARIA","5167","4.484076","4.477707","4.388535","4.382166","4.598726","4.611465","4.732484","4.687898","4.55414","4.828025"
"PORTELA,DIEGO ANGEL","5168","4.654788","4.547884","4.648107","4.554566","4.6","4.602694","4.656667","4.606667","4.6","4.68"
"PORTELL,ROGER W","5169","5","5","5","5","5","5","5","5","5","5"
"PORTER-ROBERTS,J DIANE","5170","4.506522","4.552174","4.578261","4.365217","4.782135","4.841304","4.840959","4.819565","4.778261","4.871739"
"PORTER,ALLEN","5171","4.607143","4.714286","4.857143","4.642857","4.892857","4.821429","4.857143","4.678571","4.642857","4.928571"
"PORTER,DANIELLA S","5172","4.487805","4.463415","4.268293","4.463415","4.585366","4.634146","4.731707","4.756098","4.560976","4.658537"
"PORTER,ERIN GORDON","5173","4.397436","4.397436","4.512821","4.423077","4.267857","4.017857","4.160714","4.053571","4.214286","4.214286"
"PORTER,MATTHEW WAYNE","5174","3.959184","3.938776","4.122449","3.959184","4.44898","4.367347","4.571429","4.530612","4.591837","4.795918"
"PORTILLO,MARGARET","5175","4.714286","4.571429","4.428571","4.714286","4.142857","4.428571","4.714286","4.142857","4.428571","4.714286"
"PORTMESS,JASON D","5176","3.224956","3.392794","3.31283","3.463093","2.714789","3.103965","3.043096","3.842568","2.764292","4.209323"
"PORTO,ARTHUR","5177","4.71875","4.625","4.59375","4.6875","4.75","4.65625","4.75","4.75","4.625","4.78125"
"PORZECANSKI,IGNACIO","5178","3.84","3.92","4.28","3.96","3.88","3.6","4.16","4.04","3.72","4.4"
"POTSDAM,ERIC H","5179","4","5","5","5","5","5","5","5","5","5"
"POTTER,JARED TAYLOR","5180","4.5","4.388889","4.388889","4.361111","4.833333","4.75","4.861111","4.805556","4.805556","4.833333"
"POUGET,DENISE","5181","4.423077","4.423077","4.346154","4.538462","4.461538","4.5","4.653846","4.653846","4.653846","4.730769"
"POULIOT,JOURDAN","5182","3.5","3.333333","3.5","3.833333","3.5","4.5","3.833333","4.5","3.666667","4"
"POULOS,MICHAEL G","5183","4.111111","4.055556","4.055556","4.111111","4.176471","4.294118","4.352941","4.294118","4.470588","4.411765"
"POURMOMENI,SHIMA","5184","4.545455","4.272727","4.272727","4.636364","4.181818","4.727273","4.727273","4.545455","4.181818","4.909091"
"POWELL,ABBY","5185","3","4","5","5","5","5","5","5","5","5"
"POWELL,HEIDI C","5186","4.517857","4.464286","4.285714","4.482143","4.571429","4.482143","4.732143","4.517857","4.464286","4.875"
"POWELL,JASON","5187","4.761468","4.724771","4.743119","4.688073","4.888889","4.888889","4.907407","4.87963","4.898148","4.907407"
"POWER SMITH,MARK","5188","4.222222","4.296296","4.555556","4.074074","4.037037","4.111111","4.481481","4.481481","4.222222","4.666667"
"POWER,KASEY","5189","4.606061","4.590909","4.484848","4.575758","4.787879","4.863636","4.787879","4.787879","4.69697","4.878788"
"POZEK,EMILY ANNE","5190","4.833333","4.333333","4.888889","4.611111","5","4.944444","5","5","5","5"
"POZOR,MALGORZATA ANNA","5191","4.196078","3.941176","4.058824","4.196078","4.183673","3.959184","4.102041","3.895833","4.204082","4.714286"
"POZZI,FEDERICO","5192","4.712025","4.623418","4.636076","4.582278","4.761905","4.720635","4.739683","4.761905","4.711111","4.714286"
"PRACHT,DALE","5193","4.515152","4.606061","4.818182","4.606061","4.757576","4.787879","4.969697","4.909091","4.727273","5"
"PRENTICE,BOONE M","5194","4.23622","4.173228","4.212598","4.299213","4.204724","4.15748","4.464567","4.637795","4.133858","4.519685"
"PRESNELL,BRETT DOUGLAS","5195","4.057692","4.201923","3.605769","4.288462","3.625","3.846154","3.951923","4.163462","3.817308","4.307692"
"PRESS,JORDAN","5196","4.066667","4.1","4.266667","4.366667","4.533333","4.8","4.6","4.8","4.7","4.466667"
"PRESSLY,DAVID FINN","5197","5","4.666667","4.666667","4.666667","5","4.666667","5","5","5","5"
"PRESSRAM,AROON","5198","4.576923","4.538462","4.576923","4.5","4.391304","4.28","4.6","4.666667","4.333333","4.541667"
"PREVATT,DAVID OTWAY","5199","3.965517","4.034483","4.344828","4.068966","3.965517","3.896552","4.482759","4.034483","3.793103","4.862069"
"PRICE,CATHERINE","5200","4.709677","4.629032","4.66129","4.548387","4.770492","4.783333","4.868852","4.816667","4.754098","4.934426"
"PRICE,JACQUELINE ANN","5201","4.333333","4.111111","4.333333","4","4.333333","4.111111","4.222222","3.666667","4.333333","4.666667"
"PRICE,KATIE WADLER","5202","4.617647","4.558824","4.735294","4.676471","4.823529","4.970588","5","4.970588","4.882353","4.882353"
"PRICHARD,CARSON","5203","4.179487","4","4.205128","4.102564","4.230769","4.74359","4.410256","4.641026","4.205128","4.538462"
"PRIETO,OSCAR GABRIEL","5204","4.469231","4.330769","4.538462","4.361538","4.653846","4.384615","4.769231","4.653846","4.592308","4.884615"
"PRINCE,CANDICE","5205","4.315789","4.368421","3.842105","4.421053","4.421053","4.105263","4.578947","4.421053","4.526316","4.526316"
"PRINCIPE,JOSE C","5206","4.057971","4.26087","3.797101","4.144928","4","4.014706","4.044118","4.264706","3.955882","4.411765"
"PRINE,AMANDA NEWSOME","5207","4.794118","4.735294","4.764706","4.794118","4.735294","4.764706","4.764706","4.764706","4.735294","4.764706"
"PRINGLE,ROSE MARIE","5208","4.333333","4.333333","4.037037","4.296296","4.185185","4.333333","4.62963","4.518519","4.407407","4.666667"
"PRINS,CINDY A","5209","4.428571","4.142857","4.571429","4.142857","4.857143","4.857143","5","4.857143","4.857143","4.857143"
"PRITCHARD,ADAM","5210","4.708333","4.583333","4.666667","4.583333","4.708333","4.541667","4.708333","4.666667","4.75","4.875"
"PRIZZIA,ANNA","5211","4.5","4.5","3.5","4.5","4","4.5","4.5","4.5","4.5","4.5"
"PROKOP,STEFAN","5212","4.769231","4.461538","4.846154","4.461538","4.769231","4.727273","4.769231","4.727273","4.769231","4.769231"
"PROPHET,ERIN","5213","4.507937","4.354497","4.407407","4.365079","4.62963","4.550265","4.746032","4.693122","4.571429","4.830688"
"PROSPERI,MATTIA","5214","4.62963","4.62963","4.740741","4.62963","4.833333","4.888889","5","4.944444","4.888889","5"
"PROVOST,ADRIENNE L","5215","4.736842","4.736842","4.631579","4.526316","4.842105","4.894737","4.894737","4.894737","4.894737","4.894737"
"PRUETT,AMY","5216","4.75","4.666667","4.916667","4.666667","4.833333","4.6","4.833333","4.909091","4.916667","4.833333"
"PRUINELLI,LISIANE","5217","3.795918","3.836735","3.816327","3.77551","4.237113","4.391753","4.525773","4.515464","4.443299","4.56701"
"PRUITT,JOSEPH M","5218","4.222222","4.12963","4.166667","4.166667","4.442308","4.596154","4.615385","4.711538","4.588235","4.538462"
"PRYER,SAMANTHA LAUREN YOUNG","5219","4.481481","4.37037","4.555556","4.37037","4.777778","4.666667","4.888889","4.777778","4.925926","4.851852"
"PRYOR,CHRISTOPHER GARRETT","5220","4.454545","4.462338","4.672727","4.34026","4.653646","4.651042","4.683117","4.735065","4.633766","4.888312"
"PSHEA-SMITH,IAN ALEXANDER","5221","4.481283","4.449198","4.176471","4.502674","4.472973","4.642857","4.590604","4.597315","4.540541","4.583893"
"PTACEK,ROSS","5222","3.676519","3.883415","3.65353","3.865353","3.868204","3.940692","4.087315","4.362438","3.960461","4.177924"
"PU,JINGCHUAN","5223","4.224066","4.259336","4.13278","4.290456","4.107884","4.116183","4.356846","4.462656","4.058091","4.516598"
"PUCKETT,HANNAH","5224","3.557692","3.615385","3.423077","3.903846","4.24","4.56","4.44","4.64","4.32","4.48"
"PUFAHL,JEFFREY","5225","4.04","4.06","4.52","3.94","4.28","4.42","4.52","4.24","4.34","4.88"
"PULLAMMANAPPALLIL,PRATAP","5226","3.676471","3.764706","3.205882","3.911765","3.764706","3.470588","3.705882","3.588235","3.647059","3.794118"
"PUNTHASEE,PUMINAN","5227","4.464058","4.489536","4.268426","4.519563","4.603464","4.385949","4.691887","4.7165","4.639015","4.882407"
"PURCELL,DOMINIC","5228","3.9375","3.8125","4.3125","4.0625","4.625","4.6","4.733333","4.625","4.5625","4.75"
"PURICH,DANIEL L","5229","4.171617","3.943894","3.834983","4.140814","4.06181","3.937086","4.23348","4.390298","4.071665","4.54185"
"PURVES,DUNCAN","5230","4.380435","4.384058","4.507246","4.402174","4.612319","4.481884","4.688406","4.721014","4.73913","4.833333"
"PURVIS,LEE N","5231","3.794118","3.75","4.088235","3.882353","3.720588","3.205882","4.161765","3.411765","3.882353","4.455882"
"PUSCAMA,MARIA GABRIELA","5232","4.524752","4.415842","4.623762","4.376238","4.772277","4.831683","4.861386","4.841584","4.792079","4.940594"
"PUTZ,FRANCIS E","5233","4.833333","4.5","4.833333","4.666667","4.5","4.333333","4.166667","4.166667","4","5"
"PYCHE,COURTNEY","5234","4.315789","4.210526","4.473684","4.421053","4.368421","4.421053","4.631579","4.684211","4.526316","4.684211"
"QIAN,WEIKANG","5235","4.098592","4.070423","3.619718","4.119718","4.023438","4.140625","4.15625","4.210938","4.140625","4.195312"
"QIAN,ZHIJIAN","5236","4","5","5","5","5","5","5","5","5","5"
"QIU,LIANGFEI","5237","4.251232","4.305419","4.182266","4.305419","4.463054","4.517241","4.589109","4.767327","4.371287","4.811881"
"QIU,PEIHUA","5238","4.542857","4.542857","4.485714","4.542857","4.6","4.714286","4.714286","4.685714","4.628571","4.714286"
"QUADRADO,GABRIELLE","5239","3.901786","3.982143","4.348214","3.901786","4.216216","4.517857","4.544643","4.504505","4.45045","4.621622"
"QUAN,JIA","5240","4.130435","4.086957","3.956522","4.304348","4.173913","4.217391","4.304348","4.478261","4.26087","4.565217"
"QUEEN,APRINDA INDAHLASTARI","5241","4.614035","4.587719","4.552632","4.508772","4.6875","4.761062","4.8125","4.866071","4.539823","4.867257"
"QUICENO DURAN,YEISON","5242","4.025316","4.139241","4","4.101266","4.202532","4.253165","4.265823","4.379747","4.21519","4.43038"
"QUICHIMBO,FABIAN LEONARDO","5243","4.5","4.5","4","4","4","4","4","4","4","4.5"
"QUIJANO,MARIANNE PATRICIA","5244","4.5","4.458333","4.333333","4.5","4.5","4.833333","4.916667","4.791667","4.583333","4.916667"
"QUINLAN,DENISE C","5245","3.457143","3.428571","4.142857","3.628571","3.8","3.8","4.542857","4.371429","3.971429","4.8"
"QUINN,CAITLIN","5246","4.6875","4.6875","4.5625","4.6875","4.875","4.9375","4.8125","5","4.875","4.9375"
"QUINN,NICOLE F","5247","4.355263","4.289474","4.381579","4.421053","4.263158","4.368421","4.684211","4.631579","4.434211","4.657895"
"QUINONES,TATE A","5248","4.8","4.8","5","4.8","4.6","4.8","5","4.8","4.8","5"
"QUIROZ,LOVELL","5249","3.222222","3.333333","3.444444","3.333333","2.555556","3.222222","3.111111","3.333333","2.222222","4"
"R SHANKAR,VINAY","5250","4.444444","4.260417","4.229167","4.329861","4.871528","4.864583","4.930556","4.913194","4.847222","4.888889"
"RAC,KATALIN F","5251","4.583333","4.583333","4.583333","4","4.666667","4.75","4.416667","4.833333","4.25","4.75"
"RADUNOVICH,HEIDI L","5252","4.454545","4.418182","4.072727","4.509091","4.490909","4.654545","4.636364","4.781818","4.636364","4.709091"
"RADWAN,MOHAMED OSMAN AHMED","5253","4","4","4","4","4","4.166667","4.166667","4.166667","3.833333","4.166667"
"RAE,BRAXTON","5254","4.258065","4.354839","4.548387","4.032258","4.322581","3.83871","4.645161","4.096774","4.258065","4.677419"
"RAE,D OWEN","5255","4.049327","4.076233","4.439462","4.098655","4.373206","4.315789","4.511962","4.363636","4.492823","4.54067"
"RAEF,JENNIFER MADELAINE","5256","4.590909","4.380682","4.125","4.448864","3.653179","4.034682","4.248555","4.369942","3.774566","4.190751"
"RAFIQ,FAHAD","5257","4.113636","3.772727","3.136364","4.090909","3.5","3.75","3.6875","3.75","3.8125","3.6875"
"RAGAN,ERIC","5258","4.5","4.083333","4.583333","4.583333","4.583333","4.5","4.75","4.416667","4.416667","4.916667"
"RAHAMAN,MASHOUKUR","5259","4.054348","4.045652","3.678261","4.102174","4.105431","4.213376","4.201278","4.217252","4.194888","4.207668"
"RAHIMI,FAHIMEH","5260","4.363636","4.227273","4.136364","4.454545","3.333333","3.444444","3.444444","3.444444","3.444444","3.444444"
"RAHIMI,SEYEDAHMAD","5261","4.4","4.435294","4.352941","4.376471","4.464286","4.488095","4.642857","4.690476","4.428571","4.761905"
"RAHMAN,AADIL A","5262","4.65","4.45","4.65","4.55","4","4.578947","4.684211","4.368421","4.421053","4.578947"
"RAHMAN,FAIAZ","5263","4.619048","4.642857","4.380952","4.619048","4.642857","4.809524","4.809524","4.785714","4.690476","4.785714"
"RAHMAN,PROTIVA","5264","4.130435","3.956522","4.391304","4","4.173913","4.26087","4.391304","4.434783","4.217391","4.521739"
"RAHMANI,MARIAM","5265","","","","","","","","","",""
"RAHMAWATI,AYU DIASTI","5266","4.4","4.2","3.8","4.6","4.2","4","4.2","4.4","4.6","4.8"
"RAINEY,FREDERICK ANDREW","5267","4.545455","4.545455","4.454545","4.363636","3.833333","4.166667","4.333333","4.666667","4.166667","4.166667"
"RAJAN,ABHISHEK","5268","4.636364","4.636364","4.636364","4.636364","4.8","4.9","4.9","4.9","4.9","4.9"
"RAJAPAKSHE,THARANGA K","5269","3.798535","3.923077","3.956044","3.967033","3.923077","4.2","4.165441","4.501845","3.849817","4.490842"
"RAJDERKAR,DHANASHREE","5270","4.75","4.75","4.75","4.75","4.333333","4.666667","4.666667","4.666667","4.666667","4.666667"
"RAKOV,VLADIMIR A","5271","4.387931","4.431034","4.086207","4.551724","4.241379","4.387931","4.482759","4.594828","4.362069","4.698276"
"RAMAGE,MATTHEW","5272","4.333333","4.333333","3.666667","4","3.333333","3.333333","4","4","4","4"
"RAMASAMY RAJAGOPAL,NAGARAJAN","5273","4.42449","4.383673","4.306122","4.322449","4.412245","4.620408","4.522449","4.790984","4.297959","4.595918"
"RAMBO,KEITH JEFFREY","5274","4.363775","4.290715","4.150685","4.272451","4.090909","4.291994","4.56044","4.577708","4.053375","4.748823"
"RAMIREZ SALGADO,ANDREA","5275","4.58042","4.587413","4.587413","4.531469","4.741259","4.832168","4.832168","4.867133","4.804196","4.888112"
"RAMIREZ, PHD.,,SERVIO H","5276","4.533333","4.6","4.666667","4.333333","4.714286","4.583333","4.642857","4.785714","4.857143","4.785714"
"RAMIREZ,ANN M","5277","4.054422","3.993197","4.176871","4.129252","4.216667","4.529412","4.45","4.554622","4.258333","4.6"
"RAMIREZ,ESTEBAN","5278","4.15625","4.09375","4.34375","4.0625","4.3125","4.225806","4.548387","4.5","4.1875","4.4375"
"RAMIREZ,HARVEY E","5279","5","5","5","5","5","5","5","5","5","5"
"RAMOS DE OLIVEIRA FILHO,EDMAR","5280","4.6","4.4","4.8","4.4","4.4","4.75","4.6","4.75","4.6","4.4"
"RAMOS NISIO,DANILLO RAMON","5281","3.826087","3.73913","3.73913","3.956522","3.956522","4.173913","4.391304","4.478261","4","4.478261"
"RAMOS P.,CARLOS","5282","4.285714","4.214286","4.642857","4.357143","4.714286","4.642857","4.714286","4.785714","4.642857","4.571429"
"RAMOS SEGURA,RICHARD","5283","4.471429","4.4","4.485714","4.371429","4.6","4.671429","4.9","4.714286","4.685714","4.9"
"RAMOS,CHRISTINA MARIE","5284","3.979592","3.918367","3.632653","4.081633","3.938776","3.877551","4.122449","3.877551","4.142857","4.285714"
"RAMOS,HERMAN U","5285","4.654762","4.52381","4.690476","4.559524","4.857143","4.630952","4.880952","4.761905","4.821429","4.869048"
"RAMPAZZI,SARA","5286","4.068421","4.023684","3.9","4.115789","3.973615","4.050132","4.163588","4.329815","4.113456","4.469657"
"RAMSEY,EMILY","5287","4.537037","4.518519","4","4.5","4.555556","4.648148","4.666667","4.722222","4.685185","4.703704"
"RANA,SABHYA","5288","3.25","3.75","3.75","3.25","5","4.666667","4.75","4.666667","4.75","4.75"
"RANA,SUNANDA","5289","4.054054","4","3.324324","4.27027","3.515152","3.787879","3.909091","4.090909","3.878788","4"
"RANDALL,ZACHARY","5290","4.666667","4.333333","4.333333","4.666667","4.666667","4.666667","4.666667","4.666667","4.666667","4.666667"
"RANE,SCOTT","5291","4.71618","4.67374","4.697613","4.604775","4.803714","4.748011","4.872679","4.811671","4.753316","4.856764"
"RANGARAJAN,ANAND","5292","4.139535","4.127907","4.27907","4.151163","4.27907","4.104651","4.418605","4.430233","4.197674","4.662791"
"RANI,NEHA","5293","3.525641","3.424359","3.091026","3.238462","2.980745","3.377892","3.550706","3.888318","3.472401","3.604621"
"RANJAN,SAURABH","5294","2.583333","2.333333","3.333333","3.166667","2.5","2.75","2.25","2.583333","2.333333","2.833333"
"RANKA,SANJAY","5295","3.769231","3.846154","3.423077","3.961538","3.307692","3.692308","3.884615","4","3.653846","3.923077"
"RANSDEN,KATHERINE ELIZABETH","5296","4.166667","4","4.166667","4.166667","4.103448","4.37931","4.517241","4.793103","4.37931","4.62069"
"RANT,JEFFREY W","5297","5","5","5","5","5","5","5","5","5","5"
"RANUM,SONDRA","5298","4.5","4.75","4.25","4.75","3.75","4.5","4.25","4.75","4.25","4.25"
"RAO,ANIL V","5299","4.665399","4.69962","4.593156","4.661597","4.627376","4.273764","4.585551","4.547529","4.608365","4.908745"
"RAO,XINZHI","5300","4.032258","4.064516","3.935484","4.032258","3.903226","4.290323","4.258065","4.451613","3.935484","4.193548"
"RAREY,KYLE E","5301","4.347368","3.973684","3.173684","4.384211","4.152632","4.005291","4.285714","4.216931","4.331579","4.536842"
"RASCATI,KAREN L","5302","4.35","4.375","4.075","4.425","4.3","4.725","4.425","4.75","4.35","4.45"
"RASHED,MD TAFSIR NUR NABI","5303","5","5","5","5","5","5","5","5","5","5"
"RASHIDI,PARISA","5304","3.956522","4.086957","3.086957","4","3.391304","3.565217","3.782609","3.782609","3.869565","4.217391"
"RASHKIND,NOAH H","5305","4.646018","4.539823","4.672566","4.433628","4.876106","4.867257","4.920354","4.876106","4.893805","4.973451"
"RATAJSKA,ADRIANNA MARTA","5306","4.5","4.611111","4.444444","4.5","4.722222","4.777778","4.777778","4.777778","4.833333","4.777778"
"RATHI,HARSHIKA","5307","4.272059","4.272059","3.610294","4.272059","4.106061","4.333333","4.431818","4.568182","4.227273","4.439394"
"RATHINASABAPATHI,BALA","5308","4.550562","4.41573","4.353933","4.539326","4.644068","4.480226","4.745763","4.576271","4.672316","4.859551"
"RATLIFF,KATE","5309","4.678261","4.513043","4.043478","4.678261","4.504348","4.530435","4.713043","4.73913","4.773913","4.756522"
"RATNAYAKE,RANJALA","5310","4.6","4.7","4.8","4.5","5","4.2","4.6","4.8","4.8","5"
"RAUDENBUSH,ALLISON LEE","5311","4.357143","4.22619","4.202381","4.297619","3.835443","4.177215","4.050633","4.21519","4.012658","4.113924"
"RAULERSON,BECKY","5312","4.727969","4.739464","4.701149","4.689655","4.842912","4.823755","4.885057","4.873563","4.854406","4.927203"
"RAWLINSON,ALANA RESMINI","5313","4.515625","4.453125","4.65625","4.46875","4.609375","4.8125","4.703125","4.78125","4.6875","4.765625"
"RAWLINSON,TAYLOR A","5314","4.869565","4.826087","4.695652","4.695652","4.869565","4.826087","4.826087","4.869565","4.782609","4.869565"
"RAY,BRIAN DAVID","5315","4.520315","4.456094","4.322412","4.44692","4.678267","4.756757","4.760841","4.756242","4.736704","4.820092"
"RAY,GREG","5316","4.443478","4.573913","4.2","4.443478","4.173913","4.208696","4.382609","4.53913","4.008696","4.8"
"RAY,HEATHER","5317","3.955801","4.049724","3.762431","4.066298","3.723757","3.823204","4.292818","4.248619","4.022099","4.596685"
"RAY,JESSICA","5318","4.176471","4","4.294118","4.294118","4.176471","3.823529","4.529412","4.294118","4.529412","4.588235"
"RAY,ROBERT B","5319","4.9","4.9","4.9","4.9","5","5","5","5","5","5"
"RAY,SANDIP","5320","4.168317","4.247525","4.227723","4.138614","4.247525","4.128713","4.445545","4.49505","4.39604","4.752475"
"RAYAPROLU,SRUTI","5321","4.5","4","4.5","4.5","4.333333","5","4.333333","5","4.333333","4.333333"
"RAYNARD,HOLLY K","5322","4.706897","4.62069","4.758621","4.655172","4.824561","4.824561","4.824561","4.894737","4.789474","4.912281"
"RAYO CASTREJON,ISABEL","5323","4.492669","4.384164","4.187683","4.457478","4.529412","4.767647","4.779412","4.752941","4.675516","4.779412"
"REA,JENNIFER ANN","5324","4.374233","4.279141","4.174847","4.441718","4.435583","4.567485","4.699387","4.711656","4.656442","4.776074"
"READE,ALLISON L","5325","4.777778","4.555556","4.888889","4.555556","4.777778","4.888889","4.777778","4.888889","5","5"
"READER,JOE","5326","4.128571","4.107143","4.071429","4","4.292857","4.625899","4.621429","4.55","4.307143","4.542857"
"REAMS,SUSAN MATILDA","5327","4.666667","4.833333","4.75","4.583333","4.666667","4.666667","4.666667","4.833333","4.583333","4.75"
"REAVES,MARGARET RUTH","5328","4.019802","4.049505","4.178218","4.009901","4.402597","4.441558","4.467532","4.545455","4.519481","4.376623"
"REBARBER,LILY BELA","5329","4.5","4.5","4.625","4.625","4","4","4","4","4","4"
"REDDING,CHRISTOPHER","5330","4.738462","4.753846","4.6","4.769231","4.84127","4.904762","4.888889","4.968254","4.873016","4.888889"
"REDDING,LINDSEY K","5331","3.866667","4.2","3.8","3.933333","3.666667","3.4","3.733333","3","3.533333","4.133333"
"REDDING,SARAH LYNN LEILEHUA","5332","4.12963","4.080247","3.802469","4.283951","4.291667","4.354167","4.451389","4.465278","4.354167","4.4375"
"REDDITT,SAMANTHA N","5333","4.066667","4.088889","4.266667","4.155556","4.111111","4.222222","4.355556","4.4","4.355556","4.4"
"REED,DAMON ANTHONY","5334","3.948718","3.923077","4","3.692308","4.578947","4.605263","4.736842","4.894737","4.710526","4.710526"
"REED,KAREN S","5335","4.546099","4.404255","4.446809","4.453901","4.528986","4.543478","4.652174","4.688406","4.572464","4.810219"
"REED,SYDNEY PAIGE","5336","4.268293","4.02439","4.560976","4.219512","4.658537","4.707317","4.878049","4.658537","4.829268","4.853659"
"REESOR-OYER,LAYTON","5337","4.388889","4.148148","4.351852","4.240741","4.407407","4.259259","4.518519","4.555556","4.592593","4.888889"
"REEVERTS,DEREK","5338","4.857143","4.714286","4.714286","4.571429","5","4.857143","5","4.714286","4.857143","5"
"REEVES,AUTUMN M","5339","4.8","4.733333","4.733333","4.733333","4.666667","4.466667","4.933333","4.8","4.866667","4.866667"
"REEVES,CHRISTA BOYETT","5340","4.285714","4.142857","4","4.071429","4.142857","4.285714","4.571429","4","4.285714","4.785714"
"REEVES,LAWRENCE E","5341","4.181818","3.818182","4.090909","4.363636","4.545455","4.272727","4.454545","4.272727","4.363636","4.727273"
"REGIER,JACOB","5342","4.511737","4.389671","4.215962","4.43662","4.535211","4.56338","4.680751","4.647887","4.671362","4.699531"
"REGIER,PENNY JEAN","5343","4.461905","4.404762","4.428571","4.380952","4.262136","4.257426","4.281553","4.294118","4.320388","4.368932"
"REHMAN,MUHAMMAD SHAHROZE","5344","4.484848","4.454545","4.30303","4.393939","4.272727","4.393939","4.484848","4.484848","4.393939","4.424242"
"REID,CZERNE M","5345","4.6875","4.59375","4.59375","4.53125","4.84375","4.5","4.8125","4.71875","4.71875","4.90625"
"REID,MARK A","5346","4.645669","4.448819","4.692913","4.606299","4.527559","4.511811","4.795276","4.354331","4.354331","4.889764"
"REINHARD,MATTHEW ALEXANDER","5347","3.745763","3.949153","4","3.79661","4.152542","4.135593","4.355932","4.542373","4.474576","4.271186"
"REIS,ANDRE F","5348","4.76","4.68","4.72","4.72","4.84","4.72","5","4.92","4.88","4.96"
"REISE,RACHEL CAROLINE","5349","4.26087","4.287625","4.35786","4.230769","4.548495","4.538462","4.595318","4.595318","4.551839","4.645485"
"REISI GAHROOEI,MOSTAFA","5350","4.169355","4.209677","4","4.290323","4.16129","4.387097","4.25","4.593496","4.209677","4.354839"
"REISINGER,LINDSEY","5351","4.008772","3.97807","4.087719","4.083333","4.324561","4.27193","4.47807","4.482456","4.447368","4.666667"
"RELLER,CASSIDY","5352","4.619048","4.5","4.285714","4.52381","4.5","4.380952","4.52381","4.642857","4.52381","4.404762"
"REMMER,LOUIS RAYMOND","5353","3.640625","3.78125","3.78125","3.78125","3.9375","3.984375","4.171875","3.984375","4.15625","4.484375"
"REMPE,TORGE","5354","4.596154","4.5","4.576923","4.576923","4.442308","4.431373","4.470588","4.490196","4.470588","4.490196"
"REN,FAN","5355","3.688889","3.733333","3.511111","3.888889","3.222222","3.733333","3.911111","4","3.133333","4.688889"
"RENGEL,ROBERTO JOSE","5356","4.338346","4.097744","4.037594","4.300752","4.167939","4.242424","4.628788","4.462121","4.448276","4.655303"
"RENNE,ROLF","5357","4.311475","4.07377","3.319672","4.418033","4.278261","3.99115","4.289474","4.201754","4.26087","4.469565"
"REPAC,JENNIFER ANN","5358","4.574766","4.537383","4.588785","4.537383","4.516746","4.545455","4.535885","4.545455","4.626794","4.69378"
"RESCH,CHERYL LYNN","5359","4.134217","4.130075","3.850041","4.147473","4.080946","4.214197","4.31854","4.51495","4.23061","4.499378"
"RESENDE JR,MARCIO FERNANDO R","5360","4.55","4.55","4.5","4.525","4.8","4.7375","4.8125","4.8","4.775","4.8625"
"RESNICK,JAMES LEWIS","5361","4.444444","4.266667","4.2","4.377778","4.422222","4.444444","4.511111","4.533333","4.355556","4.466667"
"RESTREPO FLOREZ,JUAN MANUEL","5362","4.583333","4.566667","4.7","4.533333","4.583333","4.766667","4.733333","4.783333","4.516667","4.9"
"REVAZ,ANDRE ANTHONY","5363","4.375","4.291667","4.333333","4.125","4.833333","4.75","4.958333","4.833333","4.833333","4.916667"
"REVERE,LEE","5364","3.7","3.733333","3.866667","3.7","3.98","4.086667","4.306667","4.126667","3.94","4.58"
"REVIL-BAUDARD,BENOIT","5365","4.666667","4.666667","4.666667","4.666667","5","5","5","5","5","5"
"REVYNTHI,ALEXANDRA MARGARITA","5366","4.75","4.583333","4.333333","4.833333","4.916667","4.916667","4.916667","4.916667","4.833333","4.916667"
"REXFORD,ALIX MARIE","5367","4.682609","4.669565","4.734783","4.578261","4.773913","4.695652","4.843478","4.765217","4.769565","4.913043"
"REY,ROSALIA","5368","4.535714","4.488095","4.488095","4.5","4.376623","4.350649","4.324675","4.434211","4.350649","4.415584"
"REYES III,JOSÉ NAPOLEON","5369","4.52381","4.438095","4.342857","4.380952","4.619048","4.419048","4.780952","4.695238","4.647619","4.847619"
"REYES-DE-CORCUERA,JOSE I","5370","4.081967","4.147541","4.47541","4.163934","4.508197","4.278689","4.704918","4.47541","4.295082","4.934426"
"REYES,FABIAN ANDRES","5371","4.785714","4.5","4.428571","4.571429","4.416667","4.333333","4.75","4.666667","4.666667","4.666667"
"REYNOLDS,ALISON","5372","4.657025","4.615702","4.719008","4.590909","4.817427","4.726141","4.921162","4.854772","4.854772","4.954357"
"REYNOLDS,BRENT A","5373","4.384615","4.230769","3.923077","4.307692","4.538462","4.307692","4.615385","4.615385","4.615385","4.615385"
"REYNOLDS,CHEYENNE MARIE","5374","4.444444","4.416667","4.083333","4.444444","4.333333","4.611111","4.75","4.777778","4.527778","4.638889"
"REYNOLDS,CHRISTOPHER M","5375","4.548387","4.443548","4.395161","4.451613","4.725806","4.814516","4.806452","4.790323","4.75","4.806452"
"REZAALI,MOSTAFA","5376","4.666667","4.444444","4.222222","4.555556","4","4.444444","4.444444","4.555556","4.222222","4.555556"
"REZNIKOV,LEAH R","5377","4.480315","4.283465","4.312336","4.448819","4.684211","4.681579","4.763158","4.771053","4.754617","4.734211"
"RHEE,KYUNG SUN (MELISSA)","5378","3.899471","3.989418","3.798942","4.005291","3.73545","3.878307","4.021164","4.202128","3.613757","4.259259"
"RHEE,ROBERT J","5379","3.906716","3.865672","3.597015","4.070896","3.716418","3.666667","3.906716","4.059701","3.820896","4.369403"
"RIBEIRO DASILVA,MARGARETE C","5380","4.510823","4.484848","4.454545","4.489177","4.656388","4.651982","4.700441","4.61674","4.651982","4.735683"
"RIBEIRO,BEATRIZ NOVAES TELLES","5381","4.391429","4.32","4.425714","4.371429","3.983425","4.116667","4.189944","4.21547","4.154696","4.20442"
"RICCI,MICHAEL ANTHONY","5382","4.684211","4.644737","4.644737","4.535088","4.719298","4.635965","4.77193","4.736842","4.692982","4.837719"
"RICE,ELIZABETH B","5383","4.28125","3.9375","3.65625","3.9375","4.5","4.5","4.5","4.5","4.5","4.5"
"RICE,KELLY C","5384","4.278481","4.124051","3.812658","4.286076","4.265823","4.073418","4.432911","4.265823","4.324051","4.534177"
"RICE,LORI P","5385","4.333333","4.166667","3.833333","4.25","4.666667","4.666667","4.666667","4.666667","4.75","4.666667"
"RICH,BRUCE LOUIS","5386","4.784314","4.745098","4.764706","4.784314","4.980392","4.941176","4.980392","4.960784","4.980392","5"
"RICH,MORGAN M","5387","4.090909","4.090909","4.181818","4.181818","4.363636","4.363636","4.727273","4.454545","4.454545","4.818182"
"RICH,TOM","5388","4.5","4.441176","4.382353","4.323529","4.448276","4.448276","4.571429","4.517241","4.517241","4.551724"
"RICHARDS,ELAINE Y","5389","4.142857","4","4.095238","4.238095","4.285714","4.380952","4.619048","4.380952","4.285714","4.666667"
"RICHARDS,GLENN","5390","4.4","4.2","4.3","4.4","4.7","4.6","4.8","4.8","4.8","5"
"RICHARDS,NGAIO","5391","4.588235","4.647059","4.352941","4.647059","4.705882","4.764706","4.705882","4.764706","4.625","4.764706"
"RICHARDS,PAUL S","5392","4.590909","4.590909","4.636364","4.568182","4.75","4.772727","4.75","4.840909","4.727273","4.909091"
"RICHARDSON,DAVID E","5393","3.416667","3.309524","3.083333","3.547619","2.72619","3.22619","3.404762","4.011905","2.964286","4.142857"
"RICHARDSON,DIANE","5394","4.617647","4.470588","4.647059","4.352941","4.866667","4.933333","4.933333","5","4.933333","4.933333"
"RICHARDSON,NATHAN","5395","4.733333","4.8","4.666667","4.8","4.866667","4.6","4.866667","4.933333","4.866667","4.933333"
"RICHARDSON,STEVEN JAMES","5396","4.454545","4.545455","4.363636","4.363636","4.727273","4.909091","4.909091","4.818182","4.818182","4.727273"
"RICHARDSON,THEO","5397","4.1875","4.0625","4.3125","4.125","4.5625","4.9375","4.875","4.9375","4.625","4.9375"
"RICHMOND,CHRISTINE R","5398","4.49505","4.39604","4.138614","4.445545","4.524752","4.70297","4.623762","4.584158","4.623762","4.673267"
"RICHMOND,MICK","5399","4.545455","4.363636","4.636364","4.181818","4.181818","4.363636","4.545455","4.727273","4.181818","4.727273"
"RICHTER,BRANTLEE SPAKES","5400","4.307359","4.220779","4.12987","4.307359","4.441558","4.38961","4.549784","4.588745","4.606061","4.731602"
"RICK,JONATHAN D","5401","4.032967","4.10989","4.263736","4.203297","4.230769","4.258242","4.362637","4.543956","4.313187","4.637363"
"RICKE,ALYSSA","5402","4.661765","4.588235","4.411765","4.588235","4.661765","4.661765","4.867647","4.823529","4.852941","4.838235"
"RICKS-SANTI,LUISEL","5403","4.052632","4.052632","3.105263","4.157895","3.470588","3.176471","3.647059","3.705882","3.705882","3.764706"
"RIDAUGHT,MICHAEL LEE","5404","4.4","4.4","4.6","4.4","4.4","4.2","4.8","4.8","5","4.8"
"RIDGELL,PRESTON ALEXANDER","5405","4.6","4.45","4.675","4.45","4.725","4.825","4.9","4.925","4.9","4.925"
"RIDGEWAY,SHANNON C","5406","3.983923","4.094855","3.715434","4.046624","3.387687","3.549249","3.612313","3.938436","3.560935","3.84193"
"RIDING,KYLE AUSTIN","5407","4.622222","4.488889","4.4","4.511111","4.636364","4.454545","4.681818","4.568182","4.545455","4.840909"
"RIEGLER,MITCHELL S","5408","4.552083","4.40625","4.333333","4.552083","4.506173","4.037037","4.617284","4.209877","4.592593","4.641975"
"RIES,ROBERT","5409","4.326531","4.326531","4.489796","4.346939","4.22449","4.061224","4.306122","4.27551","3.928571","4.418367"
"RIFAT,MD MONJURUL ISLAM","5410","4.174528","4.174528","3.955189","4.252358","3.877966","4.057239","4.091525","4.114478","3.979661","4.077966"
"RIFE MAGALIS,BRITTANY","5411","4.333333","4.5","4.166667","4.166667","4.75","4.75","4.75","4.75","4.75","4.75"
"RIFKIND,DAVID","5412","4.233333","4","4.2","4.066667","4.2","3.76","4.44","4.6","4.36","4.68"
"RIGGS,KARA J","5413","4.234043","4.16441","3.818182","4.276596","4.266019","4.303502","4.515504","4.531915","4.421663","4.578337"
"RIGNEY,JAMES","5414","4.5","4.25","4.5","4","5","5","5","5","5","5"
"RILEY,TENNISHA N","5415","4.628319","4.610619","4.681416","4.557522","4.849558","4.778761","4.920354","4.840708","4.858407","4.876106"
"RILL,LYNN NEITZEY","5416","4.680851","4.574468","4.617021","4.659574","4.847826","4.782609","4.869565","4.804348","4.869565","4.847826"
"RIMKUS,DAN","5417","4.798701","4.743506","4.772727","4.698052","4.915584","4.896104","4.941558","4.915584","4.931818","4.961039"
"RINALDI-RAMOS,CARLOS M","5418","4.384615","4.230769","3.923077","4.307692","4.5","4.5","4.583333","4.583333","4.583333","4.583333"
"RINCON-LIMAS,DIEGO E","5419","4.654545","4.527273","4.654545","4.563636","4.784314","4.836735","4.823529","4.836735","4.784314","4.823529"
"RINCON,KASHMAYA ANDREAS","5420","4.019231","4.038462","4.076923","4.153846","4.333333","4.472222","4.527778","4.555556","4.361111","4.527778"
"RINEHART,ALI","5421","5","5","5","4.333333","5","5","5","4.666667","5","5"
"RING,JESSE J","5422","4.8","4.666667","4.733333","4.066667","4.866667","4.933333","4.866667","4.733333","4.8","4.933333"
"RINGEY,DALTON","5423","4.933333","4.8","5","4.8","5","5","5","5","5","5"
"RINZLER,ANDREW GABRIEL","5424","4.04918","4.163934","3.967213","4.245902","3.758621","4.301724","4.12931","4.577586","3.681034","4.301724"
"RIOS,EMILY M","5425","4.727273","4.636364","4.727273","4.636364","3","4","4","4","4","3"
"RIOS,ESTEBAN FERNANDO","5426","4.740458","4.687023","4.641221","4.717557","4.832061","4.748092","4.900763","4.80916","4.832061","4.89313"
"RIPOL,MARIA I","5427","4.171586","4.171586","3.57379","4.281779","4.113475","4.076104","4.260835","4.50197","4.327423","4.345669"
"RISHER,KATHERINE A","5428","4.294118","4.294118","3.941176","4.352941","4.4","4.466667","4.533333","4.533333","4.5","4.533333"
"RISNER,MARY E","5429","4.510638","4.425532","4.297872","4.382979","4.659091","4.75","4.75","4.704545","4.590909","4.795455"
"RITCHIE,BROOKE ADRIAN","5430","4.636364","4.454545","4.5","4.454545","4.636364","4.590909","4.636364","4.454545","4.681818","4.681818"
"RITCHIE,LORELEI","5431","4.547619","4.547619","4.642857","4.547619","4.619048","4.585366","4.833333","4.857143","4.690476","4.904762"
"RITENOUR,MARK A","5432","4.578947","4.447368","4.368421","4.526316","4.5","4.421053","4.631579","4.736842","4.710526","4.815789"
"RITZ,LOUIS ALLEN","5433","4.9","4.8","4.933333","4.8","4.9","4.9","5","4.933333","4.933333","5"
"RITZENTHALER,GARY M","5434","4.148148","4.185185","3.962963","4.037037","4.148148","4.185185","4.259259","4.518519","4.037037","4.481481"
"RITZHAUPT,ALBERT D","5435","4.458015","4.442748","4.40458","4.343511","4.412214","4.564885","4.610687","4.679389","4.458015","4.832061"
"RIVERA MARÍN,GABRIELA","5436","4.305085","4.169492","4.542373","4.254237","4.372881","4.372881","4.694915","4.694915","4.372881","4.79661"
"RIVERA-JIMENEZ,SINDIA","5437","4.223684","4.184211","4.131579","4.013158","4.066667","4.226667","4.613333","4.453333","4.066667","4.826667"
"RIVERA-MIRANDA,TEOMIE","5438","3.918919","3.864865","3.432432","4.135135","3.594595","3.810811","3.648649","3.945946","3.837838","4.243243"
"RIVERA-ZENGOTITA,MARIE L","5439","4.8","4.6","4.6","4.6","4.8","4.4","4.6","4.6","4.8","4.8"
"RIVERA,ELYSSA JORDYN","5440","3.88","3.82","3.36","4.06","3.68","4.04","4.2","4.38","4.08","4.14"
"RIVERA,JOSEPH W","5441","4.68123","4.61165","4.430421","4.650485","4.692557","4.652104","4.778317","4.775081","4.786408","4.812298"
"RIVERA,SHINLAY CHU","5442","5","5","5","5","5","5","5","5","5","5"
"RIVERA,STEPHANIE","5443","4.666667","4.166667","4.75","4.75","4.666667","4.5","4.833333","4.833333","4.583333","4.916667"
"RIVERO,SIMONA M","5444","4.484848","4.545455","4.545455","4.484848","4.757576","4.818182","4.848485","4.818182","4.818182","4.848485"
"RIZOS,THEOS ADONIS","5445","3.636364","3.727273","4","3.909091","4.181818","4.181818","4.363636","4.090909","4.454545","4.454545"
"RIZZO,JARED M","5446","4.222222","4.2","4.466667","4.311111","4.333333","4.444444","4.755556","4.533333","4.533333","4.644444"
"ROANE,TERESA ELAINE","5447","4.488045","4.379747","4.357243","4.45007","4.651494","4.564723","4.738636","4.669034","4.691761","4.744318"
"ROARK,MAGGIE KATE","5448","4.515152","4.484848","4.666667","4.515152","4.787879","4.909091","4.939394","4.909091","4.848485","4.939394"
"ROBBERT,TIFFANY A","5449","4.373333","4.4","4.173333","4.44","4.540541","4.635135","4.662162","4.675676","4.594595","4.716216"
"ROBBINS,SUZANNE M","5450","4.181009","4.083086","3.838279","4.252226","4.278443","4.21203","4.565868","4.591317","4.416168","4.770958"
"ROBERTS III,CHURCHILL L","5451","4.033333","3.966667","4.066667","4.166667","4.068966","4.2","4.333333","4.266667","3.933333","4.8"
"ROBERTS,BRANDON","5452","4.442177","4.292517","3.972789","4.360544","4.346154","4.4","4.576923","4.484615","4.438462","4.446154"
"ROBERTS,BRIAN","5453","4.285256","4.198718","3.737179","4.246795","4.25","4.224359","4.340836","4.442308","4.323718","4.342949"
"ROBERTS,GRADY","5454","4.6","4.475","4.675","4.4875","4.725","4.675","4.8","4.8125","4.6875","4.8"
"ROBERTS,JOANNA","5455","4.230769","4.230769","4.461538","4.384615","4.615385","4.615385","4.769231","4.692308","4.615385","4.538462"
"ROBERTS,JOHN F","5456","4.349693","4.241309","4.316973","4.349693","3.624424","3.889401","4.112903","3.97235","3.559908","4.237327"
"ROBERTS,KELLIE W","5457","4.681818","4.659091","4.818182","4.659091","4.863636","4.363636","4.909091","4.795455","4.75","4.909091"
"ROBERTS,LILLIAN J LOUISE","5458","3.75","3.541667","3.583333","3.666667","4.458333","4.708333","4.708333","4.416667","4.458333","4.625"
"ROBERTS,MADISON","5459","3.65","3.875","3.575","3.9","3.793103","4","4.275862","3.724138","3.310345","4.172414"
"ROBERTS,SHAYLA","5460","4.59375","4.65625","4.375","4.71875","4.433333","4.466667","4.666667","4.5","4.633333","4.566667"
"ROBERTS,STEPHANIE R","5461","4.75","4.625","4.75","4.5","5","4.875","5","5","5","4.75"
"ROBERTS,TEROY","5462","3.993197","3.969388","3.5","4.122449","4.068376","4.169492","4.288136","4.237288","4.177966","4.305085"
"ROBERTS,WILLIAM JASEY","5463","4.595506","4.550562","4.775281","4.47191","4.707865","4.685393","4.842697","4.741573","4.797753","4.898876"
"ROBERTSON,ALVIN","5464","4.333333","4.333333","4.666667","4.25","4.75","4.75","4.916667","4.833333","4.833333","4.833333"
"ROBERTSON,CONNOR STEPHEN","5465","4.114286","3.914286","4.171429","4.171429","4.058824","4.382353","4.558824","4.5","4.323529","4.323529"
"ROBERTSON,ELLEN PADGETT","5466","4.636364","4.727273","4.545455","4.727273","4.590909","4.409091","4.681818","4.818182","4.545455","4.818182"
"ROBERTSON,JEMMIE","5467","4.916667","4.833333","4.833333","4.833333","4.818182","4.909091","4.909091","4.818182","4.818182","4.909091"
"ROBERTSON,SHEILAH ANN","5468","4.5","4.5","4.5","4.5","4.5","4.5","4.5","4.5","4.5","4.5"
"ROBIN,REBECCA","5469","3","3","4.5","3.5","3","2","3","2","2","3.5"
"ROBINS,ROBERT H","5470","4.666667","4.333333","4.333333","4.666667","4.666667","4.666667","4.666667","4.666667","4.666667","5"
"ROBINSON,ANTONIA J","5471","4.418182","4.109091","4.6","4.272727","4.727273","4.636364","4.836364","4.763636","4.709091","4.909091"
"ROBINSON,CAYLEY H","5472","4.539568","4.561151","4.446043","4.561151","4.769784","4.820144","4.827338","4.877698","4.733813","4.877698"
"ROBINSON,KATHIE L","5473","4.6","4.6","4.4","4.2","4.6","4.2","4.8","4.6","4.8","4.6"
"ROBINSON,PAUL L","5474","4.702564","4.661538","4.584615","4.635897","4.789744","4.810256","4.902564","4.846154","4.882051","4.912821"
"ROBINSON,SCOTT K","5475","4.78125","4.6875","4.78125","4.75","4.8125","4.90625","4.90625","4.84375","4.84375","4.9375"
"ROBINSON,TUULI","5476","4.61194","4.671642","4.701493","4.641791","4.848485","4.954545","4.924242","4.939394","4.80303","4.984848"
"ROBITZSCH,JAN MAXIMILIAN","5477","4.15534","4.106796","4.194175","4.174757","4.411765","4.333333","4.519608","4.460784","4.401961","4.784314"
"ROCA,PENELOPE","5478","2.905556","3.161111","3.466667","3.122222","4.359551","4.561798","4.550562","4.567416","4.432584","4.561798"
"ROCHA ILVENTO,CAROLINA","5479","4.15","4.15","4.15","4.15","3.8","3.733333","3.8","3.733333","3.733333","4"
"ROCHA,MATEUS GARCIA","5480","4.719512","4.707317","4.731707","4.646341","4.890244","4.890244","4.914634","4.890244","4.878049","4.926829"
"ROCK,JESSICA KYNETT","5481","3.963855","3.975904","3.313253","4.204819","3.946429","4.232143","4.196429","4.285714","4.178571","4.196429"
"ROCK,KELLY ELEANOR","5482","4.630769","4.584615","4.553846","4.461538","4.765625","4.78125","4.796875","4.78125","4.78125","4.828125"
"RODELL,ANNA G","5483","4.413043","4.326087","4.065217","4.26087","4.434783","4.434783","4.565217","4.521739","4.565217","4.630435"
"RODEWALD,LUCAS ALAN","5484","4.709091","4.654545","4.618182","4.672727","4.854545","4.872727","4.909091","4.909091","4.872727","4.927273"
"RODGERS,JOY L","5485","4.307692","4.208791","4.153846","4.373626","4.263736","4.4","4.388889","4.571429","4.222222","4.527473"
"RODGERS,LOGAN JOSEPH","5486","4.918033","4.901639","4.885246","4.868852","4.918033","4.885246","4.918033","4.901639","4.934426","4.934426"
"RODRIGUES HOFFMANN,ALINE","5487","4.49789","4.455696","4.544304","4.421941","4.693878","4.653061","4.693878","4.693878","4.673469","4.77551"
"RODRIGUEZ PEREZ,MARIBEL","5488","4.304348","4.275362","4.478261","4.144928","3.945946","3.945946","4.081081","3.864865","3.972973","4.108108"
"RODRIGUEZ,ALEXANDRA K","5489","4.6","4.48","4.56","4.56","4.88","4.92","4.88","4.96","4.76","5"
"RODRIGUEZ,CAROL","5490","4.121622","4.081081","4.459459","4.162162","4.5","4.540541","4.567568","4.621622","4.594595","4.716216"
"RODRIGUEZ,IVETTE","5491","3.944444","3.944444","4.055556","4","4.055556","4.611111","4.5","4.444444","4.055556","4.611111"
"RODRIGUEZ,JANDAVID SANTANA","5492","4.6875","4.4375","4.5","4.375","4","4","4.5","4","4","4.5"
"RODRIGUEZ,JOSE JAVIER","5493","4.142857","4.142857","4.428571","4.142857","4.142857","3.857143","4.285714","4","4","4.285714"
"RODRIGUEZ,JULIO D","5494","4.416446","4.254642","3.689655","4.413793","3.906667","4.165775","4.36631","4.402667","4.242667","4.346667"
"RODRIGUEZ,LINDSEY M","5495","4.558824","4.470588","4.117647","4.544118","4.294118","4.558824","4.588235","4.676471","4.514706","4.588235"
"RODRIGUEZ,LUCY MIREYA","5496","4.259259","4.185185","4.148148","4.259259","4.074074","4.333333","4.37037","4.555556","4.444444","4.37037"
"RODRIGUEZ,PALOMA","5497","4.5","4.25","4.5","4.5","4.25","4.25","4.75","4.25","4.25","5"
"RODZEN,JEFFREY ALLAN","5498","4.5","4.4","4.4","4.5","4.6","4.8","4.7","4.8","4.6","4.7"
"ROE,HEATHER ANN","5499","4.165254","4.101695","4.271186","4.186441","4.466165","4.43609","4.533835","4.413534","4.511278","4.593985"
"ROESCH,LUIZ FERNANDO","5500","4.453649","4.491124","4.400394","4.451677","4.580777","4.442387","4.667347","4.566735","4.693089","4.835366"
"ROESSLER,HEATHER","5501","3.25","3.5","3.25","4","3","3.75","3","3.5","3.25","3.25"
"ROGACHEVSKY,NEIL","5502","4.47619","4.333333","4.666667","4.142857","4.666667","4.714286","4.666667","4.809524","4.666667","5"
"ROGAL,MARIA","5503","3.235294","3.392157","3.45098","3.098039","3.215686","3.235294","3.372549","3.45098","2.960784","4.019608"
"ROGERS,BEATRICE RENEE","5504","3.275862","3.172414","3.827586","3.103448","3.793103","4.103448","4.068966","4.413793","4.068966","4.586207"
"ROGERS,JILLIAN","5505","4.192308","4.24359","4.576923","4.217949","4.602564","4.576923","4.820513","4.820513","4.666667","4.923077"
"ROGERS,TALIA FELICIA","5506","4.5","4.416667","4.416667","4.5","4.5","4.583333","4.583333","4.5","4.5","4.416667"
"ROGGE,MARK","5507","4.4","4.4","4.4","4.4","4.583333","4.25","4.583333","4.333333","4.666667","4.666667"
"ROGHAAR,LISA A","5508","4.62","4.44","4.63","4.47","4.701031","4.752577","4.824742","4.773196","4.721649","4.793814"
"ROHAN,LINDSAY","5509","4.75","4.75","4.75","4.75","4.875","4.875","4.875","4.875","4.875","4.875"
"ROHL,BRITTANY Y","5510","4.1","4.075","3.975","4.1","4.3125","4.242424","4.3125","4.34375","4.34375","4.34375"
"ROITBERG,ADRIAN E","5511","4.6","4.690909","4.572727","4.545455","4.818182","4.572727","4.890909","4.727273","4.836364","4.963636"
"ROJAS BARROS,EUGENIO IGNACIO","5512","4.632432","4.632432","4.540541","4.605405","4.706522","4.595628","4.842391","4.744565","4.668478","4.902174"
"ROLAND,BRODIE","5513","4.424731","4.301075","4.586022","4.322581","4.619048","4.511905","4.809524","4.636905","4.755952","4.869048"
"ROLLER,ANTHONY LEE","5514","4.390558","4.248927","4.175966","4.334764","4.317881","4.549669","4.516556","4.562914","4.423841","4.536424"
"ROLLINS,JEFFREY A","5515","4.695652","4.630435","4.695652","4.652174","4.847826","4.844444","4.956522","4.847826","4.891304","4.978261"
"ROMAGOSA,CHRISTINA M","5516","4.768868","4.528302","4.589623","4.735849","4.783019","4.778302","4.900943","4.825472","4.882075","4.929245"
"ROMAN,GEORGE V","5517","4.427419","4.41129","4.064516","4.427419","4.478632","4.516949","4.559322","4.635593","4.568966","4.589744"
"ROMAN,MARIA JOSE","5518","3.609442","3.613734","3.008584","3.746781","3.543478","3.644928","3.652174","3.775362","3.65942","3.724638"
"ROMANO,MARTA","5519","4.654788","4.547884","4.648107","4.554566","4.736842","4.695364","4.742574","4.712871","4.755776","4.752475"
"ROMANO,RICHARD E","5520","4.155556","4.1","3.966667","4.211111","4.144444","4.292135","4.179775","4.611111","4.1","4.733333"
"ROMANOVA,EKATERINA","5521","4.75","4.6875","4.75","4.6875","4.875","4.8125","4.875","4.875","4.875","4.875"
"ROMERO LEAL,KAREN LORENA","5522","4.5","4.333333","4.75","4.583333","4.25","4.583333","4.583333","4.5","4.416667","4.416667"
"ROMERO SOTO,FABIAN IGNACIO","5523","3.641844","3.58156","3.166667","3.730496","3.474684","3.721519","3.803797","4.018987","3.689873","3.797468"
"ROMERO,CARLOS H","5524","2","3","3","3","4","4","4","4","4","4"
"ROMERO,REGILDA ANNE AFRICA","5525","4.833333","5","4.833333","4.833333","4.666667","4.5","4.666667","4.833333","4.666667","4.666667"
"ROMERO,SERGIO","5526","4.597015","4.567164","4.597015","4.537313","4.761194","4.850746","4.880597","4.850746","4.820896","4.835821"
"ROMEYN,ESTHER F","5527","4.561798","4.505618","4.539326","4.539326","4.539326","4.640449","4.685393","4.752809","4.606742","4.775281"
"RONDAN VASQUEZ,LUIS ENRIQUE","5528","4.323741","4.323741","4.251799","4.302158","4.442029","4.623188","4.702899","4.76087","4.5","4.884058"
"RONG,LIBIN","5529","4.315789","4.368421","4.122807","4.333333","4.350877","4.526316","4.561404","4.77193","4.410714","4.631579"
"RONG,YI","5530","4.339623","4.320755","4.188679","4.433962","3.4375","3.6875","3.770833","3.958333","3.833333","3.875"
"RONZONI,GIULIO","5531","4.520833","4.465909","4.526515","4.469697","4.685606","4.801136","4.799242","4.823864","4.708333","4.789773"
"ROOKS,JENNA K","5532","4.729211","4.637527","4.742004","4.639659","4.800937","4.79108","4.807963","4.800469","4.833724","4.82904"
"ROOSENRAAD,JON A","5533","4.571429","4.571429","4.428571","4.142857","4.714286","4.285714","4.714286","4.428571","4.714286","4.857143"
"ROSADO DEL RIO,LOIDA","5534","4.28","4.373333","4.48","4.24","4.92","4.933333","4.946667","4.88","4.893333","4.88"
"ROSALES,CESAR MANUEL","5535","3.815789","3.894737","3.710526","4.078947","4.081081","4.297297","4.216216","4.324324","4.216216","4.297297"
"ROSATI,JULIE","5536","5","5","4.8","5","4.8","5","4.8","4.8","4.4","4.8"
"ROSCHÉ,WENDY L","5537","3.915452","3.865889","3.54519","3.962099","3.758278","4.01","4.238411","4.294702","4.042904","4.333333"
"ROSE,AMANDA IRENE","5538","4.095238","4.071429","4.071429","3.952381","4.380952","4.47619","4.571429","4.285714","4.380952","4.666667"
"ROSE,AUTUMN","5539","4.242188","4.140625","3.84375","4.296875","4.07874","4.338583","4.464567","4.456693","4.338583","4.362205"
"ROSE,DORIAN K","5540","4.418994","4.206704","4.486034","4.195531","4.519553","4.402235","4.513966","4.569832","4.363128","4.815642"
"ROSE,LISA MARIE","5541","4.461538","4.615385","4.153846","4.461538","4.307692","4.538462","4.384615","4.538462","4.384615","4.384615"
"ROSE,NICO L","5542","4.213675","4.192308","4.029915","4.264957","4.433476","4.463519","4.600858","4.577586","4.60515","4.67382"
"ROSENBERG,ANDREW SAMUEL","5543","4.649123","4.666667","4.596491","4.578947","4.803571","4.75","4.875","4.839286","4.642857","4.928571"
"ROSENBERG,LEAH READE","5544","4.625","4.541667","4.666667","4.208333","4.833333","4.875","4.875","4.708333","4.458333","5"
"ROSENBURY,LAURA ANN","5545","4.75","4.75","4.75","4.625","4.75","4.041667","4.708333","4.25","4.583333","4.875"
"ROSENSON,BETH ANN","5546","4.411111","4.322222","4.333333","4.444444","4.483146","4.752809","4.606742","4.685393","4.505618","4.629213"
"ROSERO,JAVIER","5547","4.384615","4.362637","4.318681","4.406593","4.478873","4.492958","4.619718","4.549296","4.507042","4.661972"
"ROSICH,VERONICA","5548","4.354839","4.225806","4.475806","4.298387","4.387097","4.483871","4.653226","4.540323","4.379032","4.741935"
"ROSMAN,MARK ROBERT","5549","4.909091","4.909091","4.909091","4.909091","4.545455","4.454545","4.909091","4.727273","4.909091","4.818182"
"ROSS,AMBER","5550","4.088398","4.135359","4.104972","4.149171","4.227147","3.850416","4.5","4.243094","4.325967","4.762431"
"ROSS,BRANDY LYN","5551","4.240506","4.253165","3.632911","4.113924","4","4.392405","4.531646","4.291139","4.278481","4.43038"
"ROSS,DAVID GADDIS","5552","4.504348","4.443478","4.591304","4.504348","4.591304","4.443478","4.686957","4.643478","4.626087","4.843478"
"ROSS,ELIZABETH","5553","3.952381","4.190476","4.190476","4.047619","4.095238","3.857143","4.285714","4.190476","3.904762","4.666667"
"ROSS,GARRETT","5554","4.055556","4.333333","4.777778","4","4.555556","4.722222","4.722222","4.722222","4.166667","4.888889"
"ROSS,JIM","5555","4.695652","4.695652","4.608696","4.57971","4.971014","4.942029","4.971014","4.942029","4.985507","4.971014"
"ROSS,KATHRYN MARIE","5556","4.418367","4.367347","4.306122","4.336735","4.6","4.659341","4.659341","4.758242","4.615385","4.769231"
"ROSS,MELANIE","5557","4.360656","4.360656","4.42623","4.262295","4.672131","4.688525","4.655738","4.721311","4.704918","4.737705"
"ROSS,TAYLOR LEE","5558","4.25","4.125","3.930556","4.222222","4.208333","4.555556","4.422535","4.680556","4.444444","4.430556"
"ROSS,ZACHARIAH ALEXANDER","5559","3.626943","3.663212","3.590674","3.683938","3.760638","3.819149","4.021277","4.297872","3.739362","4.117021"
"ROSSI,ELEONORA","5560","3.932432","3.929054","3.317568","4.023649","3.618557","3.594502","3.962199","3.94863","3.948097","3.886598"
"ROSSI,LORENZO","5561","4.692308","4.576923","4.423077","4.692308","4.846154","4.769231","4.923077","4.923077","4.884615","4.923077"
"ROSTAN,VANESA","5562","4.666667","4.555556","4.444444","4.444444","4.555556","4.555556","4.777778","4.888889","4.555556","4.777778"
"ROTH,FLORIAN","5563","4.496774","4.322581","4.141935","4.393548","4.294498","4.511327","4.678571","4.655844","4.307443","4.795455"
"ROTH,KYLE J","5564","4.5","4.333333","4.333333","4.5","4.416667","4.916667","4.75","4.916667","4.666667","4.75"
"ROTHBERG,ERIKA","5565","4.446429","4.383929","4.133929","4.258929","4.531532","4.72973","4.727273","4.75","4.633929","4.669643"
"ROTHSCHILD,JENNIFER","5566","4.733333","4.7","4.7","4.666667","4.8","4.7","4.933333","4.733333","4.8","4.833333"
"ROTHSCHILD,NATHAN","5567","4.093923","4.077348","4.281768","4.099448","4.464088","4.177778","4.508287","4.530387","4.441989","4.80663"
"ROTTENSTEINER,MARK JOSEF","5568","4.086957","4.173913","4.26087","4.043478","4.608696","4.521739","4.695652","4.73913","4.826087","4.869565"
"ROUHIZADEH,MASOUD","5569","4.23913","4.086957","4.152174","4.217391","4.272727","4.227273","4.318182","4.25","4.227273","4.386364"
"ROULET,JEAN-FRANCOIS","5570","4.666667","4.666667","4.666667","4.666667","3.333333","3.666667","3.666667","4.333333","3.666667","4.333333"
"ROUTIE,TARA","5571","4.196721","3.967213","4.377049","4.163934","4.377049","4.52459","4.688525","4.721311","4.606557","4.786885"
"ROWE,CASEY A","5572","3.833333","3.833333","3.25","4","3.478261","3.043478","3.608696","3.391304","4","3.695652"
"ROWE,THOMAS C","5573","4.26","4.12","3.96","4.32","4.534884","4.511628","4.511628","4.547619","4.627907","4.627907"
"ROWLAND,NEIL E","5574","3.625","3.75","3.375","3.75","3.25","3.375","2.875","4","3.25","3.375"
"ROY-ZOKAN,EILEEN MELANIE","5575","4","4","4","4","5","5","5","5","5","5"
"ROY,ARKAPRAVA","5576","4.243243","4.27027","4.162162","4.27027","4.297297","4.277778","4.378378","4.378378","4.216216","4.351351"
"ROY,SUBRATA","5577","4.086486","4.037838","3.632432","4.118919","3.908108","3.918919","3.92973","4.248649","3.881081","4.183784"
"ROYCRAFT,BENJAMIN THOMAS","5578","4.237288","4.322034","3.915254","4.152542","3.983051","4.051724","4.474576","4.457627","4.169492","4.627119"
"RUA,COLLEEN","5579","4.79661","4.745763","4.847458","4.779661","4.898305","4.79661","5","4.881356","4.949153","5"
"RUA,MICHAEL TAYLOR","5580","4.777778","4.777778","4.666667","4.777778","4.888889","4.888889","4.888889","4.888889","5","4.888889"
"RUARK,JAMES N","5581","4.722222","4.611111","4.5","4.722222","4.666667","4.833333","4.777778","4.944444","4.777778","4.666667"
"RUBENSTEIN,ALAN","5582","4.6","4.2","4.8","4.6","4.2","3.8","4.2","4.2","4","4.2"
"RUBIANO,ANDRES","5583","4.232662","4.266219","3.604027","4.395973","3.979866","3.793722","3.821029","4.380313","4.181208","4.272931"
"RUBINATTO SERRANO,JULIANA","5584","3.77193","3.596491","3.333333","3.736842","3.649123","4.163636","3.982456","4.438596","4.017544","4.22807"
"RUCHKIN,IVAN","5585","4.169643","4.330357","4.214286","4.205357","4.241071","4.419643","4.5625","4.696429","4.285714","4.589286"
"RUCKER,JOSEPH C","5586","4.73913","4.704348","4.721739","4.756522","4.681416","4.752212","4.743363","4.690265","4.690265","4.699115"
"RUCKER,RYAN DAVID","5587","4.53211","4.458716","4.183486","4.440367","4.62963","4.779817","4.825688","4.87963","4.752294","4.825688"
"RUDNYTSKY,PETER L","5588","4.208955","4.268657","4.328358","4.402985","4.283582","4.238806","3.985075","4.343284","4.238806","4.701493"
"RUDOLF,JEFFREY DANIEL","5589","4.585714","4.485714","4.585714","4.471429","4.8","4.728571","4.885714","4.842857","4.7","4.828571"
"RUDOLPH,CHEYENNE C","5590","3.5","3.333333","3.75","3.416667","3.416667","3.083333","3.75","3.583333","3.25","3.916667"
"RUDYAK,YULI B","5591","4.181287","4.233918","3.625731","4.292398","2.655172","2.986207","3.075862","3.082759","2.751724","3.365517"
"RUIZ-MENJIVAR,JORGE","5592","3.924658","4.068493","3.986301","3.842466","4","4.206897","4.455172","4.441379","4.151724","4.664384"
"RUIZ,BRYAN ANDREW","5593","4.641667","4.625","4.441667","4.558333","4.754237","4.813559","4.822034","4.822034","4.762712","4.813559"
"RUIZ,JAIME","5594","4.070922","4.049645","3.914894","4.106383","4.141844","4.135714","4.156028","4.347518","4.219858","4.531915"
"RUIZ,JOSE VALENTINO","5595","3.967568","3.989189","3.832432","3.945946","3.988439","4.028902","4.271676","4.236994","4.16763","4.566474"
"RUIZ,MICHELLE","5596","4.306889","4.256785","4.037578","4.279749","4.105263","4.374702","4.341346","4.359712","4.216346","4.354916"
"RUIZ,RICHELLE","5597","4.4","4.472727","4.272727","4.509091","4.218182","4.454545","4.527273","4.563636","4.327273","4.6"
"RUSH,CARONNE CONSTANCE CLAIRE","5598","4.419643","4.325893","4.089286","4.459821","4.400901","4.436937","4.721973","4.67713","4.61435","4.726457"
"RUSH,MARK","5599","4.202597","4.042572","3.70471","4.1407","4.222088","4.097665","4.485463","4.509383","4.37882","4.752948"
"RUSHING,RYAN JACOB DESTIN","5600","4.103448","3.689655","4.103448","4.068966","4.37931","4.62069","4.517241","4.62069","4.586207","4.586207"
"RUSS,HOLGER","5601","4.615385","4.461538","4.384615","4.461538","4.153846","4.076923","4.153846","4.153846","4.153846","4.153846"
"RUSSELL,MARK D","5602","4.244643","4.164286","4.046429","4.201786","4.283929","4.268336","4.492832","4.492857","4.394643","4.498214"
"RUSSELL,STEPHEN","5603","4.755556","4.533333","4.511111","4.644444","4.744186","4.837209","4.813953","4.883721","4.813953","4.860465"
"RUSSELL,THOMAS","5604","4.830189","4.792453","4.867925","4.735849","4.90566","4.679245","4.943396","4.886792","4.886792","4.981132"
"RUSSO,BROOKE S","5605","4.328358","4.257463","4.328358","4.268657","4.506122","4.608163","4.595918","4.673469","4.559184","4.759184"
"RUSSO,RAYMOND M","5606","4.513514","4.351351","4.621622","4.527027","4.660377","4.528302","4.849057","4.792453","4.584906","4.981132"
"RUST,ALEXANDER","5607","4.571429","4.571429","4.714286","4.571429","5","4.714286","5","4.857143","4.857143","5"
"RUTHERFORD,AMANDA LEE","5608","4.576087","4.434783","4.576087","4.380435","4.615385","4.362637","4.802198","4.615385","4.494505","4.857143"
"RUTSKI,MAKAYLA B","5609","4.5","4.5","4.5","4.5","5","5","5","5","5","5"
"RUTSTEIN,TYLER A","5610","5","5","5","5","5","5","5","5","5","5"
"RUTTER,ETHAN","5611","4.212766","4.177305","4.503546","4.198582","4.390071","4.439716","4.609929","4.617021","4.503546","4.546099"
"RUZYCKI,NANCY JEAN","5612","4.521401","4.412451","4.474708","4.264591","4.513619","4.272374","4.63035","4.420233","4.385214","4.840467"
"RYAN,ABIGAIL","5613","3.16129","3.322581","3.83871","3.419355","4","4.066667","4.266667","4.366667","4.233333","4.033333"
"RYAN,HOLLEA ANN","5614","4.294118","4.27451","4.202614","4.30719","4.046875","4.140625","4.379845","4.302326","4.179688","4.372093"
"RYAN,MICHAEL M","5615","4.090909","4.090909","4.409091","4.363636","4.272727","4.545455","4.863636","4.454545","4","4.818182"
"RYAN,SADIE JANE","5616","4.555556","4.555556","4.222222","4.222222","4.375","4.5","4.375","4.625","4.5","4.75"
"RYAN,TERENCE E","5617","4.826923","4.807692","4.788462","4.653846","4.705882","4.588235","4.647059","4.784314","4.529412","4.686275"
"RYLKOVA,GALINA S","5618","4.425676","4.324324","3.952703","4.317568","4.304054","4.427586","4.544218","4.585034","4.547297","4.648649"
"RYNGAERT,MICHAEL DAVID","5619","4.194444","4.256944","4.152778","4.256944","4.229167","4.368056","4.444444","4.548611","4.118056","4.659722"
"RYU,JIIN","5620","4.562092","4.444444","4.163399","4.51634","4.618421","4.638158","4.796053","4.671053","4.618421","4.828947"
"RYU,SOO YON","5621","4.645161","4.580645","4.693548","4.516129","4.758065","4.741935","4.790323","4.774194","4.758065","4.854839"
"SAAB,TAREK","5622","3.697339","3.906874","3.659645","3.847007","3.948889","4.043382","4.36","4.398889","4.14","4.677778"
"SABA,JAWATA AFNAN","5623","3.965753","3.910959","3.787671","3.931507","3.761538","4.022901","4.2","4.169231","3.938462","4.030769"
"SABAHI,SIMA","5624","4.08316","4.135135","4.164241","4.118503","4.051975","4.224532","4.345833","4.411273","4.010395","4.377083"
"SABHARWAL,SHAGUN","5625","4.019802","3.950495","3.623762","4.108911","3.219512","3.609756","3.646341","3.695122","3.597561","3.634146"
"SABO-ATTWOOD,TARA","5626","4.057143","4.085714","3.657143","4","3.666667","3.848485","3.969697","4.121212","3.878788","4.030303"
"SABRINA,SABIHA","5627","3.951613","3.983871","4.016129","4.096774","3.693548","4.129032","4.209677","4.177419","3.758065","4.016129"
"SADEGHI,SEYED MOHAMMAD MOEIN","5628","4.333333","4.333333","4.5","4.333333","5","5","5","5","5","4.833333"
"SADEK,DAVID FARAG","5629","3.586207","3.655172","2.87931","3.724138","2.948276","2.965517","3.62069","3.931034","3.327586","4.068966"
"SAFAEI,MOHAMMAD","5630","4.371622","4.290541","3.783784","4.351351","4.276119","4.609023","4.5","4.622222","4.392593","4.455224"
"SAGAS,MICHAEL","5631","4.391892","4.378378","4.040541","4.378378","4.536232","4.507246","4.623188","4.565217","4.623188","4.637681"
"SAGER,SCOTT A","5632","4.69697","4.636364","4.666667","4.621212","4.742424","4.742424","4.878788","4.80303","4.818182","4.893939"
"SAHA,SUJAN KUMAR","5633","3.725","3.65","3.725","3.75","3.421053","3.894737","3.842105","4.210526","3.421053","4.263158"
"SAHAY,BIKASH","5634","4.310954","4.208481","4.204947","4.342756","4.301527","4.37931","4.465649","4.448276","4.301527","4.515267"
"SAHIN,EMRAH","5635","4.583333","4.487179","4.602564","4.474359","4.775641","4.769231","4.833333","4.814103","4.692308","4.916667"
"SAHM,BRITTANI D","5636","4.222222","4.269841","3.984127","4.222222","4.047619","3.968254","4.444444","4.47619","4.460317","4.52381"
"SAHNI,SARTAJ KUMAR","5637","4.482143","4.433929","4.244643","4.442857","4.610018","4.560144","4.620072","4.709677","4.683363","4.641577"
"SAHOO,ASHISH KUMAR","5638","4.054054","4.027027","3.972973","4.297297","3.72973","4.378378","4.405405","4.513514","4","4.594595"
"SAID,INES","5639","4.833333","4.666667","4.666667","4.666667","4.833333","4.833333","4.833333","4.833333","5","4.833333"
"SAIN,JAMES PAUL","5640","4.454545","4.181818","4.454545","4.363636","4.636364","4.090909","4.727273","4.363636","4.363636","4.545455"
"SAINE,DEB","5641","4","4.25","3.25","4.5","4","3.75","3.75","3.75","4","4.75"
"SAINT LOUIS,ANGEL","5642","4.457143","4.342857","4.457143","4.542857","4.114286","4.514286","4.485714","4.542857","4.542857","4.657143"
"SAIZ,DIANA","5643","4.25","4.041667","4.25","4.291667","4.375","4.583333","4.833333","4.708333","4.5","4.833333"
"SAKARYA,YASEMIN","5644","4.525424","4.355932","4.067797","4.440678","4.677966","4.711864","4.864407","4.79661","4.813559","4.898305"
"SALAMANCA,ALEXANDER R","5645","4.166667","3.833333","3.5","3.833333","3.5","3.833333","3.833333","4","4.333333","3.833333"
"SALARI,JANNA TRACI","5646","4.809524","4.714286","4.47619","4.714286","4.8","4.9","4.95","4.95","4.85","4.95"
"SALAS ESTRADA,ALEJANDRO MARIO","5647","4","4","4.2","4","4.8","4.8","4.8","4.6","4.8","5"
"SALAZAR RODÓ,SERGIO JOSÉ","5648","4.186441","4.305085","4.050847","4.033898","3.983051","4.135593","4.423729","4.440678","4.271186","4.40678"
"SALAZAR,GABRIELLE ROSINA","5649","4.650794","4.555556","4.746032","4.539683","4.777778","4.825397","4.857143","4.825397","4.746032","4.936508"
"SALDANA OCHOA,KARLA VERONICA","5650","4.122449","4.040816","4.22449","3.959184","4.306122","4.306122","4.44898","4.285714","4.244898","4.653061"
"SALDANHA,MURREL FRANCIS","5651","4.289474","4.210526","4.526316","3.947368","4.815789","4.815789","4.921053","4.763158","4.736842","4.894737"
"SALEEM,AROBA","5652","4.004587","3.990826","3.93578","4.133028","3.967742","4.12037","4.239631","4.359447","4.078341","4.479263"
"SALEH,FAHAD","5653","4.21875","4.3125","4.53125","4.34375","4.3125","4.28125","4.5","4.625","4.03125","4.65625"
"SALINAS,TATIANA","5654","4.269231","4.307692","4.192308","4.423077","4.217391","4.391304","4.478261","4.391304","4.304348","4.26087"
"SALKAY,STEPHANIE L","5655","4.6","4.4","4.2","4.8","4.8","5","4.8","5","4.6","4.8"
"SALLOUM,RAMZI GEORGE","5656","4.6","4.6","4.8","4.8","5","5","5","5","4.8","5"
"SALVAGNO,CAITLIN M","5657","4.723077","4.661538","4.6","4.707692","4.846154","4.892308","4.892308","4.892308","4.876923","4.923077"
"SALVO,JAMES","5658","3.944444","3.888889","3.888889","4.055556","3.888889","3.583333","4.111111","4.25","3.75","4.583333"
"SAM,SONN","5659","3.666667","3.666667","4","3.833333","3.666667","3","4.5","3.666667","4.166667","4.5"
"SAMARAKOON MUDIYANSELAGE,THILINI NISHIKA SAMARAKOON","5660","4.092593","4.092593","3.907407","4.277778","3.368421","3.589744","3.657895","3.684211","3.5","3.783784"
"SAMBRANO III,EDWARD","5661","3.615385","3.615385","3.653846","3.615385","3.846154","4.153846","4.423077","4.384615","4.153846","4.230769"
"SAMI,MD. SHAMSUDDUHA","5662","4.342342","4.378378","3.810811","4.351351","4.027778","4.256881","4.398148","4.449541","4.305556","4.388889"
"SAMPATH,JANANI","5663","3.855263","4","3.947368","3.960526","3.710526","3.802632","4.171053","3.828947","3.473684","4.263158"
"SAMPSON,MORGAN","5664","4.362319","4.391304","4.333333","4.405797","4.617647","4.75","4.823529","4.794118","4.779412","4.882353"
"SAMS,KELLEY C","5665","4.72093","4.674419","4.372093","4.627907","4.55814","4.813953","4.813953","4.837209","4.697674","4.767442"
"SAMSON,JESSICA K","5666","4.342593","4.333333","4.398148","4.314815","4.324074","4.333333","4.564815","4.5","4.444444","4.583333"
"SAMUELS,JOHN HENRY","5667","4.75","4.65","4.85","4.7","5","5","5","5","5","5"
"SAN JUAN,SONIA M","5668","4.472727","4.333333","4.393939","4.393939","4.42446","4.517986","4.661871","4.482014","4.460432","4.721429"
"SANABRIA,FLORY","5669","4.105263","4.210526","4.473684","4.105263","3.736842","4.473684","4.736842","4.421053","3.526316","4.578947"
"SANCHEZ JR,EDDIE","5670","4.528662","4.585987","4.649682","4.509554","4.647436","4.717949","4.557692","4.858974","4.541935","4.974359"
"SANCHEZ,ALEXANDRA","5671","4","4.090909","3.836364","4.127273","4","4.138889","4.205882","4.176471","4.029412","4.176471"
"SANCHEZ,ARIELLE","5672","4.2","4.266667","4.033333","4.166667","4.233333","4.266667","4.5","4.566667","4.1","4.5"
"SANCHEZ,BARBARA CARIDAD","5673","4.617647","4.588235","4.676471","4.602941","4.794118","4.823529","4.926471","4.926471","4.897059","4.911765"
"SANCHEZ,CHRIS","5674","4.531915","4.457447","4.531915","4.489362","4.692308","4.582418","4.714286","4.648352","4.659341","4.703297"
"SANCHEZ,JANETZI","5675","4.722222","4.583333","4.611111","4.583333","4.6","4.6","4.6","4.6","4.6","4.4"
"SANCHEZ,JULIO CESAR","5676","4.75","4.75","4.75","4.75","5","5","5","5","5","5"
"SANCHEZ,RAUL","5677","4.6875","4.6875","4.6875","4.625","4.9375","4.75","4.9375","4.9375","4.875","4.875"
"SANDBERG,MIKAEL","5678","4.377551","4.346939","3.561224","4.346939","4.257732","4.42268","4.42268","4.56701","4.494845","4.515464"
"SANDER,ERIK","5679","4.506098","4.402439","4.506098","4.390244","4.546012","4.711656","4.680982","4.748466","4.595092","4.803681"
"SANDERS,ANDRE","5680","4.8125","4.6875","4.729167","4.6875","4.645833","4.708333","4.75","4.791667","4.645833","4.770833"
"SANDERS,BEVERLY A","5681","3.953846","4.164103","3.333333","4","3.410256","3.733333","3.666667","4.005128","3.558974","3.882051"
"SANDERS,SADIE","5682","4.291367","4.255396","3.895683","4.320144","4.277978","4.195652","4.465704","4.404332","4.462094","4.463768"
"SANDERS,STEVEN M","5683","4.666667","4.666667","4.666667","4.666667","5","5","5","4.666667","5","5"
"SANDOVAL,DINA","5684","4.594203","4.492754","4.695652","4.434783","4.695652","4.811594","4.811594","4.811594","4.710145","4.782609"
"SANDOVAL,HECTOR H","5685","4.568966","4.482759","3.862069","4.534483","4.396552","4.431034","4.327586","4.793103","4.517241","4.672414"
"SANDOW,PAMELA R","5686","4.436893","4.427184","4.359223","4.417476","4.52","4.56","4.53","4.54","4.54","4.57"
"SANFIEL JR,JUAN M","5687","4.463158","4.315789","4.242105","4.378947","4.610526","4.547368","4.810526","4.884211","4.578947","4.884211"
"SANFILIPPO,JOSEPH","5688","4.534884","4.55814","4.465116","4.232558","4.45","4.55","4.55","4.675","4.525","4.6"
"SANIN,JULIANA RESTREPO","5689","4.483871","4.344086","4.537634","4.483871","4.397849","4.204301","4.645161","4.623656","4.44086","4.731183"
"SANKAR,BHAVANI V","5690","4.218182","4.309091","3.981818","4.363636","3.854545","3.909091","4.327273","4.418182","3.654545","4.654545"
"SANNE,SIERRA","5691","4.444444","4.222222","4.444444","4.333333","4.777778","4.888889","5","4.888889","4.888889","5"
"SANNI,MUKTAR OMOKAYODE","5692","4.230769","4","4.461538","4.192308","4.538462","4.461538","4.846154","4.730769","4.461538","4.730769"
"SANO,RYOSUKE","5693","4.886364","4.840909","4.840909","4.772727","4.954545","4.909091","4.886364","4.954545","4.931818","5"
"SANON,SATCHA","5694","4.275","3.75","4.45","4.3","4.35","4.333333","4.775","4.675","4.65","4.725"
"SANSALONE,JOHN J","5695","4.391304","4.347826","4.434783","4.304348","4.565217","4.217391","4.478261","4.478261","4.043478","4.869565"
"SANTA JR,DONALD F","5696","4.333333","4.333333","4.666667","4.666667","4.666667","4.666667","5","4.666667","5","5"
"SANTAMARIA-GALLEGO,ALBA","5697","4.185185","4.259259","4.444444","4.222222","4.462963","4.481481","4.62963","4.666667","4.462963","4.574074"
"SANTAMARÍA-WHEELER,LOURDES","5698","4.909091","4.727273","4.909091","4.909091","5","4.909091","5","4.909091","5","5"
"SANTEIRO,ALEXANDRIA N","5699","4.035714","4","4.089286","4","4.326923","4.365385","4.538462","4.480769","4.346154","4.615385"
"SANTIAGO ZAYAS,ZULMA Y","5700","4.785548","4.657343","4.62704","4.706294","4.759907","4.755245","4.862471","4.850816","4.822844","4.918415"
"SANTIAGO,ALEXANDER","5701","4.2","4.15","4.65","4.15","4.65","4.7","4.75","4.8","4.7","4.75"
"SANTORO,DOMENICO","5702","4.589005","4.515707","4.591623","4.565445","4.804813","4.736559","4.84492","4.754011","4.831551","4.893048"
"SANTOS ROJAS,CAMILA","5703","4.235294","4.235294","3.764706","4.235294","4.363636","4.166667","4.166667","4.454545","4.272727","4.25"
"SANTOS,AUTUMN C","5704","4.347826","4.304348","4.423913","4.271739","4.692308","4.648352","4.868132","4.703297","4.736264","4.901099"
"SANTOS,JOSE EDUARDO","5705","4.621622","4.486486","4.540541","4.621622","4.621622","4.378378","4.351351","4.513514","4.567568","4.837838"
"SANTOSO,MARKUS","5706","4.40201","4.442211","4.407035","4.361809","4.517588","4.507538","4.698492","4.693467","4.59799","4.844221"
"SAPPINGTON,DAVID","5707","4.762712","4.677966","4.644068","4.661017","4.966102","4.898305","4.864407","4.932203","4.864407","4.932203"
"SAPUI,MEGHNA","5708","4.4","4.4","4.3","4.3","4.3","4.6","4.5","4.5","4.3","4.4"
"SAPUTRA,FIRMANSYAH TRI","5709","4.333333","4.266667","4.4","4.466667","3.714286","3.928571","4.285714","4.071429","3.857143","4.571429"
"SARAGOÇA BRUNO,RENATO","5710","4.154472","4.146341","4.268293","4.04065","4.5625","4.607143","4.774775","4.705357","4.648649","4.767857"
"SARANTEAS,PANAGIOTIS","5711","4.291139","4.35443","4.297468","4.297468","4.649682","4.66242","4.796178","4.66879","4.649682","4.88535"
"SARDER,PINAKI","5712","4.09375","4.25","4.3125","4.125","4","4.0625","4.0625","4.25","3.84375","4.53125"
"SARGENT,STEVEN A","5713","4.84","4.76","4.76","4.64","4.92","4.76","4.96","4.96","4.96","5"
"SARKAR,ARINDAM","5714","4.130435","4.086957","3.565217","4.26087","3.421053","3.578947","3.684211","3.6","3.7","3.85"
"SARKAR,KATTAYANI","5715","4","4","5","5","5","5","5","5","5","5"
"SARKAR,PARTHA","5716","3.932292","3.963542","3.203125","4.078125","3.470899","3.793651","3.857143","4.294737","3.802139","3.793651"
"SARKELA,LAUREN CLIFFORD","5717","4.6","4.7","4.7","4.7","5","5","5","5","5","5"
"SARKISIAN,MATTHEW R","5718","4.434343","4.353535","3.939394","4.424242","4.477273","4.568182","4.534091","4.659091","4.545455","4.613636"
"SARMA,RISHABH","5719","3.442231","3.50996","2.864542","3.633466","3.323988","3.510836","3.613707","3.704969","3.53271","3.570093"
"SARMISTHA,UMA","5720","4.428571","4.142857","3.714286","4.428571","4","3.857143","4.142857","4.428571","4.142857","4.571429"
"SARNER,JAE","5721","4.375","4.5","4.375","4.125","4.75","4.625","4.75","4.625","4.625","4.875"
"SARNOSKI,PAUL J","5722","4.75","4.75","4.75","4.75","4.5","4.5","4.25","4.75","4","4.5"
"SARNTINORANONT,MALISA","5723","4.302521","4.340336","3.869748","4.327731","3.915966","3.898734","4.273109","4.299578","3.966387","4.638655"
"SARRINE,NICOLE A","5724","4.652174","4.608696","4.608696","4.565217","4.521739","4.478261","4.608696","4.608696","4.565217","4.782609"
"SARVER,KIMBER","5725","4.833333","4.791667","4.833333","4.75","5","5","5","5","4.958333","5"
"SASSAMAN JR,KENNETH EDWARD","5726","4.691589","4.616822","4.616822","4.64486","4.897196","4.803738","4.878505","4.859813","4.82243","4.971963"
"SASSE,BENJAMIN","5727","4.805556","4.777778","4.75","4.666667","4.277778","4.2","4.638889","4.457143","4.638889","4.777778"
"SATHEESH,PRANAV","5728","3.875","3.875","4.083333","3.916667","4.65","4.65","4.6","4.45","4.7","4.65"
"SATISHCHANDRAN,SIDDHARTH","5729","4.028571","3.985714","3.357143","4.3","3.478261","3.710145","3.985507","3.913043","3.884058","3.855072"
"SAUBERAN,LISA MARIE","5730","4.25","4.25","3.791667","4.333333","3.625","3.458333","4","3.708333","3.833333","4.083333"
"SAULINO,DAVID M","5731","4.261905","4.142857","4.130952","4.107143","4.266667","4.186667","4.32","4.213333","4.266667","4.293333"
"SAUNDERS,CATHERINE C","5732","4.75","4.75","4.75","5","4.5","4.5","4.5","4.75","4.25","5"
"SAVCHENKO,OLESYA M","5733","4.427928","4.414414","4.396396","4.382883","4.524887","4.515837","4.651584","4.606335","4.633484","4.674208"
"SAVELL,JESSE D","5734","4.666667","4.666667","4.666667","4.666667","5","5","5","5","5","5"
"SAVIN,DANIEL A","5735","3.424242","3.727273","3.787879","3.575758","3.25","3.607143","3.642857","3.607143","3.5","4.25"
"SAVITCH,ETHAN HENRY","5736","3.966667","4.1","4.333333","4","4.433333","4.6","4.566667","4.666667","4.533333","4.7"
"SAVURAN,RUYA","5737","2.444444","2.555556","3","2.444444","2.666667","3.333333","3.222222","3.333333","2.777778","3.888889"
"SAXENA,SHREYA","5738","4.56","4.56","4.44","4.68","4.6","4.48","4.68","4.68","4.68","4.68"
"SAYED,ALAA ROPY MAHMOUD","5739","4.5","4.5","4.5","4.5","4.75","4.75","4.75","4.75","4.75","4.75"
"SAYEDUL HUQ,MONA","5740","4.506276","4.271967","3.51046","4.548117","3.836134","4.23431","4.350211","4.447699","4.259414","4.39749"
"SAYESKI,PETER P","5741","4.365591","4.235023","3.781874","4.28725","4.441538","4.477727","4.470769","4.552308","4.510046","4.46225"
"SAYGIN,PERIHAN","5742","4.433962","4.320755","4.245283","4.169811","4.169811","4.207547","4.45283","4.566038","4.377358","4.660377"
"SAYOUR,ELIAS","5743","4.09375","3.9375","3.96875","4.25","4.5625","4.580645","4.71875","4.548387","4.71875","4.78125"
"SCAGLIONE,NICHOLE M","5744","4.380282","4.28169","4.521127","4.352113","4.633803","4.704225","4.830986","4.873239","4.647887","4.873239"
"SCALI,SALVATORE T","5745","","","","","","","","","",""
"SCANLON,CHRISTOPHER","5746","5","5","5","5","5","5","4.75","5","4.75","5"
"SCANLON,PATRICK","5747","4.398058","4.402913","4.635922","4.223301","4.601942","4.514563","4.752427","4.495146","4.373786","4.868932"
"SCARTON,LISA","5748","3.333333","3.444444","3.654321","3.493827","4.111111","4.493827","4.518519","4.518519","4.407407","4.691358"
"SCHABRUCH,KATIE BECK","5749","4","3.666667","4","3.333333","3.666667","4","4","4","4.333333","4"
"SCHACHNER,EMMA","5750","4.412371","4.113402","4.360825","4.274914","4.049645","4.126354","4.351064","4.146429","4.206406","4.524823"
"SCHACK-DUGRE,JUDI","5751","3.927835","3.790378","3.769759","3.831615","3.862069","3.934483","3.934483","4.093103","3.896552","4.37931"
"SCHADEWALD,MICHAEL","5752","3.932502","3.926632","3.187821","3.916361","3.399413","3.682085","3.837858","4.184559","3.540719","3.994131"
"SCHAER,MICHAEL","5753","4.590206","4.520619","4.484536","4.515464","4.751634","4.711475","4.824104","4.718954","4.775244","4.863192"
"SCHAFER,MICKEY S","5754","4.599034","4.550725","4.628019","4.512077","4.728155","4.723301","4.92233","4.825243","4.68932","4.985437"
"SCHAFFEL,MARTIN L","5755","4.709677","4.645161","4.693548","4.66129","4.822581","4.770492","4.854839","4.770492","4.854839","4.919355"
"SCHALOW,ROBERT D","5756","4.6","4.45","4.55","4.5","4.8","4.85","4.8","4.8","4.8","4.8"
"SCHANZENBACH,DIANE","5757","4","4.2","4","4.4","4.2","3.6","4.4","4.4","4.2","4.8"
"SCHAP III,WILLIAM JAMES","5758","4.380952","4.166667","4.404762","4.333333","4.690476","4.309524","4.857143","4.714286","4.595238","4.952381"
"SCHARF,MICHAEL E","5759","4.6","4.333333","3.7","4.466667","4.4","4.666667","4.566667","4.566667","4.433333","4.566667"
"SCHARPING,ROBERT","5760","4.0625","4","3.9375","3.875","3.8125","4.625","4.625","4.5625","4.3125","4.8125"
"SCHATT,MATTHEW","5761","4.692308","4.538462","4.153846","4.538462","4.538462","4.769231","4.846154","4.615385","4.692308","4.692308"
"SCHAUB,JAY","5762","4.591346","4.514423","4.658654","4.543269","4.623116","4.623116","4.61809","4.638191","4.638191","4.663317"
"SCHEFFE,JONATHAN","5763","4.59887","4.570621","4.237288","4.576271","4.587571","4.548023","4.638418","4.740113","4.59322","4.677966"
"SCHEFFERS,BRETT","5764","4.151515","4.121212","4.515152","4.151515","4.30303","4.181818","4.606061","4.242424","4.121212","4.848485"
"SCHEFFLER,JASON M","5765","4.590615","4.427184","4.197411","4.512945","4.68932","4.472492","4.739482","4.682848","4.763754","4.834951"
"SCHEFFLER,TRACY","5766","4.485437","4.281553","4.466019","4.524272","4.563107","4.640777","4.805825","4.796117","4.543689","4.912621"
"SCHELL,JOHN LOGAN","5767","4.166667","4.041667","3.979167","4.104167","3.979167","4.208333","4.166667","4.479167","4.354167","4.5"
"SCHELL,KRAIG","5768","4.6","4.4","4.2","4.4","4.8","4.6","4.8","4.8","4.8","5"
"SCHENTRUP,DENISE M","5769","4.444444","4.402778","4.263889","4.388889","4.464789","4.492958","4.535211","4.605634","4.507042","4.521127"
"SCHEUERMANN,LOGAN MICHAEL","5770","4.045685","4.055838","4.152284","4.121827","4.473684","4.359649","4.438596","4.429825","4.508772","4.412281"
"SCHEY,KARIN C","5771","4.636986","4.630137","4.630137","4.636986","4.744828","4.765517","4.772414","4.77931","4.772414","4.772414"
"SCHILLER,GEOFFREY L","5772","4.4","4.2","4.6","4.2","4.6","4.4","4.6","4.4","4.6","4.6"
"SCHLAFKE,REBECCA ELIZABETH","5773","4.404762","4.261905","4.595238","4.309524","4.785714","4.738095","4.857143","4.785714","4.785714","4.833333"
"SCHLENKER,CHRISTINE","5774","3.895161","3.782258","3.032258","3.959677","3.268519","3.574074","3.453704","4.037037","3.222222","3.740741"
"SCHMER-GALUNDER,SONJA","5775","4.05814","4.116279","4.27907","4.22093","4.244186","4.232558","4.465116","4.337209","4.406977","4.651163"
"SCHMID,DAPHNE GRACE","5776","4.722222","4.673611","4.694444","4.583333","4.868056","4.902778","4.9375","4.958333","4.819444","4.916667"
"SCHMIDT,CHRISTINE E","5777","4.424242","4.393939","4.484848","4.242424","4.636364","4.606061","4.666667","4.757576","4.636364","4.787879"
"SCHMIDT,DARREN","5778","4.37234","4.340426","3.840426","4.43617","4.565217","4.673913","4.75","4.73913","4.717391","4.73913"
"SCHMIDT,MATTHEW MARTIN","5779","4.333333","4.166667","4.583333","4.333333","4.416667","4.166667","4.416667","4.583333","4.166667","4.833333"
"SCHMIDT,STEPHAN","5780","4.447917","4.395833","4.229167","4.479167","4.734043","4.478723","4.744681","4.638298","4.755319","4.797872"
"SCHMITT,KIMBERLY JEAN","5781","3.888889","3.638889","4.111111","3.666667","3.861111","4.333333","4.138889","4.416667","4.166667","4.305556"
"SCHMITTGEN,JANET","5782","4.43196","4.426966","4.458177","4.40824","4.596424","4.629962","4.682458","4.646607","4.587484","4.688378"
"SCHMITTGEN,THOMAS D","5783","4.297872","4.234043","4.297872","4.212766","4.568182","4.363636","4.568182","4.545455","4.613636","4.5"
"SCHMITZ,ANDREW","5784","3.75","3.75","3.75","3.75","3.75","4","4","4.75","3.75","4.75"
"SCHNEIDER,KEITH R","5785","4.421053","4.236842","4.381579","4.368421","4.260274","4.388889","4.369863","4.465753","4.465753","4.506849"
"SCHNEIDER,MARCIA K","5786","3.693431","3.708029","3.591241","3.80292","3.080292","3.145985","3.321168","3.459854","2.963504","4.167883"
"SCHNEIDER,MARKUS","5787","3.25098","3.439216","2.984314","3.380392","2.807843","3.07874","2.788235","3.81746","2.945098","3.625984"
"SCHNEIDER,RENEE GOODRICH","5788","4.5","4.233333","4.433333","4.366667","4.153846","4.346154","4.384615","4.461538","4.384615","4.384615"
"SCHNITZLER,CHRISTINE","5789","5","5","5","5","5","5","5","5","5","5"
"SCHNOOR,DAVID ADAM","5790","4.75","4.75","4.708333","4.666667","4.782609","4.73913","4.869565","4.782609","4.869565","4.956522"
"SCHOFIELD,KAREN G","5791","4.616279","4.52907","4.616279","4.456395","4.780303","4.776515","4.893939","4.837121","4.776515","4.920455"
"SCHOLTZ III,RICHARD V","5792","4.45045","4.432432","4.405405","4.252252","4.409091","4.281818","4.545455","4.445455","4.513761","4.645455"
"SCHORB,JODI","5793","4.568","4.512","4.544","4.576","4.52","4.296","4.672","4.568","4.48","4.872"
"SCHRADER,SARAH","5794","3.836735","3.938776","4.102041","3.918367","4.265306","4.469388","4.673469","4.55102","4.591837","4.77551"
"SCHRODER,WHITTAKER CARL","5795","4.398374","4.268293","3.894309","4.292683","4.317073","4.418033","4.5","4.666667","4.540984","4.459016"
"SCHUBRING,DUWAYNE","5796","4.467153","4.423358","4.364964","4.306569","4.306569","4.49635","4.116788","4.824818","4.364964","4.262774"
"SCHUELLER,JOHN KENNETH","5797","4.206478","4.246964","3.882591","4.315789","4.05668","4.125506","4.259109","4.392713","3.951417","4.578947"
"SCHUELLER,MALINI JOHAR","5798","4.7","4.683333","4.7","4.716667","4.616667","4.666667","4.533333","4.783333","4.666667","4.983333"
"SCHUERMANN,HOPE","5799","4.5","4.5","3.5","4.5","3.5","4.5","3.5","3.5","3.5","3.5"
"SCHULD,SUSAN","5800","4.75","4.696429","4.839286","4.696429","4.945455","4.872727","4.963636","4.818182","4.854545","4.981818"
"SCHULTZ,ALEXANDER C","5801","4.378378","4.243243","4.459459","4.216216","4.891892","4.72973","4.864865","4.783784","4.756757","4.837838"
"SCHULTZ,ELIZABETH","5802","5","5","5","5","5","5","5","5","5","5"
"SCHULTZ,RUSSELL DEAN","5803","3.842623","3.95082","3.714754","3.947541","4.096154","4.360577","4.322115","4.346154","4.240385","4.283654"
"SCHULZ,CECILIA M","5804","4.367424","4.193182","4.041667","4.356061","4.386364","4.477273","4.670455","4.646388","4.57197","4.787879"
"SCHULZE,KURT DONALD","5805","3.909836","4.04918","3.536885","4.110656","3.344262","3.831276","3.663934","4.147541","3.409836","3.930328"
"SCHUSTER,MICHAEL","5806","3.934426","3.967213","3.786885","3.967213","4.033898","4.237288","4.186441","4.220339","4.067797","4.237288"
"SCHUTZMAN,BART M","5807","4.441176","4.264706","4.272059","4.323529","4.427481","4.396947","4.564885","4.557252","4.458015","4.740458"
"SCHWANKE,ALAN","5808","4.555556","4.666667","4.555556","4.555556","4.555556","4.444444","4.777778","4.888889","4.666667","4.888889"
"SCHWARTZ,ERIC M","5809","4.650094","4.650094","3.884615","4.554409","4.014071","4.014138","3.991557","4.683271","3.93797","4.771402"
"SCHWARTZ,MARINA K","5810","4.823529","4.647059","4.823529","4.647059","4.823529","4.823529","4.823529","4.764706","4.823529","4.823529"
"SCHWARTZ,MICHAEL A","5811","4.727273","4.727273","4.727273","4.727273","4.727273","4.818182","4.727273","4.727273","4.454545","4.727273"
"SCHWARTZ,SHARI L","5812","4.156794","4.110337","3.485482","4.267131","3.716279","3.886946","4.030233","4.204651","4.113953","4.368605"
"SCHWARZ,AMANDA BOCZKOWSKI","5813","4.736842","4.684211","4.736842","4.631579","4.5","4.571429","4.428571","4.714286","4.357143","4.714286"
"SCHWARZ,BC","5814","4.689655","4.465517","4.655172","4.62069","4.793103","4.724138","4.810345","4.706897","4.827586","4.741379"
"SCHWEDELSON,JAY IAN","5815","4","3.5","5","4.5","5","5","5","5","5","5"
"SCHWENDT,MAREK","5816","3.880952","3.761905","3.761905","3.952381","3.595238","3.560976","3.642857","3.809524","3.761905","4.166667"
"SCINDIA,YOGESH M","5817","4.5625","4.59375","4.40625","4.46875","4.125","4.125","3.96875","4.28125","4.0625","4.21875"
"SCOFIELD,MICHAEL ALAN","5818","4.266667","4.35","4.666667","4.233333","4.766667","4.830508","4.85","4.966102","4.766667","4.866667"
"SCOTT,ALICIA M","5819","3.363636","3.727273","2.818182","3.909091","3.090909","2.454545","3.545455","3","3.181818","3.636364"
"SCOTT,EDWARD W","5820","4.545455","4.606061","4.393939","4.484848","4.181818","4.363636","4.333333","4.363636","4.363636","4.393939"
"SCOTT,JACOB","5821","4.382353","4.323529","4.205882","4.411765","4.190476","4.318182","4.238095","4.238095","4.238095","4.333333"
"SCOTT,LINDSEY","5822","4.392857","4.321429","4.589286","4.482143","4.678571","4.660714","4.75","4.678571","4.589286","4.892857"
"SCOTT,LISA S","5823","4.228571","4.1","4.357143","4.171429","4.485714","4.614286","4.671429","4.757143","4.585714","4.8"
"SCOTT,RYAN L","5824","4","3.882353","4.294118","4.058824","4.117647","4.294118","4.411765","4.588235","4.117647","4.705882"
"SCUDERI,ERIKA","5825","4.577778","4.577778","4.622222","4.577778","4.622222","4.711111","4.8","4.822222","4.511111","4.933333"
"SEABRA,GUSTAVO","5826","4.4","4.35","4.4","4.4","4.65","4.35","4.7","4.8","4.75","4.75"
"SEALE JR,JAMES L","5827","4","4.25","4.25","4.1875","4.25","4.375","4.3125","4.375","3.9375","4.1875"
"SEALY,MATTHEW PETER ANTHONY","5828","4.386364","4.318182","4.590909","4.204545","4.795455","4.568182","4.863636","4.818182","4.795455","4.909091"
"SEARIGHT,ANN","5829","4.333333","4.311111","4.444444","4.288889","4.422222","4.155556","4.622222","4.111111","4.466667","4.955556"
"SEARLES,ADAM","5830","4.666667","4.6","4.733333","4.6","4.866667","4.933333","4.933333","4.733333","4.933333","4.933333"
"SEARLES,KEITH","5831","4.436364","4.381818","4.157576","4.321212","4.486842","4.311258","4.5","4.539474","4.483444","4.546053"
"SEEKFORD,ZACHARY KENT","5832","4.5","4.5","4.642857","4.5","4.571429","4.642857","4.714286","4.785714","4.642857","4.857143"
"SEELY,CLARK","5833","4.541667","4.5","4.708333","4.583333","4.608696","5","4.869565","5","4.73913","4.869565"
"SEEPO,CATRIN","5834","2.84","2.88","3.36","3.4","3.32","3.4","4.166667","3.8","3.84","4.28"
"SEFAIR,JORGE A","5835","4.391061","4.446927","4.22905","4.268156","4.435754","4.184358","4.569832","4.379888","4.363128","4.832402"
"SEGAL,CORIN","5836","2.904437","3.071672","2.703072","3.273038","2.62116","2.828767","2.726962","3.202055","2.836177","3.273038"
"SEGAL,RICHARD","5837","4.518006","4.501385","4.537396","4.465374","4.837338","4.813136","4.878004","4.841959","4.845656","4.890943"
"SEGUI,JUAN","5838","4.564103","4.538462","4.623932","4.495726","4.803419","4.777778","4.811966","4.803419","4.717949","4.871795"
"SEIDEL,DANIEL","5839","4.246377","4.26087","4.144928","4.26087","4.304348","4.217391","4.318841","4.478261","4.246377","4.536232"
"SEIDLER,RACHAEL","5840","4.515789","4.4","4.568421","4.484211","4.641304","4.663043","4.728261","4.717391","4.608696","4.804348"
"SEIFERT,ROBERT P","5841","4.493151","4.424658","4.465753","4.410959","4.794521","4.767123","4.808219","4.794521","4.821918","4.863014"
"SELA,ANER","5842","4.406667","4.446667","4.486667","4.446667","4.493333","4.48","4.613333","4.666667","4.513333","4.686667"
"SELDEN,ZACHARY","5843","4.539568","4.402878","4.467626","4.482014","4.666667","4.528986","4.73913","4.76087","4.76087","4.811594"
"SELEPAK,ANDREW G","5844","4.367089","4.251055","4.335443","4.276371","4.457806","4.255319","4.56962","4.542194","4.582278","4.751055"
"SELFE,TERRY KIT","5845","4","4.333333","3.666667","4.333333","3.333333","4","3","3.333333","4","4"
"SELIGSON,NATHAN D","5846","4.5","4.4","4.433333","4.4","4.333333","4.466667","4.533333","4.533333","4.433333","4.6"
"SELL,PAUL","5847","3.923077","3.976923","4.115385","4.011538","4.026923","3.813953","4.161538","4.426923","4.111538","4.746154"
"SELLERS,MARIA LOCKE","5848","4.227778","4.216667","3.811111","4.233333","4.083333","4.355556","4.505556","4.527778","4.333333","4.577778"
"SELLEY,KYLE","5849","3.9375","4.375","4.25","3.6875","3.75","4.25","3.9375","4.25","3.75","4"
"SELLS,EMMA","5850","4.722222","4.5","4.222222","4.666667","4.5","4.888889","4.777778","4.833333","4.666667","4.833333"
"SEMENOV,ALEXANDER","5851","3.807339","3.834862","3.513761","3.899083","3.638889","3.807339","3.908257","4.137615","3.675926","4.045872"
"SEMPLE-ROWLAND,SUE","5852","3.987013","4.025974","3.402597","4.077922","4.015873","4.206349","4.142857","4.444444","4.142857","4.285714"
"SEMPREH,ERIC ELI","5853","3.428571","3.428571","4","3.714286","2.75","3","3","3.25","2.75","3"
"SEMWAZA,FRANCIS EDWARD","5854","4.11284","4.042802","3.451362","4.120623","3.792157","3.851562","4.32549","4.403922","4.153543","4.27451"
"SEN,DEVIKA","5855","4.033333","4.066667","3.5","3.733333","3.3","3.4","4.133333","4.266667","3.833333","3.833333"
"SEN,JASHODHARA","5856","4.556291","4.496689","4.715232","4.516556","4.715232","4.615894","4.781457","4.741722","4.655629","4.913907"
"SENA,ELIZABETH CHRISTIE","5857","3.333333","3.666667","3.333333","3.666667","4","3","4.333333","3.666667","4.166667","4.166667"
"SENESAC,CLAUDIA R","5858","4.785714","4.571429","4.142857","4.428571","4.928571","4.928571","5","5","5","5"
"SENGUPTA,SROYON","5859","4.162791","4.193798","3.813953","4.162791","4.622047","4.669291","4.685039","4.685039","4.661417","4.779528"
"SENORY,JACOB","5860","4.636364","4.606061","4.742424","4.530303","4.47619","4.625","4.587302","4.6875","4.580645","4.5625"
"SENSABAUGH,DANI","5861","4.197802","4.241758","4.197802","4.175824","4.640449","4.715909","4.811111","4.775281","4.808989","4.844444"
"SENSBACH,JON F","5862","4.473684","4.447368","4.236842","4.5","4.526316","4.552632","4.684211","4.394737","4.657895","4.710526"
"SEO,GIYEON","5863","4.264151","4.301887","3.90566","4.226415","4.150943","4.25","4.480769","4.5","4.307692","4.346154"
"SEO,SEMIN","5864","4.777778","4.666667","4.833333","4.666667","5","5","5","5","4.944444","5"
"SERAFIN,KATHERINE","5865","4.042056","4.093458","4.341121","4.03271","4.448598","4.413146","4.61215","4.607477","4.560748","4.82243"
"SÉRAPHIN,MARIE NANCY","5866","4.093023","4.093023","4.209302","4.27907","3.906977","4.162791","4.395349","4.627907","3.790698","4.418605"
"SERAPHINE,ANNE ELIZABETH","5867","4.435115","4.435115","4.122137","4.389313","4.587786","4.580153","4.679389","4.610687","4.496183","4.854962"
"SERRA,RENATA","5868","4.641975","4.555556","4.740741","4.54321","4.765432","4.6875","4.848101","4.753086","4.7","4.888889"
"SERRANO,MARIA A","5869","4.636364","4.636364","4.545455","4.666667","4.723077","4.738462","4.738462","4.723077","4.738462","4.784615"
"SERRANO,NICHOLAS","5870","3.83908","3.706897","4","3.793103","4.057471","3.902299","4.189655","4.08046","4.04023","4.626437"
"SETHI,PALASH","5871","4.41844","4.319149","4.042553","4.503546","4","4.093023","4.094118","4.139535","4.047059","4.070588"
"SETIAWAN,KENT WINATA","5872","2.933333","3.133333","2.666667","3.266667","4","4.2","4","4.4","4","4"
"SETLOW,BARRY","5873","3.891304","3.833333","3.876812","3.891304","4.350877","4.333333","4.365217","4.375","4.330435","4.37069"
"SETTLES,ALEX","5874","4.251527","4.231161","4","4.238289","4.261224","4.274029","4.462168","4.501532","4.417773","4.54898"
"SEVEN,YASIN B","5875","3.72973","3.432432","3.72973","3.756757","3.694444","4.222222","4.297297","4.459459","3.810811","4.378378"
"SEWNATH,NEEKA","5876","3.400722","3.541516","2.851986","3.624549","3.390071","3.546099","3.574468","3.65493","3.58156","3.605634"
"SEYMOUR,SPENCER KEITH","5877","4.445652","4.271739","4.119565","4.380435","4.543478","4.307692","4.717391","4.663043","4.717391","4.793478"
"SHABANOV,SERGEI","5878","4.72","4.76","4.566667","4.72","4.646667","4.657718","4.7","4.846667","4.586667","4.92"
"SHABAZZ,MISSY","5879","4.24938","4.238848","3.533457","4.291512","4.171965","4.0279","4.29063","4.384055","4.217675","4.408052"
"SHAFIEE,ALI","5880","3.888889","3.666667","3.814815","3.740741","3.185185","4.037037","4.074074","4.333333","3.185185","4.481481"
"SHAH,AMAR HARISH","5881","4.75","4.5","4.75","4.75","4.75","4.75","4.75","4.75","4.75","4.75"
"SHAHIN,HEIDAR","5882","4.028846","4.048077","4.115385","4.076923","4.284314","4.323529","4.323529","4.284314","4.333333","4.45098"
"SHAHIN,MAYAR AFIFY","5883","3.845455","3.8","2.936364","3.927273","3.366972","3.727273","3.845455","4.027273","3.712963","3.845455"
"SHAHRIARI MEHR,GOSHTASB","5884","4.26087","4.23913","4.34058","4.231884","3.864078","4.096154","4.029126","4.173077","3.941748","4.048544"
"SHAIKH,HINA","5885","4.72807","4.657895","4.719298","4.631579","4.868421","4.710526","4.938596","4.833333","4.833333","4.991228"
"SHAMBAUGH-CORTESI,LAURA","5886","4.237189","4.070278","3.698389","4.241581","4.14978","4.184366","4.48605","4.573314","4.419355","4.573314"
"SHAMSI,ALLEN","5887","4.434783","4.313043","4.617391","4.243478","4.54386","4.692982","4.701754","4.815789","4.429825","4.745614"
"SHAN,GUOGEN","5888","4.75","4.75","4.75","4.625","4.875","4.875","4.875","4.875","4.75","4.875"
"SHAN,SHENGCHEN","5889","5","5","5","5","5","5","5","5","5","5"
"SHANKAR,AISHWARYA","5890","4.241667","4.133333","3.741667","4.233333","3.957983","3.773109","4.302521","4.15","4.117647","4.325"
"SHANKER,AJAY","5891","3.092857","3.321429","2.864286","3.564286","2.721429","3.021429","2.871429","3.442857","2.657143","3.6"
"SHANLEY,JUDY LYNNE","5892","4.692308","4.538462","4.307692","4.384615","4.538462","4.846154","4.692308","4.769231","4.769231","4.769231"
"SHANNONHOUSE,LAURA R","5893","4.761905","4.714286","4.761905","4.666667","4.857143","4.714286","4.857143","4.52381","4.761905","5"
"SHAO,HUI","5894","4.714286","4.571429","4.714286","4.571429","5","5","5","5","5","5"
"SHAO,NIYA","5895","4.75","4.625","4.875","4.75","4.75","5","4.875","5","5","5"
"SHAO,WEI","5896","4.426966","4.393258","4.280899","4.404494","4.516854","4.460674","4.606742","4.651685","4.426966","4.662921"
"SHAPIRO,JERNE J","5897","4.438356","4.330724","4.084149","4.377691","4.537402","4.512821","4.692913","4.668639","4.641732","4.82874"
"SHAPIRO,MICHAEL A","5898","4.702703","4.216216","3.783784","4.297297","4.1875","4.1875","4.34375","4.34375","4.34375","4.375"
"SHARJEEL,ASRA B","5899","4.108108","4.135135","4.162162","4.054054","3.916667","4.083333","4.194444","4.083333","3.555556","4.388889"
"SHARMA,ABHISHEAK","5900","4.287129","4.19802","4.168317","4.39604","4.5625","4.552083","4.614583","4.572917","4.489583","4.666667"
"SHARMA,ANUJ","5901","4.5","4.333333","4.5","4.5","4.5","4.5","4.5","4.666667","4.5","4.5"
"SHARMA,BHAKTI","5902","4.1875","4.125","4.5","4.375","4.3125","4.25","4.6875","4.5","4.5","4.625"
"SHARMA,BHAVNA","5903","4.239583","4.145833","4.385417","4.239583","4.416667","4.489583","4.572917","4.65625","4.427083","4.84375"
"SHARMA,BLANKA","5904","4.515625","4.515625","4.5","4.46875","4.46875","4.015625","4.5625","4.359375","4.5","4.671875"
"SHARMA,CHETNA","5905","4.319149","4.319149","4.446809","4.170213","4.543478","4.586957","4.826087","4.630435","4.543478","4.869565"
"SHARMA,KUSHAGRI","5906","4.34322","4.334746","3.627119","4.377119","4.301075","4.483871","4.462366","4.553763","4.424731","4.430108"
"SHARMA,POOJA","5907","4.205479","4.219178","4.178082","4.136986","4.068493","4.287671","4.369863","4.438356","4","4.356164"
"SHARMA,PRIYA","5908","4.75","4.75","4.625","4.75","5","5","5","5","5","5"
"SHARMA,VIVEK","5909","4.375","4.625","4.75","4.125","4.375","4.5","4.5","4.75","4.625","4.75"
"SHARMA,WASANTI PREM","5910","4.488889","4.296296","4.192593","4.385185","4.777778","4.82963","4.822222","4.851852","4.807407","4.703704"
"SHARP,MISTI","5911","4.212202","4.217507","4.371353","4.164456","4.473262","4.497326","4.652406","4.641711","4.515957","4.834667"
"SHARSTON,RYAN","5912","3.949612","3.895349","3.627907","3.879845","3.59144","3.875486","3.88716","4.035019","3.801556","4.085603"
"SHASTRI,MAYA","5913","4.453125","4.4375","4.59375","4.40625","4.578125","4.734375","4.734375","4.825397","4.6875","4.828125"
"SHEA,JOHN M","5914","4.36478","4.371069","4.245283","4.333333","4.515924","4.210191","4.592357","4.626582","4.433121","4.866242"
"SHEAHAN,EMMALINE ROARKE","5915","3.789474","3.736842","3.894737","3.868421","3.684211","3.526316","4.026316","4.210526","3.868421","4.368421"
"SHEDDEN,MATIAS","5916","3.804124","3.984536","3.747423","4.113402","3.809278","3.840206","4.082474","4.388601","3.850515","4.221649"
"SHEEHAN,MATTHEW C","5917","4.357143","4.265306","4.27551","4.265306","4.540816","4.5","4.72449","4.714286","4.693878","4.744898"
"SHEFFIELD,JESSICA","5918","4.175055","4.153173","4.371991","4.205689","4.361842","4.394737","4.567982","4.555799","4.54386","4.673961"
"SHEFFIELD,STERLING W","5919","4.8","4.8","4.8","4.8","4.6","4.8","5","5","4.4","5"
"SHEKILADZE,GIGLA","5920","4.1","4.1","4.2","4.2","4.5","4.6","4.6","4.6","4.6","4.4"
"SHELNUTT,KARLA PAGAN","5921","5","5","5","5","5","5","5","5","5","5"
"SHELTON,CHRIS","5922","4.527778","4.555556","4.444444","4.305556","4.638889","4.638889","4.722222","4.638889","4.583333","4.888889"
"SHELTON,SUMMER SUZANNE","5923","4.542373","4.491525","4.237288","4.508475","4.826923","4.807692","4.807692","4.830189","4.75","4.826923"
"SHEN,LEYI","5924","4.142857","4","3.571429","4.142857","3.857143","4","4.142857","4.285714","3.857143","3.857143"
"SHEN,WENYI","5925","4.162791","4.116279","4.22093","4.116279","2.965517","3.068966","3.568966","3.275862","2.948276","3.965517"
"SHENK,BRANDON M","5926","4.747573","4.645631","4.674757","4.582524","4.814634","4.765854","4.882927","4.82439","4.819512","4.931707"
"SHENKMAN,ELIZABETH ANN","5927","4","3.8125","4.0625","4.25","4.5","4.363636","4.333333","4.363636","4.583333","4.75"
"SHEPARD,DAWN MICHELLE","5928","4.523256","4.488372","4.418605","4.418605","4.517857","4.446429","4.642857","4.553571","4.589286","4.642857"
"SHEPLAK,MARK","5929","4.168831","4.324675","3.831169","4.272727","3.779221","3.895425","3.88961","4.584416","3.798701","4.396104"
"SHEPPERD,JAMES A","5930","4.272727","3.909091","4.545455","4.181818","4.272727","4.636364","4.545455","4.636364","4.727273","4.818182"
"SHEREMET,ALEX","5931","4.75","5","5","4.75","5","4.75","4.75","4.25","4.25","5"
"SHERIDAN-HEWLETT,HILDA XEZAL","5932","4.043478","4.173913","4.173913","4","3.956522","4.391304","4.347826","4.434783","3.913043","4.347826"
"SHERIDAN,MEGAN MAUREEN","5933","4.567308","4.403846","4.182692","4.480769","4.378641","4.436893","4.711538","4.76699","4.61165","4.711538"
"SHERIF,SA","5934","4.417143","4.405714","4.142857","4.422857","4.422857","4.205714","4.531429","4.729885","4.354286","4.702857"
"SHERMIS,SAGA SUNSHINE","5935","4.1","4.1","4.6","4.2","4.5","4.7","4.6","4.8","4.7","4.9"
"SHETTY,ARMAAN R","5936","4.145161","4.16129","4.354839","4.112903","4.022222","4.065217","4.4","4.404255","4.266667","4.434783"
"SHI,IRIS","5937","4.124549","4.205776","3.602888","4.268953","3.950617","4.102881","4.09465","4.148148","4.049383","4.098765"
"SHI,JINGJING","5938","4.324074","4.388889","3.990741","4.407407","4.361111","4.388889","4.537037","4.62963","4.305556","4.638889"
"SHICKEL,BENJAMIN","5939","4.181818","4.181818","4.272727","4","4.636364","4.454545","4.727273","4.727273","4.727273","4.727273"
"SHIELDS,TRACY","5940","4.8","4.8","4.8","4.8","5","5","4.8","4.8","5","5"
"SHIGEMOTO,YUKI","5941","4.3125","4.1875","4.4375","4.3125","4.5","4.5625","4.75","4.75","4.5625","4.5"
"SHIMANSKY,TIERNEY LEE","5942","4.47451","4.309804","3.94902","4.513725","4.361789","4.581301","4.699187","4.686992","4.597561","4.634146"
"SHIN,HEEJUN","5943","3.45283","3.481132","3.367925","3.669811","3.037736","3.5","3.783019","4.150943","2.962264","3.962264"
"SHIN,JAEJEONG ""JANE""","5944","4.566775","4.498371","4.381107","4.527687","4.687296","4.527687","4.814332","4.739414","4.697068","4.905537"
"SHIN,JIEUN","5945","4.5","4.472727","4.172727","4.4","4.545455","4.681818","4.636364","4.672727","4.609091","4.609091"
"SHIN,JINNIE","5946","4.631579","4.526316","4.421053","4.621053","4.673684","4.610526","4.726316","4.789474","4.621053","4.915789"
"SHIN,WOOCHOEL","5947","4","3.98895","4.270718","4.066298","4.077348","4.110497","4.311111","4.287293","3.955801","4.596685"
"SHIN,YUN CHAN","5948","4.025","3.875","3.825","4.15","3.333333","3.333333","3.666667","3.461538","3.282051","4.051282"
"SHIPLEY,HANNAH NICOLE","5949","4.37037","4.333333","4.666667","4.222222","4.444444","4.592593","4.703704","4.555556","4.555556","4.740741"
"SHIPPY,SARAH","5950","4.705","4.595","4.68","4.575","4.781145","4.766892","4.787162","4.75","4.793919","4.814189"
"SHIREY,VAUGHN MICHAEL","5951","5","4.714286","5","4.857143","5","5","4.857143","4.857143","4.857143","5"
"SHIVARAMAN,VISALAKSHI","5952","4.5","4.5","4.428571","4.428571","4.357143","4.571429","4.357143","4.571429","4.357143","4.357143"
"SHMALBERG,JUSTIN WILLIAM","5953","4.488189","4.511811","4.590551","4.496063","4.621622","4.638889","4.756757","4.694444","4.675676","4.72973"
"SHOCKLEY,AMY RUTTER","5954","4.47619","4.47619","4.095238","4.428571","4.52381","4.571429","4.619048","4.571429","4.52381","4.666667"
"SHOENFELT,ALAYNA ESTHER","5955","4.533333","4","4.2","4.6","4.133333","4.8","4.866667","4.866667","4.333333","4.866667"
"SHOMANOV,ZHUMAGALI","5956","4.177914","4.190184","3.447853","4.214724","3.848485","3.989899","4.050505","4.141414","3.989899","4.050505"
"SHONROCK,ABIGAIL THORNDYKE","5957","4","4.166667","4.5","4.166667","2.333333","2.5","2.333333","4.166667","3.333333","3.333333"
"SHORTT,PAUL","5958","5","5","5","5","5","5","5","5","5","5"
"SHOULDERS,BETHANY","5959","4.363636","4.373737","4.464646","4.353535","4.525253","4.565657","4.626263","4.636364","4.636364","4.666667"
"SHRESTHA,NIRJAL","5960","4.172973","4.216216","3.745946","4.254054","3.737288","3.822034","3.847458","4.067797","3.957627","3.90678"
"SHRIMPTON,THOMAS","5961","4.337838","4.391892","4.337838","4.405405","4.684932","4.616438","4.671233","4.60274","4.616438","4.90411"
"SHRIVER,LISA MARIE","5962","4.328125","4.203125","3.8125","4.390625","4.152542","4.355932","4.508475","4.491525","4.305085","4.542373"
"SHROFF,RHEA","5963","4.166667","4.133333","4.133333","4.066667","3.833333","4.233333","4.4","4.566667","4.133333","4.466667"
"SHU,DANIELLE KATELYN","5964","4.31746","4.206349","4.380952","4.301587","4.629032","4.725806","4.709677","4.709677","4.66129","4.790323"
"SHUGAN,STEVEN MARK","5965","4.8125","4.8125","4.75","4.75","4.875","4.8125","4.9375","4.875","4.875","4.9375"
"SHUTE,ERIK TYLER","5966","4.5","4.453704","3.981481","4.444444","4.638889","4.833333","4.75","4.796296","4.703704","4.62037"
"SIDDIG,MURWAN","5967","4.543478","4.518116","4.478261","4.460145","4.539855","4.666667","4.757246","4.757246","4.663043","4.728261"
"SIDDIQUE,MUHAMMAD SOHAIL","5968","5","4.5","4.5","4.5","2","2","2","2.5","2","3.5"
"SIDERS,ZACHARY","5969","4.432432","4.405405","4.324324","4.459459","4.486486","3.891892","4.648649","4.432432","4.243243","4.783784"
"SIEBER,KAYLI RENEE","5970","4.019802","3.950495","3.623762","4.108911","3.478261","3.967391","4.076087","4.217391","3.836957","4.217391"
"SIEGEL,SCOTT N","5971","3.468085","3.606383","3.425532","3.776596","3.021277","3.074468","3.680851","3.702128","3.074468","4.287234"
"SIEMANN,DIETMAR W","5972","4.222222","4.148148","3.962963","4.185185","4.52","4.48","4.44","4.48","4.56","4.68"
"SIERRA NINO,LAURA VALENTINA","5973","4.6","4","4.6","4.6","4.2","4.8","4.2","4.8","4.2","4.8"
"SIERRA,JADE A","5974","4.458333","4.333333","4.416667","4.458333","4.416667","4.416667","4.541667","4.625","4.416667","4.625"
"SIEVING,KATHRYN E","5975","4.786667","4.666667","4.706667","4.626667","4.72","4.702703","4.933333","4.8","4.786667","4.986667"
"SIGMUND,WOLFGANG","5976","4","4.178571","3.964286","4.285714","3.785714","4.035714","4.178571","3.928571","4.107143","4.535714"
"SIKAND,REBECCA","5977","4.375479","4.329502","4.318008","4.35249","4.35","4.45","4.265385","4.511538","4.446154","4.553846"
"SIKIVIE,PIERRE","5978","4.133333","4.233333","3.866667","4.466667","3.833333","3.9","4.233333","4.366667","4.166667","4.7"
"SIL,SHREEMOYEE","5979","4.454545","4.386364","4.136364","4.318182","4.045455","4.272727","4.477273","4.522727","4.340909","4.386364"
"SILBERSTEIN,RACHEL","5980","4.666667","4.583333","4.583333","4.583333","4.545455","4.454545","4.636364","4.636364","4.454545","4.818182"
"SILJAK,ANA","5981","4.481481","4.37037","4.666667","4.222222","4.888889","4.740741","4.777778","4.777778","4.555556","4.962963"
"SILKENAT,DAVID ANDREW","5982","4.684211","4.578947","4.789474","4.421053","4.684211","4.736842","4.736842","4.947368","4.684211","4.894737"
"SILVA CARRANZA,MAYRA BETSABE","5983","4.125","4.25","4.5625","4.1875","4.9375","4.9375","4.9375","4.9375","4.9375","4.9375"
"SILVA ULIARTE,ALEJANDRA","5984","4.666667","4.666667","4.666667","3.833333","4.833333","5","4.833333","5","4.5","4.833333"
"SILVA,CARLOS ALBERTO","5985","4.766667","4.766667","4.766667","4.666667","4.733333","4.766667","4.833333","4.933333","4.7","4.933333"
"SILVA,CATIA S","5986","4.452158","4.410882","4.317073","4.424015","4.558491","4.493409","4.610586","4.691871","4.541509","4.79206"
"SILVA,ISABELA","5987","4.269231","4.038462","4.230769","4.230769","4.857143","4.714286","4.857143","4.714286","4.714286","4.857143"
"SILVA,LARISSA O","5988","4","3","3","3.5","2","5","5","5","5","5"
"SILVA,RACHEL","5989","4.380952","4.392857","4.380952","4.297619","4.578313","4.783133","4.759036","4.783133","4.686747","4.86747"
"SILVER,CHRISTOPHER","5990","4.439024","4.268293","4.097561","4.439024","4.317073","4.707317","4.560976","4.536585","4.487805","4.658537"
"SILVERI,RACHEL","5991","4.550898","4.407186","4.125749","4.42515","4.736527","4.262195","4.694611","4.682635","4.712575","4.916168"
"SILVERMAN,JOSHUA M","5992","4.666667","4.777778","5","4.222222","4.888889","4.666667","4.888889","4.222222","4.666667","4.777778"
"SILVERSTEIN,RAVIT","5993","1.769231","2.153846","2","2","1.384615","1.461538","1.692308","1.769231","1.346154","2.653846"
"SILVERT,COLBY JORDAN","5994","5","5","5","5","5","5","5","5","5","5"
"SIMERLY,SAVANNAH L","5995","4.206522","4.195652","4.336957","4.108696","4.725275","4.67033","4.868132","4.67033","4.791209","4.912088"
"SIMMONS,CYNTHIA S","5996","4.029762","3.97619","3.660714","4.107143","3.964286","4.083832","4.279762","4.233533","4.161677","4.380952"
"SIMMONS,DAVIS EUGENE","5997","4.525","4.5","4.3","4.5","4.65","4.325","4.675","4.6","4.475","4.75"
"SIMON,ALLIE RICKER","5998","4.545455","4.272727","4.636364","4.545455","4.818182","4.636364","4.818182","4.818182","4.818182","4.818182"
"SIMON,NILA TRANG","5999","5","4.5","4.5","5","4.5","4.5","4.5","5","4.5","5"
"SIMONDS,RENAE SMIRLIS","6000","4.666667","4.583333","4.166667","4.5","4.333333","4.666667","4.666667","4.666667","4.833333","4.833333"
"SIMONNE,AUDREY","6001","4.219512","4.158537","4.012195","4.195122","4.146341","4.209877","4.426829","4.463415","4.341463","4.487805"
"SIMONS,MANUEL","6002","4.156442","4.208589","4.533742","4.088957","4.325153","4.323077","4.628834","4.472393","4.288344","4.831288"
"SIMPSON,JAMES C","6003","4.270563","4.298701","4.127706","4.337662","4.361419","4.372506","4.507761","4.59867","4.461197","4.558758"
"SIMPSON,JOELLE PAMELA","6004","4.524752","4.343234","4.125413","4.465347","4.676667","4.68","4.823333","4.820598","4.803987","4.740864"
"SIMS JR,WILLIAM A","6005","4.184685","4.261261","3.882883","4.126126","4.369369","4.085586","4.441441","4.481982","4.247748","4.669683"
"SIMS,CHARLES A","6006","4.625","4.526786","4.535714","4.589286","4.776786","4.684685","4.803571","4.828829","4.785714","4.892857"
"SIMS,KATHERINE M","6007","4.5","4.347826","4.543478","4.456522","4.76087","4.847826","4.891304","4.934783","4.847826","4.782609"
"SIN,PETER K","6008","4.485294","4.485294","4.397059","4.544118","4.235294","4.485294","4.441176","4.705882","4.264706","4.720588"
"SINCLAIR,MATTHEW JOSHUA","6009","4.526316","4.368421","4.526316","3.947368","4.789474","4.842105","4.894737","4.894737","4.842105","4.894737"
"SINGH,BINTI","6010","2.8","2.8","2.6","2.8","2.25","2.75","2.75","2.25","1.75","2.5"
"SINGH,MANISHA","6011","4.833333","4.666667","4.833333","4.333333","5","4.833333","4.833333","4.833333","4.666667","5"
"SINGH,NITYA","6012","5","4.666667","5","4.666667","4.666667","4.333333","5","4","4.666667","5"
"SINGH,PRATIBHA","6013","4.5","4.1","4.8","4.6","4.9","5","5","5","4.9","5"
"SINGH,SATI","6014","4.566667","4.4","4.633333","4.333333","4.4","4.4","4.4","4.4","4.4","4.4"
"SINGH,SONIA R","6015","4.331518","4.311284","4.091051","4.224125","4.301167","4.306854","4.472374","4.680967","4.349416","4.60856"
"SINGHA,ANANYA","6016","4.236111","4.138889","3.902778","4.25","3.803279","4.177419","4.081967","4.360656","3.983607","4.081967"
"SINGHAL,ASTHA","6017","4.655172","4.62069","4.655172","4.62069","4.896552","4.896552","4.896552","4.896552","4.896552","4.896552"
"SINHA,ABHISEK","6018","4.333333","4.333333","4.333333","4.333333","4.666667","4.666667","4.666667","4.666667","4.666667","4.666667"
"SINHA,SHUBHAM","6019","3.142857","3.571429","3.857143","3.571429","3","3","3.5","3.333333","2.833333","3.166667"
"SIRIWARDENA,DEEPTHI","6020","3.714286","4","4.571429","4.071429","3.857143","4.357143","4.285714","4.642857","4.357143","4.071429"
"SIROKY,DAVID S","6021","4.695652","4.608696","4.695652","4.73913","4.913043","4.695652","4.956522","4.652174","4.956522","4.956522"
"SISTRUNK,KAWNER FRED","6022","4.666667","4.518519","4.481481","4.444444","4.703704","4.777778","4.814815","4.777778","4.777778","4.814815"
"SITHARAM,MEERA","6023","4.5","4.4375","4.4375","4.1875","4.625","4.375","4.5","4.5","4.3125","4.6875"
"SIXBEY,MEGGEN B","6024","4.78","4.66","4.72","4.68","4.86","4.88","4.84","4.9","4.88","4.9"
"SJUTS,MEGAN NICOLE","6025","4.5625","4.53125","4.1875","4.4375","4.3125","3.96875","4.65625","4.46875","4.5625","4.65625"
"SKELLEY,MORGAN ELAYNE","6026","4.181818","4.181818","4","4.212121","4.494845","4.639175","4.762887","4.701031","4.742268","4.639175"
"SKELTON,CHAD RYAN","6027","4.235294","4.352941","4.588235","4.352941","4.705882","4.764706","4.529412","4.705882","4.588235","4.823529"
"SKINNER,BENJAMIN THOMAS","6028","4.454545","4.181818","3.909091","4.181818","4.363636","4.363636","4.454545","4.727273","4.636364","4.727273"
"SKINNER,DANNY","6029","4.104167","4.1875","4.3125","4.25","4.458333","4.583333","4.625","4.6875","4.666667","4.8125"
"SKINNER,EMILY","6030","3.636364","3.833333","3.310606","3.825758","3.790323","3.935484","3.967742","3.983871","3.951613","3.919355"
"SKJONSBERG,MAX SIMON","6031","4.432692","4.394231","4.692308","4.346154","4.75","4.788462","4.778846","4.855769","4.711538","4.923077"
"SKOJEC,CHELSEA CATHERINE","6032","4.5","4","4.25","4.75","3","3.75","3","4","3","3.5"
"SKOLAR,MATTHEW JAMES","6033","4.333333","4.291667","4.791667","4.375","4.5","4.666667","4.833333","4.916667","4.625","4.916667"
"SLAWSON,BRIAN","6034","4.185714","4.185714","4.342857","4.3","3.742857","3.957143","4.142857","4.414286","3.9","4.657143"
"SLEEPER,MEG","6035","4.581597","4.572917","4.550347","4.564236","4.607306","4.515982","4.630137","4.570776","4.607306","4.630137"
"SLEPIAN,ZACHARY","6036","3.5","3.519231","3.961538","3.519231","3.615385","3.615385","3.923077","4.134615","3.576923","4.634615"
"SLETOVA,NATALIA","6037","4.598291","4.435897","4.700855","4.384615","4.704348","4.704348","4.8","4.775862","4.534483","4.887931"
"SLEY,ALLISON BROOKE","6038","4.763158","4.789474","4.763158","4.789474","4.868421","4.868421","4.815789","4.894737","4.868421","4.868421"
"SLIGH,MADELEINE","6039","4.6","4.6","4.6","4.4","4.8","4.8","4.8","4.4","4.8","4.8"
"SLINN,DONALD NICHOLAS","6040","4.483871","4.451613","4.548387","4.612903","4.483871","4.548387","4.806452","4.806452","4.451613","4.903226"
"SLIVON,RACHEL","6041","4.723022","4.679856","4.769784","4.647482","4.906475","4.928058","4.94964","4.946043","4.942446","4.942446"
"SLOAN,NICOLE L","6042","4.666667","4.666667","4.666667","4.666667","5","5","5","5","5","5"
"SLOTKIN,ALEXANDER HARRIS","6043","4.282609","4.195652","4.152174","4.108696","4.521739","4.717391","4.73913","4.782609","4.565217","4.782609"
"SLUTSKY,STEVEN M","6044","2.787234","3.106383","2.659574","3.191489","2.456522","2.744681","2.893617","3.170213","2.446809","3.680851"
"SMIDT,SAMUEL","6045","4.321839","4.333333","3.770115","4.413793","4.183908","4.287356","4.413793","4.471264","4.436782","4.367816"
"SMITH-BONAHUE,TINA M","6046","4.2","4.4","4.2","4.4","4.8","4.6","4.8","4.6","4.6","4.6"
"SMITH-ONYEWU,ZYRASHAE","6047","4.84375","4.75","4.875","4.875","4.9375","4.96875","4.9375","4.90625","4.9375","5"
"SMITH-OPABOLA,MARU I","6048","3.947368","4.052632","4.473684","4.157895","3.736842","4.263158","4","4.157895","3.473684","4.473684"
"SMITH,ADAM A","6049","4.361765","4.320588","4.185294","4.305882","4.420588","4.514793","4.573529","4.626471","4.523529","4.644118"
"SMITH,ANTHONY JUDE","6050","4.412121","4.339394","4.575758","4.375758","4.642424","4.678788","4.842424","4.866667","4.715152","4.884848"
"SMITH,AUDREY CULVER","6051","4.085714","4.019048","3.87619","4.047619","3.777778","4.033333","4.133333","4.155556","4.011111","4.4"
"SMITH,BARBARA K","6052","3.920635","3.857143","4.079365","3.849206","4.293651","4.230159","4.412698","4.333333","4.253968","4.722222"
"SMITH,BEN","6053","4.47619","4.428571","4.666667","4.571429","4.619048","4.142857","4.809524","4.761905","4.619048","4.904762"
"SMITH,BRAJA","6054","5","5","5","5","5","5","5","5","5","5"
"SMITH,BRENDA JO","6055","4.705882","4.735294","4.764706","4.735294","4.878788","4.969697","4.969697","4.909091","4.848485","4.939394"
"SMITH,CHRISTOPHER","6056","4.210918","4.166253","4.086849","4.153846","4.39206","4.2025","4.488834","4.550868","4.57072","4.759305"
"SMITH,COLIN T","6057","4.659574","4.547872","4.271277","4.62766","4.664894","4.593583","4.845745","4.824468","4.840426","4.845745"
"SMITH,COURTNEY M","6058","3.052632","3.368421","3.315789","3.368421","2.789474","3.263158","3.315789","2.842105","3.210526","3.631579"
"SMITH,CRAIG","6059","4.113924","4.21519","4.544304","4.139241","4.025316","3.987342","4.063291","4.329114","4","4.632911"
"SMITH,DANIEL A","6060","5","5","5","5","5","5","5","5","5","5"
"SMITH,DANIEL J","6061","4.571429","4.571429","4.285714","4.571429","4.714286","4.714286","4.714286","4.857143","4.714286","4.714286"
"SMITH,DEBORAH","6062","4.724138","4.62069","4.689655","4.655172","4.896552","4.827586","4.931034","4.896552","4.827586","4.931034"
"SMITH,DEBORAH LEE","6063","3.60644","3.595707","3.640429","3.855098","3.856102","4.08167","4.154265","4.392727","3.952641","4.287273"
"SMITH,GLENN E","6064","4.615385","4.461538","4.538462","4.461538","4.615385","4.166667","4.538462","4.333333","4.615385","4.461538"
"SMITH,HARLEY A","6065","5","5","5","4.666667","5","4.666667","5","4.666667","5","5"
"SMITH,HUGH ADAM","6066","4.166667","4.166667","4.5","4.333333","4.166667","3.666667","4.166667","4.5","4.666667","4.833333"
"SMITH,JANE","6067","4.679487","4.628205","4.487179","4.564103","4.769231","4.820513","4.871795","4.910256","4.807692","4.910256"
"SMITH,JASON A","6068","4.4","4.5","3.75","4.55","3.95","3.65","4.4","3.85","4.35","4.35"
"SMITH,JENNIFER","6069","4.421053","4.631579","4.052632","4.473684","4.578947","4.631579","4.736842","4.789474","4.631579","4.894737"
"SMITH,KATRINA","6070","4.032967","4.065934","3.89011","4","4.087912","4.263736","4.43956","4.527473","4.388889","4.494505"
"SMITH,KRISTA","6071","3.083333","3.25","3.75","3.5","3.5","3.666667","3.916667","3.916667","3.833333","4"
"SMITH,M","6072","4.833333","4.708333","4.75","4.666667","4.708333","4.708333","4.791667","4.791667","4.583333","4.833333"
"SMITH,MACKENZIE A","6073","3.3125","3","3.6875","3.0625","4.25","4.625","4.6875","4.6875","4.5625","4.6875"
"SMITH,MATTHEW C","6074","4.558952","4.480349","4.30131","4.545852","4.688596","4.609649","4.815789","4.815789","4.710526","4.842105"
"SMITH,MATTHEW E","6075","4.75","4.653846","4.826923","4.634615","4.903846","4.596154","4.865385","4.75","4.788462","4.961538"
"SMITH,MELODI VALENTINE","6076","4.066667","4.022222","3.444444","4.311111","3.522727","3.613636","3.818182","3.659091","3.681818","3.863636"
"SMITH,ROBERT PATRICK","6077","4.361111","4.388889","4.333333","4.333333","4.527778","4.527778","4.722222","4.611111","4.611111","4.694444"
"SMITH,ROGER C","6078","4.330827","4.255639","4.24812","4.421053","4.458647","4.481203","4.659091","4.699248","4.689394","4.699248"
"SMITH,SARA ASHLEY","6079","4.527778","4.5","4.388889","4.5","4.666667","4.666667","4.833333","4.833333","4.777778","4.944444"
"SMITH,SARA REBECCA","6080","4.857143","4.714286","5","4.571429","5","5","5","5","4.857143","5"
"SMITH,SONDRA LORI","6081","4.5","4.409091","4.409091","4.409091","4.7","4.7","4.7","4.65","4.65","4.75"
"SMITH,STEPHANIE ANN","6082","3.891304","3.880435","4.195652","4.293478","3.815217","3.782609","3.793478","4.217391","3.923913","4.478261"
"SMITH,STEPHEN W","6083","4.653846","4.576923","4.538462","4.615385","4.596154","4.615385","4.673077","4.769231","4.673077","4.711538"
"SMITH,STEVEN M","6084","3.657895","3.631579","3.912281","3.684211","3.850877","3.982456","4.017544","4.131579","3.622807","4.201754"
"SMITH,W. CLAY","6085","4","4","4.333333","4","5","5","5","5","5","5"
"SMITHER,WYATT WILLIAM","6086","4.5","4.125","4.5","4.625","4.5","4.25","4.625","4.5","4.375","4.5"
"SMOCOVITIS,VASSILIKI B","6087","4.838235","4.779412","4.823529","4.838235","4.941176","4.897059","4.985294","4.955882","4.955882","5"
"SMORCHKOV,DMITRII MAKSIMOVICH","6088","4.344828","4.318966","3.784483","4.405172","4.155172","4.482759","4.478261","4.565217","4.224138","4.551724"
"SMUDER,ASHLEY JOSLIN","6089","4.061538","4.092308","4.169231","4.2","4.153846","4.030769","4.292308","4.369231","4.246154","4.4"
"SNELGRO,PAIGE","6090","4.130435","4.119565","4.184783","3.934783","4.141304","4.195652","4.51087","4.391304","4.065217","4.565217"
"SNOWMANN,SARAH","6091","4.47541","4.418033","4.532787","4.540984","4.623932","4.726496","4.777778","4.820513","4.752137","4.777778"
"SNYDER,SAMUEL","6092","4.368421","4.315789","3.842105","4.315789","3.947368","3.888889","4.526316","4.105263","4.210526","4.368421"
"SNYDER,SCOTT N","6093","4.454545","4.363636","4.636364","4.545455","4.545455","4.545455","4.545455","4.454545","4.454545","4.818182"
"SOARES LEIBOVITCH,INDAIÁ","6094","4.555556","4.555556","4.555556","4.555556","4.666667","4.666667","4.611111","4.611111","4.611111","4.666667"
"SOARES,BENJAMIN","6095","4.333333","4.333333","4.333333","4.333333","4.666667","4.666667","4.666667","4.666667","4.333333","4.666667"
"SODA,TAKAHIRO","6096","4","4","5","5","5","5","5","5","5","5"
"SOHN,ALAN DONG SUN","6097","4.705882","4.588235","4.647059","4.470588","4.705882","4.529412","4.764706","4.705882","4.705882","4.823529"
"SOHN,PATRICIA","6098","4.3125","4.369792","4.479167","4.40625","4.333333","4.229167","4.265625","4.317708","4.234375","4.671875"
"SOKRATOUS,KONSTANTINA","6099","4.375","4.325","4.3","4.2","4.65","4.75","4.825","4.85","4.75","4.725"
"SOLANO GUTIERREZ,MINOR VICENTE","6100","4.625","4.125","4.5","4.25","4","4.75","4.25","4.25","4","4.625"
"SOLARI,FRANCESCA PAULA","6101","4.212121","4.075758","4.257576","4.19697","4.138889","4.138889","4.166667","4.25","4.333333","4.388889"
"SOLAUN,LETICIA","6102","4.404762","4.333333","4.071429","4.380952","4.309524","4.142857","4.571429","4.404762","4.428571","4.52381"
"SOLBERG,LAUREN B","6103","4.818182","5","5","4.727273","4.909091","4.545455","5","5","4.909091","5"
"SOLEDADE,AUGUSTO","6104","4.408333","4.208333","4.541667","4.183333","4.691667","4.583333","4.8","4.691667","4.716667","4.9"
"SOLIS,FRANK","6105","4.642857","4.678571","4.785714","4.642857","4.821429","4.857143","4.928571","4.892857","4.857143","4.964286"
"SOLLENBERGER,LYNN E","6106","4.548387","4.602151","4.645161","4.505376","4.903226","4.88172","4.924731","4.935484","4.849462","4.946237"
"SOLOMON,DEMETRIUS","6107","4.421053","4.473684","4.526316","4.263158","4.421053","4.473684","4.631579","4.631579","4.421053","4.736842"
"SOLOMON,LAURIE ANN","6108","4.333333","3.333333","3","3.666667","3.666667","3.333333","3.666667","4","3.666667","3.666667"
"SOLÓRZANO,RAFAEL RAMIREZ","6109","4.773585","4.792453","4.773585","4.792453","4.867925","4.679245","4.943396","4.773585","4.90566","5"
"SOLTIS,DOUGLAS EDWARD","6110","4.596774","4.419355","4.677419","4.532258","4.741935","4.5","4.887097","4.806452","4.83871","4.983871"
"SOLTIS,PAM","6111","4.596774","4.419355","4.677419","4.532258","4.725806","4.564516","4.887097","4.870968","4.83871","4.935484"
"SOMANI,DHANASHREE SANDEEP","6112","3.235294","3.647059","3.235294","3.470588","3.117647","2.764706","3.058824","3.470588","2.941176","3.588235"
"SOMARRIBA,GABRIEL ALEJANDRO","6113","3.767857","3.839286","3.089286","3.696429","3.725","3.9","4.05","4.125","4.15","4.175"
"SOMBERS,LESLIE ANN","6114","4.263158","4.052632","4.105263","4","4.625","4.428571","4.75","4.428571","4.625","4.75"
"SOMEYA,SHINICHI","6115","4.620438","4.525547","4.467153","4.627737","4.647541","4.669421","4.663934","4.727273","4.622951","4.704918"
"SOMMER,ELEANOR K","6116","4.5","4.45","4.2","4.6","4.5","4.7","4.8","4.6","4.6","4.75"
"SOMMER,MAX D","6117","4.338983","4.322034","4.220339","4.220339","4.491525","4.745763","4.711864","4.677966","4.610169","4.762712"
"SOMMERVILLE,BROOKS ALBERT","6118","4.333333","4.2","4.333333","4.533333","4.866667","4.6","4.8","4.666667","4.733333","4.733333"
"SON,RACHEL ANNE","6119","4.125","4.15625","4.375","4.09375","4.4375","4.53125","4.71875","4.65625","4.46875","4.6875"
"SONG,CHANGCHENG","6120","2.933333","3.222222","3.511111","3.088889","3.577778","3.777778","3.755556","4.2","3.311111","4.044444"
"SONG,HYUNJIN","6121","4.692308","4.692308","4.692308","4.615385","4.846154","4.846154","4.923077","4.692308","4.692308","5"
"SONG,JEEYE","6122","4.152778","4.111111","3.861111","4.291667","4.097222","4.333333","4.305556","4.569444","4.180556","4.444444"
"SONG,JINTAEK","6123","2.5","2","4.5","3.5","2.5","2.5","2.5","4.5","2","3"
"SONG,JUSUK","6124","4.479532","4.391813","4.169591","4.520468","4.421053","4.643275","4.578947","4.590643","4.555556","4.526316"
"SONG,QIANQIAN","6125","3.882353","3.882353","4.323529","3.852941","4.323529","4.5","4.5","4.558824","4.294118","4.764706"
"SONG,SIHONG","6126","3.8125","3.65625","3.71875","4.1875","4.125","4.21875","4.25","4.4375","3.96875","4.40625"
"SONG,TAIKGUN","6127","4.513761","4.541284","4.495413","4.449541","4.648148","4.712963","4.759259","4.703704","4.574074","4.759259"
"SONG,WEN-YUAN","6128","4.5","4.5","4.5","4.5","5","5","5","5","5","5"
"SONG,XIAOYU","6129","4.307692","4.384615","4.333333","4.307692","4.230769","4.25641","4.461538","4.538462","4.102564","4.717949"
"SONG,YOUNGSUP","6130","4.406897","4.386207","4.131034","4.434483","4.4","4.551724","4.465278","4.680556","4.448276","4.648276"
"SONG,ZHAOYAN","6131","4.058824","4.117647","3.823529","4.352941","3.941176","4.235294","3.882353","4.470588","3.411765","4.588235"
"SOONHUAE,CHATCHAMARN","6132","4.531915","4.255319","4.085106","4.446809","4.428571","4.758242","4.725275","4.692308","4.450549","4.747253"
"SORBILLE,MARTIN","6133","4.419753","4.469136","4.740741","4.345679","4.6375","4.35","4.725","4.525","4.4625","4.9375"
"SOREL,TIMOTHY","6134","4.696629","4.629213","4.651685","4.640449","4.719101","4.696629","4.685393","4.808989","4.696629","4.797753"
"SORG,JAYME E","6135","4.725","4.625","4.675","4.525","4.487179","4.641026","4.641026","4.589744","4.615385","4.615385"
"SORGER,VOLKER JENDRIK","6136","4.52","4.52","4.52","4.44","4.64","4.68","4.8","4.72","4.68","4.84"
"SOSNICKI,JANET L","6137","4.724771","4.706422","4.678899","4.706422","4.790476","4.780952","4.780952","4.790476","4.819048","4.866667"
"SOSTRE,JULES P","6138","4.727273","4.636364","4.818182","4.727273","4.818182","4.818182","4.909091","4.818182","4.909091","4.909091"
"SOTO,HALENA GABRIELLA","6139","4.555556","4.277778","4","4.5","4.666667","4.666667","4.944444","4.888889","4.777778","4.722222"
"SOTO,LUIS P","6140","4.27907","4.255814","4.534884","4.162791","4.674419","4.55814","4.860465","4.767442","4.55814","4.860465"
"SOTO,MELISSA MARIE","6141","4.5","4.457831","4.512048","4.36747","4.656627","4.608434","4.783133","4.73494","4.740964","4.89759"
"SOULLIERE,KRISTIN LEIGH","6142","4.619048","4.380952","4.761905","4.47619","4.904762","4.857143","4.928571","4.833333","4.857143","4.928571"
"SOUNNY-SLITINE,MOULAY ANWAR","6143","4.365571","4.381044","3.752418","4.309478","4.296512","4.08577","4.455426","4.228682","4.354651","4.643411"
"SOURAKOV,ANDREI","6144","4.642857","4.547619","4.761905","4.714286","4.853659","4.658537","4.95122","4.902439","4.902439","4.95122"
"SOUTHERN,BRITTANY","6145","4.777778","4.444444","4.555556","4.666667","4.777778","4.666667","4.777778","4.666667","4.777778","4.777778"
"SOUTHERN,CARL J","6146","4.653333","4.6","4.546667","4.537778","4.795082","4.739669","4.827869","4.720165","4.802469","4.84898"
"SOUTHWORTH,JANE","6147","4.9","4.85","4.9","4.85","4.8","4.7","5","5","5","4.9"
"SOUZA,CARLOS HENRIQUE","6148","4.655172","4.586207","4.586207","4.62069","4.725","4.763158","4.775","4.763158","4.7","4.775"
"SOW,ALIOUNE","6149","4.344828","4.344828","4.017241","4.275862","4.258621","4.482759","4.482759","4.344828","4.396552","4.534483"
"SOWCIK,MATTHEW J","6150","4.649438","4.564045","4.52809","4.597753","4.779279","4.774266","4.858108","4.786036","4.831081","4.912162"
"SPANDAU,GABRIEL A","6151","4.225806","4.322581","4.387097","4.225806","4.483871","4.612903","4.677419","4.709677","4.580645","4.741935"
"SPARGO,KATIE ALANNA","6152","4.332168","4.230769","3.713287","4.388112","4","4.230769","4.461538","4.409091","4.335664","4.36014"
"SPARKS,DAVID","6153","3.653846","3.807692","4.25","3.769231","3.5","3.326923","3.980769","4.076923","3.75","4.769231"
"SPARKS,JESSICA FRANCES","6154","4.444444","4.25641","4.17094","4.290598","4.641026","4.504274","4.692308","4.760684","4.683761","4.777778"
"SPASCHAK,ANNA M","6155","4.327759","4.107023","4.505017","4.324415","4.609428","4.707071","4.793919","4.723906","4.700337","4.824916"
"SPEAR,KRISTY","6156","4.6","4.557143","4.428571","4.542857","4.642857","4.628571","4.842857","4.728571","4.714286","4.757143"
"SPEAROT,DOUGLAS EDWARD","6157","4.716216","4.648649","4.513514","4.668919","4.810811","4.709459","4.864865","4.871622","4.858108","4.844595"
"SPECHT,ANDREW","6158","4.544481","4.480231","4.453048","4.499176","4.584615","4.521156","4.630769","4.614433","4.608205","4.695072"
"SPENCE,CINDY R","6159","4.576923","4.576923","4.269231","4.346154","4.038462","4.346154","4.5","4.538462","4.230769","4.461538"
"SPENCER,ETHAN TAYLOR","6160","4.470588","4.470588","4.352941","4.470588","4.533333","4.666667","4.666667","4.533333","4.6","4.4"
"SPENCER,STACY","6161","4.46789","4.376147","4.100917","4.40367","4.422018","4.605505","4.568807","4.75","4.412844","4.541284"
"SPENCER,TERRY G","6162","4.75","4.625","4.4375","4.640625","4.555556","4.566038","4.611111","4.648148","4.611111","4.722222"
"SPENGLER,JOHN OTTO","6163","4.42623","4.327869","3.918033","4.327869","4.131148","4.35","4.366667","4.459016","4.283333","4.295082"
"SPERANZA,MARTINA","6164","3.942308","4","3.615385","4.038462","4.137255","4.078431","4.254902","4.294118","4.254902","4.254902"
"SPICER,GERARD","6165","3.940639","3.945205","4.118721","3.986301","4.200935","4.364486","4.490654","4.546729","4.369159","4.551402"
"SPIELBAUER,ROBERT J","6166","4.318971","4.147267","3.98328","4.247588","4.53876","4.436611","4.806723","4.689722","4.697674","4.855943"
"SPIKER,TED","6167","4.666667","4.611111","4.69883","4.637427","4.908555","4.85044","4.935294","4.900293","4.905882","4.932353"
"SPILLANE,JOSEPH F","6168","4.47619","4.404762","4.357143","4.47619","4.666667","4.666667","4.761905","4.52381","4.642857","4.785714"
"SPIVEY,DANIELLE ELAINE","6169","4.666667","4.541667","4.708333","4.416667","4.875","4.916667","4.958333","4.958333","4.916667","4.916667"
"SPLETT,JONI WILLIAMS","6170","4.636364","4.590909","4.5","4.454545","4.545455","4.409091","4.636364","4.409091","4.681818","4.636364"
"SPOLDI,ELISA","6171","4.636364","4.545455","4.818182","4.636364","4.75","4.75","4.75","4.75","4.75","5"
"SPOONER,HEATHER","6172","4.571429","4.47619","4.357143","4.547619","4.5","4.55","4.853659","4.731707","4.658537","4.829268"
"SPRAIN,COURTNEY JEAN","6173","4.566372","4.548673","4.371681","4.566372","4.66","4.77","4.79","4.83","4.7","4.81"
"SPRATLEY,SOPHIE LOUISE","6174","4.424242","4.363636","4.242424","4.272727","4.606061","4.909091","4.909091","4.878788","4.848485","4.787879"
"SPRINGER,ALEX","6175","4.518519","4.395062","4.666667","4.407407","4.6125","4.6375","4.6375","4.7625","4.5375","4.875"
"SPRINGER,ROSEMARY CATHERINE","6176","4.56","4.68","4.76","4.16","4.92","4.84","4.96","4.92","4.96","4.96"
"SPROWLS,PETER","6177","4.569106","4.439024","4.227642","4.414634","4.479675","4.114754","4.439024","4.186992","4.552846","4.682927"
"SPURLIN,GABRIELLE B","6178","3.949153","3.949153","3.813559","3.983051","3.542373","2.915254","3.779661","3.627119","3.949153","4.440678"
"SPURRIER,MELISSA","6179","4.28125","3.9375","3.65625","3.9375","4.714286","4.785714","4.857143","4.714286","4.714286","4.857143"
"SQUARE,TYLER A","6180","4.340336","4.235294","3.894958","4.226891","4.44958","4.264706","4.483193","4.638655","4.411765","4.810924"
"SRINIVASAN,KARTHIK","6181","4.086957","4.086957","4.434783","4.217391","4.826087","4.869565","4.913043","4.869565","4.913043","4.956522"
"SRINIVASAN,RAVI SHANKAR","6182","4.170732","4.146341","4.341463","4.073171","4.414634","4.146341","4.560976","4.341463","4.414634","4.731707"
"SRINIVASAN,SIVA","6183","4.177419","4.209677","3.790323","4.16129","4.065574","3.783333","4.233333","3.868852","4.229508","4.360656"
"SRISA-NGA,TREETHEP","6184","4.184211","4.131579","3.947368","4.184211","4.315789","4.263158","4.421053","4.315789","4.368421","4.421053"
"SRIVASTAVA,ARUN","6185","4.714286","4.857143","4.857143","4.857143","4.714286","4.571429","4.714286","4.571429","4.714286","4.714286"
"ST. LOUIS,JEREMY","6186","4.8","4.707692","4.630769","4.661538","4.727273","4.781818","4.763636","4.781818","4.781818","4.890909"
"ST. ONGE,ERIN LYN","6187","4.3425","4.2625","4.2925","4.2675","4.388471","4.398496","4.388471","4.444724","4.383459","4.45614"
"STABLER,CHERIE","6188","4.74359","4.794872","4.589744","4.615385","4.871795","4.74359","4.794872","4.846154","4.692308","4.948718"
"STACCIARINI,JEANNE-MARIE","6189","4.216667","4.25","4.183333","4.266667","4.333333","4.333333","4.466667","4.45","4.333333","4.516667"
"STACKENS,JASON","6190","4.526316","4.473684","4.578947","4.473684","4.842105","4.947368","4.894737","4.894737","4.842105","4.736842"
"STACY,NICOLE","6191","4.55814","4.581395","4.325581","4.534884","4.725","4.692308","4.825","4.75","4.8","4.825"
"STAFFORD,SAMUEL P","6192","4.734568","4.728395","4.58642","4.654321","4.512658","4.424051","4.339623","4.553459","4.341772","4.786164"
"STAGGS,MOLLY MCGOVERN","6193","2.083333","2.333333","3.5","1.75","4","4","4.083333","4.416667","4.25","4.25"
"STAIR,CALEB A","6194","4.653543","4.595801","4.645669","4.582677","4.867209","4.772973","4.929539","4.888889","4.908108","4.95122"
"STALOFF,DARREN MARCUS","6195","4.285714","4.285714","4.464286","4.25","4.428571","4.535714","4.714286","4.5","4.571429","4.892857"
"STANBURY,AUSTIN JERALD","6196","4.666667","4.666667","5","4.666667","5","5","5","5","5","5"
"STANDERFER,STEPHANIE","6197","4.458333","4.354167","4","4.375","4.041667","4","4.4375","4.1875","4.416667","4.583333"
"STANFIELDMAZZI,MAYA S","6198","4.085616","4.034247","4.15411","3.934932","4.309278","4.269896","4.477663","4.539519","4.329897","4.749141"
"STANIFER,MEGAN LYNN","6199","4.4","4.2","4.45","4.25","4.6","4.35","4.75","4.75","4.7","4.75"
"STANLEY,EDWARD LEO","6200","4.571429","4.357143","4.357143","4.5","4.857143","4.285714","5","4.071429","4.642857","5"
"STANLEY,RICHARD COLLIN","6201","4.222222","4.222222","3.777778","4.444444","4","4.888889","4.555556","4.777778","4.333333","4.444444"
"STANTON,CHRISTOPHER J","6202","4.514286","4.428571","4.4","4.457143","4.314286","4.342857","4.685714","4.714286","4.571429","4.714286"
"STANTON,JOHN F","6203","4.444444","4.537037","4.407407","4.37037","4.314815","4.203704","4.537037","4.388889","4.259259","4.796296"
"STANTON,MICHAEL","6204","4.04918","4.098361","4.188525","4.098361","3.862745","4.203883","4.303922","4.147059","4.127451","4.117647"
"STAPLES,ADDISON DENMARK","6205","2.5","2.75","3","3","3","3.25","3.25","3","3.5","3.75"
"STAPLES,JENNIFER","6206","4.571429","4.428571","4.571429","4.357143","4.928571","4.714286","4.928571","4.785714","4.928571","4.714286"
"STAPLETON,MICHAEL V","6207","4.689231","4.652308","4.486154","4.563077","4.487342","4.533333","4.651899","4.617089","4.637224","4.699367"
"STAR,JILL A","6208","4","4.2","4","3.8","4.2","4.2","4.6","4.4","4.4","4"
"STARAS,STEPHANIE","6209","4.6","4.45","4.2","4.75","4.7","4.8","4.9","4.95","4.85","4.95"
"STARK,HEATHER ANNE","6210","4.526316","4.473684","4.488722","4.486842","4.61829","4.640719","4.768463","4.724551","4.699801","4.850895"
"STARK,NINA","6211","4.8125","4.75","4.625","4.6875","4.625","4.8125","4.8125","4.9375","4.6875","4.9375"
"STARKWEATHER,ANGELA","6212","4.833333","4.833333","4.666667","4.666667","4.833333","5","5","4.833333","4.833333","5"
"STAROBIN,JEAN E","6213","4.814815","4.796296","4.796296","4.777778","4.792453","4.924528","4.90566","4.924528","4.830189","4.943396"
"STARR,WALTER J","6214","3.95","4.083333","3.616667","3.966667","3.816667","3.8","3.9","3.85","3.8","4.133333"
"STAUFFER,JOHN WILLIAM","6215","4.584615","4.487179","4.369231","4.533333","4.594872","4.594872","4.702564","4.74359","4.651282","4.882051"
"STEARNS JOHNSEN,JOAN","6216","4.085106","4.170213","4.312057","4.049645","3.861314","3.729927","4.153285","4.065693","3.781022","4.729927"
"STEARNS,COLE D","6217","4.037037","4.155556","3.948148","4.177778","4.125926","4.37037","4.328358","4.525926","4.007407","4.466667"
"STEBBINS,COLLIN G","6218","4.355556","4.311111","4.111111","4.355556","2.888889","3.244444","3.533333","3.777778","2.977778","3.733333"
"STEDMAN,NICOLE LP","6219","4.5","4.5","4.5","4.5","4.5","4.5","4.5","4.5","4.5","4.5"
"STEELE CABRERA,SARAH RUTH","6220","5","4.75","5","5","5","5","5","5","5","5"
"STEELE,ETHAN MICHAEL","6221","4.082192","4.041096","3.349315","4.123288","3.809859","3.930556","4.166667","4.388889","4.077465","4.328671"
"STEELE,ZACHARY TAYLOR","6222","5","4.25","4.75","4.5","4.75","4.5","5","4.5","4.75","4.75"
"STEFFANINI,ANNA E","6223","4.363636","4.121212","4.606061","4.30303","4.727273","4.757576","4.787879","4.818182","4.787879","4.848485"
"STEFFY,ALICIA BETH","6224","4.3","4.4","4.7","4.4","4.2","4.3","4.4","4.3","4.4","4.6"
"STEIN,AMY","6225","4.20438","4.10219","4.445255","4.094891","4.377778","4.037037","4.610294","4.518519","4.296296","4.933333"
"STEIN,ROB","6226","4.415929","4.389381","4.327434","4.513274","4.575221","4.646018","4.584071","4.769912","4.539823","4.823009"
"STEIN,RONALD MARC","6227","4.833333","4.8","4.85","4.8","4.833333","4.8","4.883333","4.866667","4.85","4.883333"
"STEIN,TAYLOR VERNE","6228","4.364017","4.313808","4.451883","4.313808","4.619247","4.405858","4.711297","4.644351","4.702929","4.916318"
"STEINBERG,BENJAMIN J","6229","4","4.25","4","4.125","3.5","3.125","3.75","3.125","3.625","4.625"
"STEINBERG,STACEY B","6230","4.593333","4.5","4.586667","4.533333","4.677852","4.557047","4.791946","4.691275","4.610738","4.818792"
"STEINER,RUTH LORRAINE","6231","3.966216","3.925676","4.121622","3.986486","4.047297","3.736486","4.189189","4.162162","4.087838","4.452703"
"STEINWORTH,BAILEY MARIE","6232","3","3.17734","2.600985","3.197044","2.911765","3.184466","3.323529","3.436893","3.22549","3.539216"
"STELARI,NATHAN D","6233","4.223529","4.2","4.317647","4.235294","4.435294","4.588235","4.529412","4.729412","4.505882","4.717647"
"STELINSKI,LUKASZ L","6234","4.458333","4.375","4.583333","4.458333","4.666667","4.75","4.875","4.75","4.708333","4.875"
"STENNER,JACK","6235","4.074074","4.148148","4.407407","3.851852","4.185185","4.296296","4.333333","4.592593","4.259259","4.481481"
"STEPCHENKOVA,SVETLANA","6236","3.864078","3.932039","4.038835","3.951456","3.970874","4.23301","4.23301","4.378641","3.84466","4.631068"
"STEPHEN,ANITA M","6237","4.494774","4.383275","4.491289","4.369338","4.351064","4.465241","4.508021","4.588235","4.342246","4.652406"
"STEPIEN,TRACY","6238","3.8125","4.025","3.9875","3.8375","3.87013","4.207792","4.38961","4.597403","4.013333","4.636364"
"STEPP,DANIEL R","6239","4.211765","4.282353","4.435294","3.988235","4.576471","4.552941","4.811765","4.505882","4.517647","4.729412"
"STEPP,RICK","6240","4.484375","4.453125","4.203125","4.46875","4.546875","4.4375","4.625","4.578125","4.578125","4.671875"
"STERANKA,MATTHEW CHRISTOPHER","6241","4.642857","4.642857","4.785714","4.5","4.857143","4.785714","4.857143","4.857143","4.714286","4.785714"
"STERN,ADAM WAYNE","6242","4.383901","4.235294","3.981424","4.352941","4.487544","4.420863","4.580071","4.564286","4.598566","4.589286"
"STETTEN,NICHOLE E","6243","4.098361","4.131148","3.95082","4.147541","4.065574","4.327869","4.311475","4.47541","4.196721","4.327869"
"STEVENS,JEFFREY EDWARD","6244","4","4.090909","3.818182","4.181818","4.045455","4","4.454545","4.181818","4.363636","4.545455"
"STEVENSON JR,ROBERT LOUIS","6245","4.409836","4.371585","4.322404","4.377049","4.31694","4.169399","4.579235","4.36612","4.218579","4.797814"
"STEVENSON,LINDA D","6246","4.674699","4.650602","4.614458","4.626506","4.719512","4.658537","4.829268","4.707317","4.707317","4.926829"
"STEVENSON,VALENTINA","6247","4.444056","4.395105","4.475524","4.374126","4.272","4.344","4.36","4.376","4.216","4.408"
"STEWART-TAYLOR,F E","6248","4.198347","4.190083","4.429752","4.008264","4.371901","4.603306","4.561983","4.661157","4.46281","4.727273"
"STEWART,GREGORY R","6249","4.016949","4.084746","4.474576","3.932203","4.186441","4.423729","4.40678","4.423729","4.152542","4.559322"
"STEWART,JON DALE","6250","4.617188","4.492188","4.398438","4.328125","4.75","4.6875","4.796875","4.828125","4.75","4.914062"
"STEWART,MADISON TAYLOR","6251","4.0625","4","3.8125","4.1875","3.6875","3.9375","3.8125","4","3.875","4"
"STINE,STEPHANIE","6252","4.252226","4.247939","3.728652","4.318167","4.355233","4.278954","4.407786","4.532519","4.513362","4.427393"
"STINGL,ULRICH","6253","4.205405","4.140541","3.708108","4.259459","4.174863","4.229508","4.349727","4.371585","4.284153","4.382514"
"STINNEFORD,JOHN","6254","4.16092","4.045977","4.298851","4.241379","4.241379","4.151163","4.436782","4.666667","4.528736","4.655172"
"STIRPE,CASSANDRE ROSE","6255","4.125","4.125","4.5","4","4.25","4.75","4.5","4.75","4.125","4.5"
"STITT,GREG","6256","4.748521","4.721893","4.428994","4.704142","4.839763","4.537092","4.792285","4.780415","4.845697","4.910979"
"STOCCO,FRANCA","6257","4.823529","4.823529","4.823529","4.823529","4.941176","4.941176","4.941176","4.941176","4.941176","4.941176"
"STODDARD,ELYSE","6258","4.733333","4.566667","4.566667","4.7","4.896552","4.896552","4.931034","4.862069","4.793103","4.862069"
"STODDARD,MARGO A","6259","3.927835","3.804124","3.680412","3.886598","4.1875","4.041237","4.391753","4.195876","4.247423","4.525773"
"STOKES,TAYLOR W","6260","4.612903","4.548387","4.387097","4.548387","4.709677","4.677419","4.83871","4.774194","4.806452","4.83871"
"STOLEN,MEGAN KINNEY","6261","4.5","4.5","4.133333","4.4","4.433333","4.333333","4.5","4.466667","4.166667","4.566667"
"STOLZ JR,TIMOTHY FITZGERALD","6262","3.066038","3.245283","2.716981","3.264151","3.065217","3.369565","3.391304","3.717391","3.456522","3.630435"
"STONE,AMY ES","6263","4.567332","4.475062","4.597257","4.514963","4.686248","4.646586","4.694259","4.696524","4.730307","4.775701"
"STONE,COREY","6264","4.35567","4.350515","3.752577","4.340206","4.219101","4.124294","4.404494","4.398876","4.432584","4.511236"
"STONE,MICHAEL J","6265","3.755656","3.728507","3.167421","3.977376","3.536697","3.665138","3.711009","4.045872","3.880734","3.885321"
"STONE,ROBERT LEE","6266","4.026316","4.184211","4.710526","4.078947","4.473684","4.421053","4.552632","4.684211","4.526316","4.894737"
"STONECIPHER,JESSICA-JEAN","6267","4.537815","4.508403","4.466387","4.487395","4.609244","4.533613","4.756303","4.714286","4.705882","4.840336"
"STONER,KRISTEN LIA","6268","4.615385","4.6","4.661538","4.569231","4.919355","4.854839","4.951613","4.919355","4.919355","4.967742"
"STOPPEL,WHITNEY L","6269","4.578947","4.631579","4.736842","4.631579","4.736842","4.631579","4.894737","4.842105","4.789474","4.842105"
"STORCH,JASON B","6270","4.341463","4.195122","4.487805","4.341463","4.804878","4.658537","4.878049","4.853659","4.878049","4.878049"
"STORMER,JAMIE","6271","4.333333","4.166667","4.5","4.333333","4.5","4.666667","4.833333","4.333333","4.666667","5"
"STOYAN-ROSENZWEIG,NINA C","6272","4.827586","4.62069","4.758621","4.793103","4.793103","4.758621","4.862069","4.931034","4.965517","4.965517"
"STOYANOVA,SILVIA","6273","4.5","4.5","4.5","4.5","5","5","5","5","5","4.5"
"STRATH,LARISSA JANE","6274","4.25","4.25","4.5","4.25","5","5","5","5","5","5"
"STRATTON,CHEYENNE ELLEN LINDLEY","6275","3.647727","3.613636","3.863636","3.829545","4.147727","4.068182","4.465909","4.397727","4.402299","4.5"
"STRATTON,CHRISTY E","6276","5","5","5","5","5","5","5","5","5","5"
"STRAUSS,NATHANIEL A","6277","3.818182","3.757576","2.969697","3.939394","3.451613","3.83871","3.967742","4.096774","3.774194","4"
"STREESE,JOHN W","6278","4.374022","4.370266","3.986541","4.380282","4.604825","4.511597","4.71397","4.705961","4.687006","4.789149"
"STREET,BRITTANY J","6279","4.666667","4.666667","4.5","4.333333","5","4.666667","5","4.666667","4.833333","5"
"STREIT,WOLFGANG JAKOB","6280","4.275862","3.931034","4.206897","4.310345","4.565217","4.521739","4.521739","4.521739","4.565217","4.565217"
"STRICKLAND,MATTHEW B","6281","4.355814","4.232558","4.237209","4.330233","4.504651","4.245327","4.62704","4.592075","4.631702","4.762238"
"STRILEY,CATHERINE LW","6282","4.33121","4.248408","4.477707","4.286624","4.51634","4.5","4.679739","4.589404","4.594771","4.712418"
"STRILEY,JESSICA L","6283","4.115385","4.192308","3.923077","4.153846","4.166667","4.277778","4.222222","4.222222","4.222222","4.222222"
"STRINDEN,MIKE","6284","4.709677","4.741935","4.774194","4.612903","4.806452","4.903226","4.903226","4.83871","4.677419","4.967742"
"STRONG,ADRIENNE E","6285","4.404762","4.380952","4.309524","4.388889","4.325397","4.365079","4.412698","4.555556","4.52381","4.785714"
"STRUCKMEYER,LINDA","6286","4.057269","3.986784","4.14978","4.024229","4.105727","4.381057","4.323789","4.462555","4.013216","4.592511"
"STUART,JENNIFER L","6287","4.666667","4.692308","4.692308","4.666667","4.820513","4.820513","4.820513","4.820513","4.871795","4.794872"
"STUBBS,KIMBERLY J","6288","4.387528","4.461024","4.253898","4.336303","4.360802","4.416481","4.648107","4.679287","4.554566","4.790646"
"STUCHAL,LEAH D","6289","4.434211","4.269737","3.717105","4.453947","4.223684","4.427632","4.394737","4.592105","4.407895","4.447368"
"STUDE,TYRONE","6290","4.380503","4.311321","3.880503","4.360063","4.200949","4.460568","4.452681","4.518167","4.388889","4.390551"
"STUDER-BYRNES,ERICA LOREN","6291","4.75","4.25","4","4.25","4.333333","4.333333","4.333333","4.333333","4.333333","4.333333"
"STUDER-BYRNES,RACHELLE","6292","4.233028","4.148624","4.238532","4.177982","4.488889","4.501852","4.662963","4.538889","4.412963","4.794444"
"STUMP,WILLIAM","6293","4.6125","4.6625","4.5875","4.625","4.7875","4.725","4.9125","4.8375","4.85","4.975"
"STURM,THOMAS SCHUYLER","6294","4.155914","4.155914","4.016129","4.252688","3.983333","3.994444","4.166667","4.3","4.188889","4.416667"
"SU,NAN-YAO","6295","5","5","5","5","5","5","5","5","5","5"
"SU,SHUYA","6296","4.357143","4.357143","4.328571","4.271429","4.478261","4.652174","4.608696","4.642857","4.471429","4.557143"
"SU,ZHIHUA","6297","3.862745","3.980392","3.647059","3.901961","3.705882","3.7","3.705882","4.058824","3.627451","4.470588"
"SUAREZ-PALMA,IMANOL","6298","4.564103","4.461538","4.401709","4.495726","4.760684","4.704348","4.82906","4.837607","4.769231","4.931624"
"SUAREZ,ANGELICA MARIA","6299","3.521739","3.804348","3.913043","3.413043","4.173913","4.413043","4.608696","4.217391","4.195652","4.782609"
"SUAREZ,CARLOS A","6300","4.538251","4.387978","4.688525","4.535519","4.57377","4.243169","4.784153","4.535519","4.551913","4.868852"
"SUAREZ,CLAUDIA","6301","4.071429","4.107143","4.071429","4","4.75","4.785714","4.75","4.821429","4.75","4.892857"
"SUBALUSKY,AMANDA L","6302","4.384","4.304","4.4","4.36","4.596774","4.464","4.776","4.728","4.648","4.88"
"SUBGRANON,ARTHRIYA","6303","4.19","4.28","3.57","4.34","4.06","3.84","4.11","4.42","4.15","4.19"
"SUBHASH,GHATU","6304","4.634981","4.612167","4.346008","4.623574","4.610687","4.48659","4.587786","4.671756","4.549618","4.896947"
"SUBOCH,GABRIELE KLARA","6305","4.488889","4.466667","4.4","4.466667","4.355556","4.688889","4.644444","4.533333","4.355556","4.755556"
"SUBRAMANIAM,KUTTICHANTRAN","6306","4.350575","4.270115","4.270115","4.413793","4.62069","4.626437","4.649425","4.655172","4.614943","4.655172"
"SUCH,BRENDA","6307","4.114943","4.068966","3.977011","4.034483","4.252874","4.45977","4.574713","4.528736","4.356322","4.632184"
"SUDCHAROEN,MOODJALIN","6308","4.360743","4.331565","4.145889","4.371353","4.460106","4.541555","4.68883","4.683511","4.614362","4.75"
"SUDIP,ABUL BASHAR","6309","3.684211","3.894737","3.421053","3.947368","2.947368","2.736842","3.473684","3.263158","2.789474","3.789474"
"SUHI,KAZI F","6310","3.25","3.5","3.5","3.75","2.75","2.75","4","3","2.75","4"
"SUKHU,GINELLE REBECCA","6311","3.821429","3.928571","3.785714","4.035714","3.785714","3.821429","4.107143","4.035714","4.285714","4.285714"
"SULEWSKI,SARAH ANN","6312","4.075658","4.065789","3.950658","4.144737","4.364583","4.348958","4.557292","4.453125","4.534031","4.651042"
"SULLIVAN,GABRIELA F","6313","4.5","4.5","4.833333","4","4.5","4.833333","4.666667","4.5","4.333333","4.666667"
"SULLIVAN,JAMES G","6314","4.342222","4.271111","4.324444","4.306667","4.410714","4.308036","4.495536","4.357143","4.299107","4.616071"
"SULLIVAN,JOSEPH P","6315","4.153846","3.923077","4.230769","4.076923","4.461538","4.461538","4.615385","4.615385","4.461538","4.538462"
"SULLIVAN,MYLES WILLIAM","6316","4.413043","4.434783","4.217391","4.391304","4.255814","4.581395","4.547619","4.595238","4.439024","4.595238"
"SULLIVAN,NEIL S","6317","4.294118","4.220588","4.102941","4.441176","4.029412","4.328358","4.397059","4.5","3.823529","4.779412"
"SULTANA,ABIDA","6318","3.931217","3.989418","3.772487","4.063492","4.05814","4.204545","4.174419","4.275862","4.162791","4.209302"
"SUMERLIN,BRENT S","6319","4.545455","4.454545","4.163636","4.5","4.381818","4.336364","4.581818","4.554545","4.6","4.681818"
"SUMERLIN,SHANNON E","6320","4.48","4.44","4.16","4.44","4.36","4.28","4.56","4.36","4.4","4.52"
"SUMMERLIN,CHRIS","6321","4","3.8125","4.625","3.875","4","4.466667","4.666667","4.533333","4.4","4.375"
"SUMNER,MARTINA","6322","3.923432","3.91559","3.473247","3.918358","3.507628","3.70444","4.112396","4.360148","3.681461","4.537679"
"SUN,HONGQIANG","6323","3.281081","3.583784","2.989189","3.789189","2.684783","3.271739","3.201087","3.771739","2.73913","3.298913"
"SUN,HUANBO","6324","3.761905","3.904762","3.809524","3.809524","4","4.333333","4.190476","4.142857","4","4.142857"
"SUN,KAI","6325","4.080645","4.048387","4.096774","4.145161","4.225806","4.387097","4.360656","4.467742","3.951613","4.580645"
"SUN,KE","6326","4.4","4.2","4.8","4.2","4.6","4.6","4.4","4.6","4.2","4.8"
"SUN,QIAN","6327","4.692308","4.615385","4.769231","4.307692","4.1","4.4","4.6","4.6","4.3","4.3"
"SUN,RAMON C","6328","4.255814","4.046512","4.162791","4.209302","4.186047","4.27907","4.604651","4.488372","4.302326","4.55814"
"SUN,SHUJIA","6329","4.727273","4.484848","4.030303","4.636364","4.363636","4.787879","4.69697","4.757576","4.606061","4.727273"
"SUN,XU","6330","4.3125","4.375","4.375","4.4375","4.5","4.6875","4.75","4.625","4.6875","4.75"
"SUN,YUAN","6331","4.386598","4.309278","4.340206","4.376289","4.283505","4.386598","4.525773","4.551546","4.402062","4.685567"
"SUNOO,ALINA MARGARET","6332","3.964844","3.941406","3.386719","4.117188","4.090909","4.269663","4.25","4.215909","4.272727","4.227273"
"SURYADEVARA,UMA","6333","4.416667","4.291667","3.958333","4.444444","3.836066","3.967213","3.983607","4.016393","3.967213","4.016393"
"SUTCLIFFE,KAYLA JEAN","6334","4.8","4.690909","4.709091","4.690909","4.945455","4.963636","4.981818","4.927273","4.945455","4.981818"
"SUTERA,FRANK W","6335","4.074074","4.037037","3.925926","4.148148","4.074074","3.62963","3.962963","3.555556","3.888889","4.666667"
"SUTTER,CHARLES","6336","3.780488","3.634146","3.487805","3.780488","3.658537","3.804878","3.97561","4.04878","3.926829","4.146341"
"SUTTON,LERAH","6337","4.460733","4.34555","3.816754","4.486911","4.123656","4.102151","4.376344","4.387097","4.435484","4.352941"
"SUVAJDZIC,MARKO","6338","3.744681","3.531915","3.87234","3.680851","3.787234","3.744681","4.06383","3.93617","3.93617","4.638298"
"SVENSSON,MIKAEL","6339","4.609756","4.439024","4.560976","4.512195","4.756098","4.756098","4.853659","4.902439","4.731707","4.829268"
"SVORONOS,SPYROS A","6340","4.342246","4.40107","4.475936","4.411765","4.40107","4.475936","4.508021","4.582888","4.272727","4.871658"
"SWAIN,BANIKALYAN","6341","4.454545","4.363636","4.272727","4.181818","4.454545","4.363636","4.454545","4.454545","4.545455","4.454545"
"SWALE,DANIEL R","6342","4.588235","4.647059","4.705882","4.588235","4.4375","4.1875","4.5625","4.25","4.8125","4.625"
"SWAMY,JAGADISH M","6343","4","4.666667","5","4","5","3.666667","5","3.666667","4.333333","5"
"SWANK FASTENOW,JACQUELINE","6344","5","5","5","5","5","5","5","5","5","5"
"SWANN,MYLES HAMPTON","6345","4.52514","4.379888","4.441341","4.402235","4.603352","4.569832","4.759777","4.670391","4.709497","4.810056"
"SWANSON,EMILY K","6346","4.627451","4.607843","4.598039","4.54902","4.882353","4.921569","4.901961","4.872549","4.872549","4.911765"
"SWANSON,TAYLOR NICOLE","6347","3.948718","4.025641","4.141026","4","3.971429","4.214286","4.214286","4.371429","4.144928","4.328571"
"SWEENEY,BRENDAN J","6348","4.337079","4.337079","4.41573","4.370787","4.483146","4.41573","4.651685","4.550562","4.550562","4.629213"
"SWEENEY,LEE","6349","4.137931","4","4.172414","4.310345","4.586207","4.428571","4.482759","4.464286","4.551724","4.551724"
"SWEET-COSCE,TAYLOR LAUREN","6350","4.625","4.5625","4.4375","4.625","4.625","4.6875","4.75","4.6875","4.8125","4.875"
"SWICK,ERIN M","6351","4.581395","4.534884","4.581395","4.465116","4.837209","4.883721","4.906977","4.906977","4.837209","4.906977"
"SWIDER,BRIAN W","6352","4.45509","4.371257","4.341317","4.401198","4.60479","4.54491","4.634731","4.748503","4.700599","4.808383"
"SWISHER,MARILYN E","6353","3.583333","3.583333","3.5","3.75","3.583333","3.75","3.75","4.416667","3.333333","4.5"
"SWITT,RANDAL S","6354","3.91129","4.120968","4.040323","4","3.951613","3.758065","4.314516","4.395161","4.112903","4.758065"
"SYLLA,CHRISTA J","6355","4.641509","4.415094","4.660377","4.54717","4.830189","4.433962","4.90566","4.566038","4.716981","4.849057"
"SZARVAS,DORA","6356","4.666667","4.333333","4","4.666667","5","4.666667","4","4.666667","5","4"
"SZYMANSKI,MALLORY R","6357","4.375","4.296875","4.140625","4.3125","4.28125","4.453125","4.5625","4.515625","4.4375","4.578125"
"TABARES,ELLA Y","6358","4.318182","4.272727","4.590909","4.318182","4.863636","4.954545","4.954545","4.818182","4.954545","4.952381"
"TABOE,HEMAHO BEAUGARD","6359","4.28013","4.250814","3.846906","4.338762","3.510067","3.85906","3.959732","4.067114","3.483221","4.295302"
"TABRIZIAN,ROOZBEH","6360","4.288462","4.288462","3.423077","4.346154","4.076923","3.557692","4.288462","3.557692","4.423077","4.634615"
"TACINELLI,GEOFFREY SCOTT","6361","4.333333","4.2","4.4","4.333333","4.466667","4.733333","4.733333","4.8","4.6","4.866667"
"TADDEI-ALLEN,PATTY","6362","4.428571","4.38961","4.285714","4.415584","4.545455","4.61039","4.636364","4.636364","4.545455","4.74026"
"TAFT,DIANA H","6363","4.357798","4.412844","4.357798","4.348624","4.46789","4.486239","4.623853","4.587156","4.376147","4.908257"
"TAFT,PATRICK K","6364","3.809524","3.714286","4.095238","3.857143","4.7","4.7","4.8","4.65","4.8","4.85"
"TAGRIN,DYLAN B","6365","4.115942","4.202899","3.594203","4.144928","3.869565","4.101449","4.26087","4.26087","4.028986","4.478261"
"TAHERASGHARI,FATEMEH","6366","4.107143","4.214286","4.392857","4.142857","4.642857","4.75","4.821429","4.714286","4.678571","4.821429"
"TAINTOR,JENNIFER","6367","4.333333","4.314815","4.518519","4.314815","4.64","4.52","4.7","4.42","4.7","4.68"
"TAIPLIADIS,SIMON","6368","4.544715","4.544715","4.471545","4.430894","4.699187","4.658537","4.829268","4.853659","4.674797","4.910569"
"TAIVASSALO,TANJA","6369","4.031008","3.852713","3.170543","4.072351","3.64191","3.698413","3.904255","3.915344","3.991957","3.849206"
"TAKACS,PATTY","6370","4.724138","4.724138","4.827586","4.724138","4.896552","4.862069","4.931034","4.827586","4.827586","4.965517"
"TAKADA,MARÍLIA","6371","4.539062","4.451172","4.513672","4.492188","4.479695","4.385787","4.538071","4.42132","4.525381","4.550761"
"TAKAHASHI,YUTA","6372","4.789474","4.684211","4.736842","4.421053","4.947368","4.894737","5","4.842105","4.894737","4.894737"
"TAKANO,YASUMASA","6373","3.745223","3.915924","3.359236","3.955414","2.997439","3.427284","3.583867","3.96799","2.943806","4.006386"
"TAKEDA-BROWN,CAROLYN T","6374","4.54","4.6","4.62","4.6","4.58","4.68","4.66","4.8","4.46","4.68"
"TALHAM,DANIEL R","6375","4.192157","4.156863","3.788235","4.192157","4.07874","4.074803","4.350394","4.551181","4.23622","4.649606"
"TALIAFERRO,KAREN ELIZABETH","6376","4.5","4.5625","4.6875","4.4375","5","4.9375","4.875","4.875","5","4.9375"
"TALLA KOUETE,MARCEL","6377","3.767857","3.857143","3.910714","3.803571","3.654545","3.654545","4.090909","4.053571","3.732143","4.035714"
"TALLON,TINA","6378","4.21","4.18","4.16","4.18","4.5","4.326531","4.622449","4.459184","4.510204","4.683673"
"TAN,GEORGE","6379","3.794118","3.941176","3.705882","4","3.357143","3.357143","3.571429","3.357143","3.285714","3.642857"
"TAN,TIFFANY S","6380","4.75","4.5","4.5","4.5","4.75","4.75","4.75","4.75","4.75","4.75"
"TANAKA,TSUYOSHI","6381","4.618321","4.625954","4.614504","4.610687","4.788462","4.784615","4.803846","4.8","4.784615","4.792308"
"TANENBAUM,ADAM S","6382","4.863636","4.818182","4.909091","4.772727","4.954545","4.818182","5","4.954545","4.954545","5"
"TANG,FENG","6383","4.326087","4.173913","4.130435","4.326087","4.217391","4.347826","4.391304","4.347826","4.152174","4.347826"
"TANG,XIN","6384","4.27551","4.387755","4.163265","4.408163","4.295918","4.193878","4.479592","4.438776","4.44898","4.704082"
"TANG,YUEHUA","6385","4.206612","4.206612","4.008264","4.181818","4.12605","4.256198","4.3","4.355372","4.082645","4.512397"
"TANG,ZHU","6386","3.815789","3.894737","4.263158","3.789474","4.421053","4.5","4.473684","4.578947","4.473684","4.526316"
"TANNER,DAVID B","6387","4.277108","4.349398","3.891566","4.313253","3.843373","3.86747","4.168675","4.156627","3.879518","4.578313"
"TANNER,JARED J","6388","4.707071","4.626263","4.606061","4.646465","4.909091","4.878788","4.89899","4.878788","4.838384","4.89899"
"TANNER,MELVIN J","6389","4.333333","4.333333","4.166667","4.333333","4.333333","4.333333","4.333333","4.333333","4.166667","4.333333"
"TANTAWY,MARWA","6390","3.666667","3.6","3.6","3.8","4.2","4.2","4.266667","4.2","4.133333","4.2"
"TAPP,RENEE","6391","4.614035","4.54386","4.578947","4.45614","4.6","4.418182","4.654545","4.555556","4.636364","4.727273"
"TARPLEY,TROY G","6392","4.192308","4.192308","4.288462","4.153846","4.461538","4.269231","4.711538","4.134615","4.25","4.653846"
"TAVASSOLI,FATEMEH","6393","4.116242","4.136943","3.356688","4.103503","3.299841","3.598086","3.955414","4.148325","3.522293","4.046178"
"TAVORMINA,ALYSSA L","6394","4.328","4.272","4.092","4.264","4.306452","4.41129","4.479839","4.612903","4.399194","4.5"
"TAWANPITAK,DON","6395","4.431034","4.482759","4.62069","4.448276","4.517241","4.413793","4.724138","4.793103","4.293103","4.844828"
"TAYAR,JAMIE N","6396","4.473118","4.462366","4.451613","4.451613","4.344086","4.322581","4.516129","4.763441","4.322581","4.752688"
"TAYLOR,BETHANY LEIGHANNE","6397","4.584416","4.435065","4.532468","4.37013","4.720779","4.694805","4.850649","4.688312","4.694805","4.909091"
"TAYLOR,BRIANNA L","6398","4.43956","4.263736","4.472527","4.461538","4.56044","4.681319","4.604396","4.637363","4.56044","4.703297"
"TAYLOR,BRITTANY","6399","4.485294","4.389706","4.426471","4.375","4.470588","4.558824","4.705882","4.661765","4.382353","4.860294"
"TAYLOR,BRON R","6400","3.403846","3.673077","3.538462","3.605769","3.817308","3.730769","3.951923","4.221154","3.932692","4.682692"
"TAYLOR,BRYAN F","6401","5","5","5","5","5","5","5","5","5","5"
"TAYLOR,COURTNEY MOORE","6402","4.586207","4.491379","4.310345","4.448276","4.465517","4.534483","4.672414","4.724138","4.534483","4.732759"
"TAYLOR,CURTIS","6403","4.226804","4.278351","4.123711","4.154639","4.268041","4.309278","4.690722","4.670103","4.474227","4.752577"
"TAYLOR,DYLAN ANDREW","6404","3.833333","4.166667","4.25","3.75","4.083333","4.25","4.666667","4.083333","4.583333","4.583333"
"TAYLOR,JAMES","6405","4.496703","4.498901","4.503297","4.476923","4.452153","4.466507","4.521531","4.504785","4.485646","4.452153"
"TAYLOR,JODI","6406","4.475","4.4","4.45","4.441667","4.525","4.558333","4.625","4.583333","4.583333","4.641667"
"TAYLOR,KARA","6407","4.714286","4.714286","4.785714","4.571429","4.857143","4.857143","4.928571","4.928571","4.857143","4.785714"
"TAYLOR,KEELYN ANN","6408","4.432432","4.418919","4.297297","4.445946","4.5","4.648649","4.608108","4.675676","4.608108","4.702703"
"TAYLOR,LISA ANNE","6409","4.805755","4.661871","4.669065","4.654676","4.820144","4.741007","4.920863","4.841727","4.877698","4.928058"
"TAYLOR,MERIDITH J","6410","4.5","4.333333","3.333333","4.5","3.666667","3.833333","4.333333","4.166667","4.166667","4.666667"
"TAYLOR,SCOTT J","6411","4.44","4.24","3.76","4.3","4.42","4.42","4.64","4.3","4.52","4.74"
"TAYLOR,SCOTT M","6412","4.025023","3.913809","3.486562","4.026877","3.828996","3.899628","4.100372","4.307263","4.094884","4.135562"
"TAYLOR,TRACEY L","6413","4.30303","4.232323","4.148148","4.292929","4.391753","4.510345","4.608247","4.634483","4.487973","4.635739"
"TE,PALANI J","6414","4.625","4.625","4.75","4.625","4.875","5","4.875","5","4.75","5"
"TEAFORD,GEORGE","6415","4.8","4.7","4.2","4.7","4.5","4.5","4.5","4.5","4.333333","4.5"
"TEDROW,TARA LOVE","6416","4.5","4.375","4.75","4.375","4.375","4.5","4.5","4.875","4.5","4.875"
"TEFERA,BEWUKET BEKELE","6417","4.129032","4.141935","3.580645","4.280645","3.938511","4.177994","4.236246","4.326861","4.237013","4.28479"
"TEGEDER,MICHAEL D","6418","4.35","4.4","4.1","4.4","4.35","4.45","4.7","4.6","4.625","4.75"
"TEITELBAUM,SCOTT ALAN","6419","4.625","4.5","3.875","4.75","4.5","4.285714","4.5","4.285714","4.5","4.5"
"TEIXEIRA,LEANDRO DIAS","6420","4.341814","4.272124","4.318584","4.267699","4.328657","4.236473","4.496994","4.272545","4.326653","4.56513"
"TELES BEZERRA,LUCAS","6421","4.285714","4.285714","4.183673","4.326531","4.113636","4.136364","4.25","4.25","4.136364","4.227273"
"TELESCO,CHARLES MICHAEL","6422","4","3.695652","3.57971","4.130435","4.057971","4.072464","4.26087","4.376812","4.217391","4.884058"
"TELG,LINDSEY H","6423","4.71553","4.658926","4.666183","4.5791","4.827286","4.792453","4.830189","4.851959","4.830189","4.825835"
"TELG,RICKY W","6424","4.7625","4.725","4.6875","4.6125","4.8875","4.9125","4.8875","4.9","4.8625","4.925"
"TENBROECK,SAUNDRA HODGE","6425","4.433333","4.422222","4.438889","4.355556","4.427778","4.255556","4.533333","4.422222","4.4","4.816667"
"TENNANT,MICHELE R","6426","4.571429","4.571429","4.571429","4.571429","4.642857","4.769231","4.692308","4.692308","4.571429","4.785714"
"TENORIO LOPEZ,ARIADNA NOHEMI","6427","4.666667","4.645833","4.770833","4.677083","4.854167","4.791667","4.9375","4.916667","4.8125","4.958333"
"TEPE,EMRE","6428","4.260331","4.264463","4.053719","4.301653","4.298755","4.356846","4.493776","4.639004","4.298755","4.618257"
"TERAN ACARO,DARIO ANDRES","6429","4.232877","4.219178","3.671233","4.212329","4.132075","4.283019","4.245283","4.462264","4.188679","4.349057"
"TERRELL,GRANT","6430","4.2","4.085714","4.228571","4","4.323529","3.970588","4.705882","4.352941","4.323529","4.852941"
"TERRY,ALYSSA A","6431","3.921569","3.803922","3.843137","4.058824","3.176471","3.72549","4.117647","4.294118","3.254902","4.352941"
"TERRY,ELLEN LOUISE","6432","4.212121","4.212121","4.227273","4.227273","4.323077","4.430769","4.507692","4.661538","4.246154","4.461538"
"TERYDA,NATALIA SOFIA","6433","3.862222","3.755556","3.444444","3.955556","3.647321","4.044843","4.120536","4.361607","4.036364","4.237668"
"TERZA,MATTHEW J","6434","4.502747","4.521978","4.489011","4.472527","4.552198","4.494505","4.760989","4.692308","4.403846","4.931319"
"TERZA,STEPHANNI KAILING","6435","4.604502","4.459807","4.369775","4.340836","4.70418","4.643087","4.78135","4.675241","4.73955","4.88746"
"TERZIAN,SEVAN G","6436","4.705426","4.666667","4.75969","4.542636","4.860465","4.860465","4.860465","4.891473","4.837209","4.945736"
"TESTA,ANDREW","6437","4.383333","4.383333","4.3","4.3","4.7","4.65","4.8","4.866667","4.633333","4.766667"
"TETE,IREN","6438","4.6","4.4","4.4","4.5","4.3","4.6","4.4","4.3","4.5","4.4"
"TEVOSIAN,SERGEI G","6439","4.368932","4.106796","4.300971","4.262136","3.703583","3.856678","3.81759","4.13355","3.661238","4.267101"
"TEW,SAVANNAH JANE","6440","3.8","3.4","3.4","3.6","3.8","4.2","4","3.8","3.8","4.2"
"TEZEL,TREVOR O","6441","4.875","4.75","4.708333","4.791667","5","4.75","4.958333","4.875","4.875","5"
"THAI,MY","6442","3.25","3.392857","3.428571","3.357143","3.035714","3.5","3.178571","3.75","3.071429","3.678571"
"THAKUR,SIDDHARTH SINGH","6443","4.636364","4.613636","4.545455","4.590909","4.613636","4.477273","4.75","4.681818","4.477273","4.840909"
"THALLNER,DANIELE ANDREA","6444","4.526316","4.526316","4.035088","4.54386","4.280702","4.526316","4.578947","4.666667","4.438596","4.508772"
"THEBAUT,STEPHEN M","6445","3.895028","3.944751","3.80663","3.950276","4.104972","4.177778","4.15","4.344444","4.127778","4.307263"
"THEIS,RYAN P","6446","5","5","5","5","5","5","5","5","5","5"
"THEOBALD,EMILY M","6447","5","5","5","5","5","5","5","5","5","5"
"THERIEN,SHELLEY E","6448","4.732143","4.660714","4.607143","4.642857","4.821429","4.839286","4.803571","4.839286","4.803571","4.821429"
"THERRIAULT,DAVID","6449","4.567376","4.468085","4.219858","4.531915","4.652482","4.723404","4.702128","4.70922","4.723404","4.751773"
"THETFORD,MACK","6450","4.544118","4.382353","4.176471","4.588235","4.523077","4.4","4.430769","4.492308","4.553846","4.769231"
"THIEKE,ROBERT J","6451","4.775641","4.673077","4.589744","4.615385","4.935897","4.897436","4.891026","4.891026","4.858974","4.967949"
"THIELE,LESLIE PAUL","6452","3.495327","3.551402","3.186916","3.551402","3.214953","3.056604","3.429907","3.504673","3.411215","4.205607"
"THOBURN,ERIC","6453","4.764706","4.764706","4.705882","4.823529","4.333333","4.555556","4.6","4.555556","4.7","4.6"
"THOMAS,AINSLEY J","6454","4","4.142857","4.571429","4","4.571429","4.642857","4.857143","4.5","4.642857","4.714286"
"THOMAS,BERNADINE","6455","4.057143","3.971429","4.2","3.971429","4.628571","4.657143","4.771429","4.685714","4.628571","4.8"
"THOMAS,CHRISTOPHER","6456","4.789474","4.747368","4.736842","4.652632","4.893617","4.62766","4.925532","4.87234","4.882979","4.957447"
"THOMAS,CYNTRICE","6457","4.07","4.05","3.692","4.12","3.907816","4.032","4.2","4.332665","4.164","4.244"
"THOMAS,EMMA","6458","4.339806","4.38835","3.883495","4.436893","3.656863","3.95098","4.127451","4.352941","3.990196","4.107843"
"THOMAS,JUSTIN TIMOTHY","6459","4.452","4.384","4.144","4.396","4.447154","4.485714","4.518367","4.593496","4.443089","4.514286"
"THOMAS,LAINE HATCHER","6460","4.45098","4.392157","4.392157","4.372549","4.465116","4.604651","4.674419","4.627907","4.604651","4.651163"
"THOMAS,LINDSEY O","6461","4.333333","4.259259","4.203704","4.333333","4.365385","4.346154","4.557692","4.480769","4.480769","4.557692"
"THOMAS,NATHAN","6462","4.26087","4.26087","4.086957","4.217391","4.26087","4.565217","4.73913","4.652174","4.391304","4.695652"
"THOMAS,ROBERT E","6463","4.428571","4.428571","4.809524","4.380952","4.380952","4.619048","4.809524","4.380952","4.428571","4.761905"
"THOMAS,SADE K","6464","3.485714","3.685714","3.742857","3.6","2.971429","3","3.657143","3.057143","3","3.6"
"THOMAS,SANETHIA V","6465","4.287218","4.172932","3.678195","4.081203","3.851321","4.083587","4.37283","4.368302","4.191988","4.576169"
"THOMAS,STEVEN F","6466","4.790698","4.767442","4.767442","4.790698","4.860465","4.860465","4.837209","4.837209","4.837209","4.906977"
"THOMAS,TRAVIS MICHAEL","6467","4.882883","4.801802","4.828829","4.855856","4.774775","4.81982","4.918919","4.873874","4.81982","4.873874"
"THOMPSON-WITRICK,KATHERINE A","6468","4.256917","4.268775","4.438735","4.343874","4.098814","4.281746","4.466403","4.600791","3.893281","4.675889"
"THOMPSON,ASHLEY N","6469","4.504673","4.448598","4.35514","4.448598","4.738318","4.71028","4.831776","4.831776","4.803738","4.878505"
"THOMPSON,GEOFF","6470","4.341463","4.118902","4.158537","4.359756","4.461538","4.5","4.687117","4.650307","4.609231","4.702454"
"THOMPSON,KEITH","6471","4.619048","4.52381","4.238095","4.571429","4.619048","4.809524","4.666667","4.904762","4.47619","4.857143"
"THOMPSON,KEVIN","6472","4","4.125","4.46875","3.84375","3.9375","4.125","4.375","4.25","4","4.625"
"THOMPSON,SCOTT C","6473","4.474403","4.515358","4.354949","4.423208","4.552901","4.68942","4.720137","4.723549","4.651877","4.706485"
"THOMPSON,SCOTT E","6474","4.515738","4.46247","4.35109","4.493947","4.614634","4.554745","4.687042","4.647202","4.504878","4.781022"
"THOMPSON,SHANNA","6475","4.705882","4.588235","4.764706","4.705882","4.647059","4.647059","4.823529","4.764706","4.882353","4.882353"
"THOMPSON,SHANYN ROSE","6476","4.466667","4.32","4","4.453333","4.369863","4.479452","4.534247","4.60274","4.410959","4.506849"
"THONGSRIPONG,PANPIM","6477","4.571429","4.428571","4.714286","4.571429","4.428571","4.857143","5","5","4.714286","4.857143"
"THORDIN,SOFIA C","6478","4.661017","4.423729","3.966102","4.576271","4.627119","4.762712","4.813559","4.779661","4.79661","4.79661"
"THORNTON,JOSEPH EDWARD","6479","4.410814","4.188316","3.579242","4.463021","3.931774","4.106563","4.260728","4.340717","4.245603","4.185835"
"THRASHER,AARON KOLBY","6480","4.488889","4.511111","4.177778","4.4","4.488889","4.666667","4.733333","4.711111","4.644444","4.822222"
"THRIFT,TODD A","6481","4.9","4.82","4.84","4.85","4.94","4.63","4.93","4.8","4.9","4.96"
"THUE-BLUDWORTH,CARSTEN","6482","4.347458","4.322034","4.262712","4.144068","4.347458","4.355932","4.635593","4.601695","4.40678","4.771186"
"THUE,MONRAD R","6483","3.72","3.76","4.093333","3.746667","3.84","3.733333","4.173333","3.666667","3.573333","4.6"
"TIA,MANG","6484","4.540541","4.344595","4.22973","4.527027","4.506757","4.621622","4.662162","4.702703","4.560811","4.851351"
"TIAN,JIAYUAN","6485","4.222222","4.266667","4.111111","4.222222","4.022222","4.244444","4.244444","4.4","3.866667","4.488889"
"TIAN,YU","6486","4.336364","4.281818","3.936364","4.3","4.083333","4.361111","4.555556","4.731481","4.305556","4.522936"
"TIAN,ZIBO","6487","4.2","4.8","4","5","3.6","4.8","4.4","5","4.4","4.4"
"TIBBETTS,SCOTT","6488","4.163102","3.863636","3.157754","4.23262","4.356757","4.084469","4.368564","4.265583","4.554054","4.537838"
"TIERNEY,CARLA ELIZABETH","6489","4.555556","4.432099","4.493827","4.518519","4.6","4.625","4.7875","4.6875","4.7125","4.825"
"TILLANDER,MICHELLE","6490","4.515625","4.421875","4.671875","4.40625","4.6875","4.765625","4.75","4.578125","4.40625","4.875"
"TILLOTSON,JASON C","6491","4.232558","4.116279","4.627907","4.302326","4.790698","4.744186","4.953488","4.744186","4.813953","4.906977"
"TINKER,LAWRENCE A","6492","4.340314","4.264398","4.350785","4.311518","4.480315","4.549738","4.622047","4.658793","4.565789","4.708661"
"TIPPIT,BERNADINE ANN","6493","4.3125","4.3125","4.25","4.4375","3.909091","3.545455","4","3.545455","4.181818","4.454545"
"TISBY,CRYSTAL","6494","3.945946","3.824324","4.27027","3.891892","4.027027","4.067568","4.162162","4.121622","4.094595","4.472973"
"TISHER,BRIAN LEWIS","6495","4.289474","4.22807","4.236842","4.27193","4.368421","4.377193","4.631579","4.692982","4.482456","4.859649"
"TIWARI,CHHAVI","6496","4.25","4.211538","4.096154","4.346154","4.076923","4.192308","4.461538","4.326923","4.211538","4.442308"
"TJINDRA-CHEN,DJUNDI","6497","3.4","3.4","3.8","3.4","3.4","3.6","3.2","3.2","3.4","4"
"TLILI,SARRA","6498","4.533333","4.6","4.666667","4.6","4.666667","4.333333","4.6","4.466667","4.6","4.8"
"TOBENER,ELIZABETH","6499","4.2","4","4.366667","4.266667","4.103448","4.172414","3.896552","4.275862","4.103448","4.37931"
"TOBIAS,BREANN E","6500","4.16129","4.096774","4.483871","4.16129","4.258065","4.612903","4.612903","4.774194","4.419355","4.548387"
"TOCCO JR,VINCENT J","6501","4.632287","4.64574","4.569507","4.55157","4.502242","4.623318","4.686099","4.717489","4.524664","4.789238"
"TODD-BROWN,KATHE","6502","3.433333","3.433333","4.3","3.233333","3.3","3.1","3.766667","3.766667","2.966667","4.766667"
"TODD,COLBY ROBERT","6503","3.107383","3.167785","3.563758","3.09396","4.322148","4.496644","4.483221","4.597315","4.456376","4.375839"
"TOFFOLO,NANCY","6504","4.203481","4.103079","3.713521","4.246319","3.967422","4.16289","4.238364","4.359661","4.172073","4.178873"
"TOLEDO,IZABELLA MARIA MICHELON","6505","4.076923","3.961538","4.269231","4.153846","4.076923","4","4.269231","4.153846","4.192308","4.384615"
"TOLENTINO,LISSETTE ARELIS","6506","4.6","4.6","3.8","4.6","4","3.8","4.4","4.8","4","4.2"
"TOMAINO,GEOFF","6507","4.804054","4.756757","4.824324","4.689189","4.979592","4.945946","4.965986","4.945946","4.972789","4.993197"
"TOMASI,CORINNE E","6508","4.421053","4.350877","4.45614","4.526316","4.490196","4.627451","4.666667","4.72549","4.607843","4.784314"
"TOMICH,GEORGIA MIRANDA","6509","4.434783","4.23913","4.065217","4.434783","4.466667","4.666667","4.644444","4.688889","4.533333","4.6"
"TONEY,ALAN MICHAEL","6510","4.064615","4.021538","3.590769","4.172308","4.102564","4.291513","4.40293","4.479705","4.355311","4.446886"
"TONKS,MICHAEL","6511","4.48913","4.456522","4.293478","4.478261","4.546512","4.581395","4.662791","4.709302","4.709302","4.627907"
"TOPALIDIS,YIORGO","6512","4.270833","4.28125","3.71875","4.364583","4.333333","4.333333","4.364583","4.46875","4.489583","4.489583"
"TOPPING,DANIEL B","6513","4.267606","3.957746","3.43662","4.267606","3.853211","3.93578","4.072727","4.109091","3.936364","4.082569"
"TORRES JR,LUIS","6514","4.454545","4.413636","4.286364","4.504545","4.593137","4.585366","4.682927","4.696078","4.651961","4.735294"
"TORRES YUNDA,MIGUEL ANGEL","6515","4.666667","4.583333","4.625","4.583333","4.791667","4.729167","4.916667","4.875","4.9375","4.916667"
"TORRES,MICHAEL","6516","4.444444","4.351852","3.944444","4.37037","4.592593","4.759259","4.759259","4.814815","4.666667","4.685185"
"TORREY,PAUL","6517","4.296296","4.314815","4.462963","4.277778","4.555556","4.611111","4.888889","4.685185","4.814815","4.888889"
"TOTH,ANNA","6518","2.882353","2.919118","2.426471","3.007353","2.022059","2.259259","2.580882","2.992647","2.095588","3.610294"
"TOUROO,RACHEL","6519","4.285714","4.285714","4.428571","4.285714","4.714286","4.571429","4.857143","4.714286","4.857143","4.857143"
"TOVAR-HENAO,FELIPE","6520","5","5","5","5","5","5","5","5","5","5"
"TOVAR,RICHARD","6521","4.272031","4.245211","4.371648","4.14751","4.37931","4.502879","4.685824","4.555556","4.316092","4.827586"
"TOWNSEND,DANIEL","6522","3.805195","3.883117","4.324675","3.688312","4.623377","4.623377","4.779221","4.714286","4.675325","4.857143"
"TOWNSEND,TIMOTHY G","6523","4.577434","4.50885","4.493363","4.482301","4.786517","4.655405","4.802247","4.739326","4.831461","4.896629"
"TRACY,JOHN EDWARD","6524","5","5","5","5","5","5","5","5","5","5"
"TRAFF,JORDAN N","6525","4.571429","4.178571","4.285714","4.428571","4.571429","4.75","4.821429","4.892857","4.785714","4.821429"
"TRAINHAM,JAMES A","6526","3.886686","3.563739","3.524079","3.943343","3.966006","4.031339","4.321023","4.397727","4.301994","4.525568"
"TRAINOR,KATHRYN M","6527","4.857143","4.628571","4.771429","4.657143","4.8","4.828571","4.914286","4.885714","4.8","4.885714"
"TRAINOR,SEAN","6528","4.422719","4.397269","4.476102","4.379268","4.577114","4.519351","4.77038","4.729309","4.714997","4.85199"
"TRAKTUEV,DMITRY O","6529","4.26087","4.043478","4.130435","4.26087","4.086957","4.173913","4.434783","4.304348","4.304348","4.608696"
"TRAN,KHIEM T","6530","4.611111","4.555556","4.333333","4.722222","4.592593","4.481481","4.574074","4.666667","4.555556","4.777778"
"TRAUM,MATTHEW J","6531","4.461441","4.390645","4.249052","4.160556","4.066841","4.275","4.538058","4.474443","4.201571","4.709424"
"TRAVIS,RYAN HOPE","6532","4.333333","4.309524","4.642857","4.309524","4.5","4.380952","4.571429","4.595238","4.380952","4.833333"
"TRAYNOR,PATRICK","6533","4.371212","4.170455","4.102273","4.348485","4.223485","3.530303","4.44697","4.393939","4.545455","4.890152"
"TREADWAY,HANNAH GRACE","6534","4.698795","4.662651","4.771084","4.542169","4.975904","4.939759","4.975904","4.987952","4.975904","4.987952"
"TREGONING,KYLE ROLAND","6535","4.538462","4.692308","4.653846","4.461538","5","5","5","5","5","4.961538"
"TREISE,DEBORAH M","6536","4.5","4.394737","4.210526","4.368421","4.361111","4.583333","4.5","4.611111","4.305556","4.666667"
"TREJO,CARLOS JOSE","6537","4.25","4.375","3.625","4.5","4.25","4.5","4","4.375","4.25","4.5"
"TREMURA,WELSON ALVES","6538","4.5","4.55","4.6","4.7","4.684211","4.105263","4.789474","4.736842","4.421053","4.894737"
"TRENCHI,ALEJANDRO","6539","4.175676","4.189189","4.135135","4.094595","4.287671","4.520548","4.493151","4.575342","4.369863","4.356164"
"TRIFILIO,ERIN R","6540","3.984127","3.968254","3.460317","4.142857","3.761905","3.984127","4.31746","4.380952","3.873016","4.142857"
"TRIMBLE E,ALLYSON","6541","4.712209","4.619186","4.65407","4.630814","4.777126","4.761765","4.856305","4.785924","4.847507","4.835777"
"TRINDADE,DINIS ANDRE","6542","4.375","4.125","4.125","4.375","3.625","3.75","4.125","4.625","4.125","3.875"
"TRIPLETT,BROOKS","6543","4.5625","4.1875","4.875","4.5","4.875","4.875","4.9375","4.9375","4.9375","4.9375"
"TRIPLETT,ERIC","6544","4.248031","4.334646","4.38189","4.255906","3.78744","3.602941","3.884615","3.834951","4.043062","4.086124"
"TRIPP,ALAYO","6545","4.071429","4.285714","4.428571","4.142857","4.185185","3.851852","4.37037","4.074074","4.185185","4.333333"
"TRIPP,BERNELL E","6546","4.025641","4","3.333333","4.076923","3.542857","3.828571","4.085714","4.114286","3.914286","4.028571"
"TRIPP,BRADY L","6547","4.713043","4.608696","4.634783","4.617391","4.695652","4.556522","4.617391","4.721739","4.652174","4.626087"
"TRIPP,CAITLIN","6548","4.692308","4.615385","4.692308","4.615385","5","5","5","5","5","5"
"TRIPP,PATRICIA MCGINN","6549","4.65625","4.510417","4.645833","4.510417","4.663158","4.697917","4.770833","4.833333","4.604167","4.833333"
"TRITT,LEE-FORD","6550","4.72973","4.640927","4.667954","4.671815","4.776062","4.523256","4.799228","4.694981","4.764479","4.957529"
"TROTMAN,ERIC M","6551","4.081057","4.027313","3.763877","4.097797","3.765432","3.896764","3.972179","4.050613","3.897674","3.978428"
"TROXELL,GRACE SACHI","6552","5","4.857143","5","4.857143","5","5","5","5","5","5"
"TROY,SAVANNAH ROSE","6553","4.777778","4.777778","5","4.666667","4.666667","4.777778","4.666667","4.888889","4.777778","4.888889"
"TRUEBA,LISA M","6554","4.888889","4.777778","4.777778","4.777778","5","5","5","5","5","5"
"TRUONG,HUY CHI","6555","3.73913","3.695652","3.913043","3.782609","3.652174","3.565217","3.826087","4.217391","4.130435","4.347826"
"TRUSCOTT,JAKE","6556","4.673469","4.612245","4.673469","4.602041","4.857143","4.897959","4.877551","4.928571","4.897959","4.938776"
"TSE,KAI TIK DECLAN","6557","4.583333","4.416667","4.583333","4.583333","4.75","4.75","4.75","4.625","4.75","4.75"
"TSEHAYU,YEKATIT G","6558","4.48","4.56","4.2","4.52","4.5","4.565217","4.636364","4.590909","4.454545","4.454545"
"TU,HSIANG","6559","4.471698","4.396226","4.660377","4.45283","4.564103","4.615385","4.410256","4.589744","4.487179","4.641026"
"TUANYOK,APICHAI","6560","4.409091","4.409091","4.545455","4.454545","4.571429","4.714286","4.666667","4.52381","4.428571","4.714286"
"TUCKER-DROB,ROBIN","6561","3.915493","3.950704","3.021127","4.028169","2.442857","2.702899","2.821429","3.292857","2.671429","2.978571"
"TUCKER,CATHERINE M","6562","4.589744","4.551282","4.75641","4.525641","4.820513","4.769231","4.948718","4.910256","4.858974","4.987179"
"TUCKER,JENNIFER WU","6563","4.590909","4.681818","4.818182","4.636364","4.863636","4.727273","4.909091","4.863636","4.727273","4.909091"
"TUCKER,KAITLYN ELIZABETH","6564","3.82","3.98","4","4.14","4.061224","4.102041","4.55102","4.530612","4.306122","4.489796"
"TUCKETT,QUENTON","6565","5","5","5","5","5","5","5","5","5","5"
"TUFTS,STEVE","6566","4.596965","4.522766","4.394604","4.55312","4.649153","4.629442","4.764407","4.728353","4.750847","4.809122"
"TUGGAR,FATIMAH","6567","3.68","3.88","4.12","3.626667","3.746667","3.813333","3.72","3.706667","3.466667","4.693333"
"TUMBLIN,HOLLY GABRIELLE","6568","4.45614","4.45614","4.087719","4.473684","4.326923","4.596154","4.557692","4.596154","4.461538","4.634615"
"TURK,DAWN","6569","5","5","5","5","5","5","5","5","5","5"
"TURLEY,MELISSA KAY","6570","4.458967","4.361702","4.401216","4.382979","4.739264","4.696319","4.757669","4.739264","4.776074","4.775385"
"TURNER,ANA","6571","4.4235","4.187658","3.611158","4.477599","3.998249","4.194566","4.32021","4.455342","4.32662","4.266608"
"TURNER,DOUGLAS C","6572","4.568465","4.572614","4.352697","4.556017","4.682008","4.616667","4.65","4.808333","4.733333","4.616667"
"TURNER,JALEA","6573","3.555556","3.777778","3.777778","3.555556","3.666667","3.444444","4.333333","3.555556","4","4.222222"
"TURNER,JOSEPH YOSSI","6574","3.4","3.2","3.4","3.8","3.4","3","3.4","2.8","3.2","4.8"
"TURNER,JOSHUA JARIUS","6575","4.024725","3.934066","3.728022","4.074176","4.518868","4.330189","4.712264","4.542453","4.613208","4.707547"
"TURPIN,KAYLAH LEEIGH","6576","5","5","5","5","5","5","5","5","5","5"
"TURULL,ALEXANDRE","6577","4.416667","4.462963","4.212963","4.314815","4.25","4.268519","4.296296","4.490741","4.324074","4.62037"
"TWENGE,JEAN M","6578","4.391304","4.304348","3.73913","4.478261","4.391304","3.652174","4.304348","4","4.391304","4.434783"
"TYGER,JAMES R","6579","4.65","4.65","4.4","4.55","4.7","4.65","4.7","4.75","4.65","4.75"
"TYSON,DAVID EDWARD","6580","3.333333","3","3.333333","3.666667","3","3","4.333333","2.666667","3","4.333333"
"UDDIN,MD AZHAR","6581","4.119048","4.130952","3.654762","4.202381","4.066667","4.244444","4.244444","4.311111","4.2","4.288889"
"UDEH-UBAKA,IKECHUKWU ROY","6582","4.647059","4.568627","4.784314","4.45098","4.745098","4.686275","4.764706","4.568627","4.568627","4.862745"
"UEHLING,ABIGAIL TAYLOR","6583","4.13","4.05","4.11","4.07","4.597826","4.706522","4.747253","4.804348","4.597826","4.75"
"UKAOHA,CHRISTIANA AMARACHI","6584","4.405063","4.405063","4.43038","4.341772","4.033898","4.152542","4.20339","4.186441","4.101695","4.254237"
"UKEILEY,LAWRENCE","6585","4.150327","4.24183","3.856209","4.228758","3.993464","4.052288","4.300654","4.51634","4.156863","4.522876"
"ULANOWICZ,ANASTASIA MARIA","6586","5","4.884615","4.884615","5","5","4.923077","5","4.961538","4.961538","5"
"ULLMAN,DANIELLE RENEE","6587","4.533333","4.222222","4.4","4.311111","4.738095","4.809524","4.833333","4.785714","4.785714","4.833333"
"ULMER,JASMINE BROOKE","6588","3.826087","3.913043","3.304348","4.173913","3.956522","3.347826","4.173913","3.913043","4.173913","4.521739"
"ULRICH,TRACY GAULT","6589","4.5","4.5","4.25","4.25","4.75","4.625","4.75","4.75","4.75","4.625"
"UMAR,MOHAMMED SHARIF","6590","3.75","4","4.25","4.05","4.2","4.15","4.45","4.15","4.05","4.6"
"UNDERHILL,JANNA L","6591","4.054054","4.054054","3.837838","4.081081","4.459459","4.810811","4.675676","4.702703","4.378378","4.72973"
"UNDERKOFFLER,SUSAN","6592","4.41791","4.320896","4.029851","4.402985","4.455224","4.380597","4.514925","4.552239","4.432836","4.723881"
"UNGOR,ALPER","6593","4.291181","4.319468","3.973378","4.276206","4.260204","4.16129","4.33107","4.456706","4.331633","4.62585"
"UNLU,EYUP BEDIRHAN","6594","4.020408","4.204082","3.795918","4.244898","3.979592","4.387755","4.306122","4.428571","4","4.22449"
"UNRUH,J BRYAN","6595","5","4.571429","4.714286","4.857143","5","5","5","4.666667","5","5"
"UONG,JOE","6596","4.46","4.2","4.64","4.46","4.76","4.74","4.92","4.88","4.82","4.86"
"UOTATE,YASUO","6597","4.560976","4.365854","4.658537","4.365854","4.512195","4.682927","4.414634","4.853659","4.463415","4.682927"
"UPARELA,PAOLA","6598","4.434211","4.368421","4.592105","4.328947","4.657895","4.526316","4.763158","4.644737","4.618421","4.842105"
"URAL,ANT","6599","4.374648","4.35493","4.146479","4.419718","4.442254","4.439437","4.402817","4.625352","4.48169","4.515493"
"URBINA,LEONARDO","6600","4.8","4.4","4.6","4.8","5","5","5","5","5","4.8"
"URIBE,CATALINA","6601","4.066225","4","3.649007","4.112583","4.459016","4.516393","4.614754","4.606557","4.581967","4.647541"
"URS,NIKHIL","6602","4.522388","4.447761","4.462687","4.432836","4.61194","4.58209","4.61194","4.597015","4.597015","4.656716"
"USECHE,PILAR","6603","4.666667","4.666667","4.777778","4.666667","4.777778","4.777778","4.777778","4.777778","4.777778","4.666667"
"USIK,KATHERINE ANNE","6604","3.901408","3.887324","4.295775","4","3.943662","4.295775","4.366197","4.422535","4.323944","4.380282"
"USMANI,MOIZ","6605","3.653846","3.846154","3.846154","3.807692","3.769231","3.923077","4.230769","3.961538","3.576923","4.115385"
"UTHMEIER,JAMES W","6606","4.555556","4.444444","4.555556","4.222222","4.666667","4.222222","4.777778","4.444444","4.666667","4.888889"
"UTLEY,SUZANNE RENEE","6607","3.379845","3.286822","2.488372","3.728682","2.581395","2.78125","2.844961","3.333333","2.875969","3.007752"
"UTTERMARK,MATTHEW J","6608","4.255102","4.193878","4.061224","4.255102","4.255102","4.112245","4.377551","4.556701","4.387755","4.642857"
"UZUN,BERK","6609","4.25","4","4","4.125","4.125","4.125","4.375","4.25","4.125","4.125"
"V PAULA-MORAES,SILVANA","6610","4.28125","4.234375","3.851562","4.367188","4.125984","4.322835","4.370079","4.464567","4.330709","4.527559"
"VADDIPARTI,KRISHNA","6611","4.252427","4.262136","3.980583","4.252427","4.223301","4","4.398058","4.359223","4.436893","4.495146"
"VAEZ GHAEMI,ROZA","6612","4.321429","4.392857","4.607143","4.071429","4.178571","3.428571","4.5","4","3.535714","4.892857"
"VAHDAT,SHAHAB","6613","3.871795","3.820513","3.820513","4.282051","3.512821","3.564103","3.692308","4.25641","3.384615","4.358974"
"VAILLANCOURT,DAVID E","6614","5","5","5","5","5","5","5","5","5","5"
"VAKHARIA,ASOO J","6615","4.254864","4.274319","4.280156","4.2393","4.439689","4.570039","4.622568","4.706226","4.381323","4.7393"
"VALCANTE,GREGORY","6616","4.571429","4.214286","3.928571","4.642857","4.166667","3.916667","4.166667","4.166667","4.083333","4.333333"
"VALDES HERNANDEZ,PEDRO ANTONIO","6617","3.888889","3.666667","4.333333","3.666667","4.555556","4.444444","4.666667","4.555556","4.666667","4.777778"
"VALDES KROFF,JORGE RODRIGO","6618","4.75","4.75","4.75","4.833333","4.75","3.833333","4.75","4.583333","4.666667","4.916667"
"VALENTA,KIM LISA","6619","4.483444","4.390728","4.364238","4.390728","4.662252","4.576159","4.801325","4.728477","4.708609","4.847682"
"VALENTE,NICHOLAS R","6620","3.904762","3.97619","3.928571","3.97619","4.097561","4.317073","4.341463","4.487805","4.268293","4.463415"
"VALENTIN MARTINEZ,DARIANNETTE","6621","4.47619","4.238095","4.47619","4.428571","3.315789","3.684211","3.789474","3.736842","3.631579","3.842105"
"VALENTINE,KRIS","6622","3.5","3.1","3.8","3.5","3.5","3.1","3.8","4.1","3.7","4.2"
"VALENZUELA,LUZMI","6623","4.272727","4.090909","4.5","4.409091","4.681818","4.772727","4.818182","4.727273","4.772727","4.681818"
"VALERIO,COURTNEY","6624","5","5","5","5","5","5","5","5","5","5"
"VALETOPOULOS,ACHILLES","6625","3.625","3.375","3.75","3.75","3.125","3.625","3.875","3.5","3.125","4.25"
"VALIPOOR,SHABBOO","6626","4.728571","4.7","4.671429","4.628571","4.9","4.914286","4.914286","4.885714","4.885714","4.942857"
"VALKO,ALEXA C","6627","4.357377","4.213115","3.586885","4.442623","4","4.125954","4.244275","4.374046","4.255725","4.217557"
"VALLE-LEVINSON,ARNOLDO","6628","4.555556","4.5","4.722222","4.555556","4.611111","4.333333","4.666667","4.833333","4.722222","4.888889"
"VALLE,DENIS R","6629","4.492632","4.454737","4.166316","4.469474","4.454352","4.380645","4.553419","4.604301","4.465957","4.58547"
"VALLE,NATERCIA","6630","4.833333","4.75","4.666667","4.75","4.583333","4.833333","4.833333","4.833333","4.583333","4.833333"
"VALLEE,ERIC JAMES","6631","4.185771","4.213439","3.952569","4.197628","4.25","4.413442","4.548","4.614","4.468","4.606"
"VALLEJO,MARIA CAMILA","6632","4.296296","4.148148","4.037037","4.222222","4.592593","4.481481","4.62963","4.518519","4.518519","4.555556"
"VALLEJOS,CARLOS E","6633","4.285714","4.257143","4.171429","4.342857","4.342857","4.514286","4.228571","4.342857","4.142857","4.457143"
"VALORE,NICOLINA","6634","4.375","4.333333","4.375","4.3125","4.35","4.45","4.425","4.45","4.375","4.333333"
"VAN AMSTEL,FREDERICK M. C","6635","3.557377","3.622951","3.918033","3.508197","3.269231","3.519231","3.519231","3.519231","3.346154","4.307692"
"VAN ARSDALE,ANGELA C","6636","4.75","4.40625","4.59375","4.65625","4.806452","4.870968","4.935484","4.903226","4.935484","4.967742"
"VAN BLOKLAND,HEATHER","6637","4.477612","4.462687","4.223881","4.358209","4.552239","4.522388","4.716418","4.597015","4.641791","4.791045"
"VAN DEREE,SHANE C","6638","4.222222","4.259259","4.592593","4.259259","4.592593","4.666667","4.777778","4.703704","4.703704","4.814815"
"VAN HART,PARKER GIFFORD","6639","4.324324","4.351351","4.405405","4.202703","4.616438","4.756757","4.794521","4.684932","4.716216","4.797297"
"VAN HOOVER,TASSANEE","6640","4.227273","4.181818","3.954545","4.272727","4.454545","4.636364","4.636364","4.590909","4.545455","4.590909"
"VAN NIMWEGEN,NICHOLAS XAVIER","6641","4.706897","4.603448","4.206897","4.689655","4.280702","4.526316","4.596491","4.736842","4.403509","4.789474"
"VAN NOSTRAND,JAMES","6642","4.485714","4.285714","4.485714","4.314286","4.485714","4.457143","4.6","4.714286","4.514286","4.714286"
"VAN RENSBURG,LODEWYK","6643","4.387097","4.4","3.896774","4.425806","4.377483","4.668874","4.708609","4.748344","4.450331","4.642384"
"VAN SANTEN,EDZARD","6644","4.272727","4.409091","4.409091","4.363636","4.272727","4.136364","3.772727","4.409091","3.681818","4.590909"
"VAN SICKLER,KATHLEEN MARIE","6645","4.575","4.475","4.425","4.475","4.717949","4.769231","4.769231","4.769231","4.794872","4.820513"
"VAN SICKLER,MICHAEL R","6646","4.56","4.52","4.48","4.48","4.666667","4.708333","4.833333","4.791667","4.75","4.833333"
"VANAUSDALE,STEVIE L","6647","4.633333","4.733333","4.733333","4.733333","4.8","4.7","4.9","4.866667","4.966667","4.8"
"VANCE,HANNA ELIZABETH","6648","4.181818","4.545455","4.545455","4.181818","4.545455","5","4.818182","4.909091","4.545455","4.727273"
"VANCINI,SAM","6649","4.821429","4.75","4.821429","4.75","4.75","4.916667","4.958333","4.958333","4.833333","4.875"
"VANDENBORNE,KRISTA H","6650","4.6","4.55","4.7","4.55","4.5","4.75","4.8","4.45","4.55","4.8"
"VANDER KOOI,CRAIG W","6651","4.391304","4.086957","4.173913","4.347826","4.818182","4.727273","4.863636","4.818182","4.909091","4.818182"
"VANDER ZANDEN,HANNAH","6652","4.098222","4.04403","3.789162","4.109229","4.206955","4.146859","4.425297","4.409168","4.366412","4.500424"
"VANDEWEERD,CARLA","6653","4.166667","4.166667","4.333333","4.5","4.833333","4.833333","4.833333","4.833333","4.833333","4.833333"
"VANN,ANGELINA GRACE","6654","4.68","4.52","4.68","4.52","4.72","4.64","4.76","4.56","4.6","4.8"
"VANSCHOICK,SARAH M","6655","4.326316","4.252632","3.810526","4.252632","4.272727","4.441558","4.38961","4.38961","4.38961","4.415584"
"VANTUINEN,DANIELLE","6656","4.41453","4.318376","4.303419","4.358974","4.352403","4.376147","4.581236","4.5","4.538813","4.648526"
"VANVALKENBURGH,KEVIN M","6657","4.264706","4.294118","4.205882","4.264706","4.117647","4.117647","4.235294","4.323529","3.647059","4.470588"
"VARGA,ADRIENN GABRIELLA","6658","4.571429","4.571429","4.857143","4.642857","4.615385","4.692308","4.692308","4.692308","4.615385","4.692308"
"VARMA,DEEPTHI SATHEESA","6659","4.674419","4.604651","4.767442","4.604651","4.72093","4.465116","4.860465","4.418605","4.72093","4.860465"
"VARNES,JULIA R","6660","3.924242","3.878788","3.979798","3.90404","4.09596","4.106061","4.424242","4.313131","4.222222","4.575758"
"VASCIMINI,ANGELINA","6661","4.62543","4.605956","4.609393","4.601375","4.78679","4.790751","4.806713","4.79422","4.797688","4.825635"
"VASENIN,DENIS","6662","3.690909","3.690909","3.309091","3.709091","3.806452","4.16129","4.096774","4","3.870968","4.129032"
"VASENKOV,SERGEY","6663","4.833333","4.8125","4.604167","4.8125","4.708333","4.729167","4.75","4.854167","4.583333","4.8125"
"VASQUEZ FERREIRO,ANDREA","6664","4.461538","4.384615","4.615385","4.423077","4.391304","4.791667","4.583333","4.5","4.434783","4.583333"
"VASQUEZ,COLBY","6665","4.32","4.24","4.64","4.48","4.6","4.6","4.68","4.8","4.72","4.8"
"VASQUEZ,EFREN A","6666","4.644444","4.622222","4.333333","4.488889","4.488889","4.688889","4.711111","4.711111","4.488889","4.711111"
"VASQUEZ,IDALYS R","6667","4.37013","4.266234","3.883117","4.350649","4.197368","4.405229","4.529412","4.522876","4.431373","4.431373"
"VASQUEZ,RYAN CAESAR","6668","5","5","5","5","5","5","5","5","5","5"
"VASQUEZ,TAYLOR SAGE","6669","4","4","4","4","4","4.666667","4.666667","4.666667","4.333333","4.666667"
"VASS,BRAD","6670","4.567164","4.552239","4.477612","4.522388","3.626866","3.970149","4.044776","4.044776","3.358209","4.343284"
"VATTER,VINCENT","6671","4.604167","4.65625","4.395833","4.625","4.697917","4.520833","4.791667","4.791667","4.677083","4.760417"
"VAZQUEZ,TERESA","6672","4.681818","4.568182","4.659091","4.545455","4.931818","4.954545","4.977273","4.954545","4.909091","4.977273"
"VAZQUEZ,THOMAS ANTHONY","6673","4.112426","4.112426","3.64497","4.236686","4.224199","4.421429","4.483986","4.54417","4.407801","4.5053"
"VEDAM-MAI,VINATA","6674","4","4","2.833333","4","4.666667","4.666667","4.666667","4.666667","4.666667","4.666667"
"VEGA,SERGIO G","6675","3.764706","3.970588","3.823529","3.852941","3.787879","3.636364","3.878788","3.705882","3.911765","4.470588"
"VEIGE,ADAM STEVEN","6676","4.030675","4.055215","3.766871","3.957055","3.944785","3.920245","4.460123","4.374233","4.141104","4.693252"
"VEIGE,MELANIE KRISTINA","6677","4.055418","4.080198","3.560487","4.062176","3.425138","3.656069","3.768148","3.987307","3.741846","3.81269"
"VEKAKIS,MATTHEW NICHOLAS","6678","4.5","4.516129","4.435484","4.403226","4.516129","4.66129","4.822581","4.774194","4.66129","4.709677"
"VELLA,JILLIAN LEE","6679","3.5","3.5","3","4","2.5","2.5","2.5","3","3","3.5"
"VEMURI,BABA C","6680","3.594595","3.513514","3.351351","3.675676","3.324324","3.486486","3.324324","3.864865","3.405405","4.027027"
"VENDRAME,WAGNER A","6681","4.6","4.363636","4.109091","4.545455","4.528302","4.226415","4.622642","4.45283","4.54717","4.703704"
"VENDRAMINI,JOAO MAURICIO BUENO","6682","4.5","4.5","4.5","4.5","4.5","4.5","4.5","4.5","4.5","4.5"
"VENKATESWARAN,NITIN","6683","4.026667","3.986667","3.733333","3.96","3.986667","4.333333","4.106667","4.44","4.04","4.106667"
"VERALI,KRISTA","6684","3.680556","3.722222","3.847222","3.777778","4.152542","4.338983","4.355932","4.305085","4.220339","4.40678"
"VERMA,ANNA","6685","4.184874","4.109244","3.705882","4.159664","4.107692","4.25","4.109375","4.276923","4.2","4.276923"
"VERMERRIS,WILFRED","6686","4.341176","4.27451","4.294118","4.239216","4.23622","4.185771","4.188976","4.464567","4.109804","4.345098"
"VERMUT,RICHARD STUART","6687","3.666667","3.5","3.666667","3.666667","4","4.666667","4.5","4.833333","4.166667","4.666667"
"VERNETSON,MARIANNE","6688","4.52381","4.47619","4.380952","4.444444","4.666667","4.603175","4.809524","4.777778","4.761905","4.809524"
"VERRAN,ERICK","6689","4.087137","4.116183","3.792531","4.078838","4.024896","4.473029","4.348548","4.53527","4.248963","4.39834"
"VERSCHAEVE,CORBIN MICHAEL","6690","3.578125","3.609375","4.15625","3.71875","3.734375","4.171875","4.206349","4.5","4","4.171875"
"VERTACNIK,PETER JOHN","6691","4.133333","4.2","4.133333","4.3","4.633333","4.766667","4.766667","4.8","4.733333","4.7"
"VESCIO,VICKI A","6692","4.636364","4.545455","4.363636","4.602273","4.556818","4.420455","4.704545","4.727273","4.659091","4.863636"
"VETERE-EARLEY,TIMOTHY MATTHEW","6693","4.764706","4.705882","4.689076","4.697479","4.848739","4.840336","4.882353","4.87395","4.848739","4.907563"
"VETTORATO,ENZO","6694","4.680191","4.575179","4.668258","4.558473","4.673846","4.647059","4.689231","4.676923","4.68","4.723077"
"VIELLEDENT,MARC C","6695","4.681818","4.590909","4.5","4.545455","4.818182","4.772727","4.863636","4.636364","4.863636","4.863636"
"VIGIO,FLAVIA","6696","4.2","3.96","4.24","4.24","4.12","4","4.44","4.28","4.24","4.64"
"VILA,EMILY","6697","4.65","4.5","4.5","4.5","4.65","4.65","4.7","4.8","4.7","4.8"
"VILAIHONG,AUDREY LYNN","6698","4.297297","4.378378","3.905405","4.27027","4.148649","4.540541","4.391892","4.472973","4.189189","4.256757"
"VILAPLANA GROSSO,FEDERICO RAFAEL","6699","4.520474","4.447198","4.538793","4.481681","4.816448","4.743743","4.871275","4.790226","4.820024","4.910608"
"VILAR SAAVEDRA,PAULO","6700","4.484127","4.380952","4.357143","4.428571","4.395604","4.307692","4.483516","4.274725","4.373626","4.637363"
"VILLA,ANDREA","6701","4.534722","4.416667","4.631944","4.354167","4.545455","4.314685","4.72028","4.587413","4.559441","4.811189"
"VILLALON,LEONARDO ALFONSO","6702","5","5","5","5","5","5","5","5","5","5"
"VILLANUEVA,IDALIS","6703","4.096939","4.107143","3.933673","3.887755","3.871795","3.979381","4.474227","4.321244","4.117949","4.564103"
"VILLANUEVA,LOUISE","6704","4.444444","4.344444","4.455556","4.377778","4.516854","4.617978","4.696629","4.662921","4.505618","4.764045"
"VILLARREAL,JAQUELINE","6705","4.75","4.75","4.25","4.75","5","5","5","5","5","5"
"VILLE,JACOB L","6706","3.692308","3.576923","3.807692","3.961538","4.5","4.346154","4.615385","4.538462","4.692308","4.807692"
"VILLEGAS,ILIANA GUADALUPE","6707","4.096154","3.711538","4.134615","4.038462","4.192308","4.096154","4.607843","4.230769","4.288462","4.519231"
"VINCE,ANDREW","6708","4.093023","4.139535","4","4.209302","3.690476","3.52381","3.833333","4.166667","4","4.285714"
"VINCENT,CHRISTOPHER ISAAC","6709","4.542857","4.4","3.971429","4.657143","4.228571","4.428571","4.457143","4.6","4.371429","4.514286"
"VINCENT,HEATHER K","6710","","","","","","","","","",""
"VINCENT,MICHAEL F","6711","4.125","4.166667","3.916667","4.125","4.333333","4.25","4.416667","4.416667","4.416667","4.333333"
"VINER,TABITHA COPLEY","6712","4","3.615385","3.153846","4.153846","2.615385","3.230769","3.230769","3.461538","3.076923","4.538462"
"VINES,ERIN JESSICA","6713","4.657143","4.628571","4.8","4.542857","4.971429","4.914286","4.971429","4.914286","4.914286","5"
"VINING,AUSTIN C","6714","4.457031","4.402344","4.015625","4.523438","4.464844","4.507812","4.59375","4.691406","4.625","4.625"
"VINOLA LOPEZ,LAZARO WILLIAN","6715","3.555556","3.444444","3.2","3.744444","3.122449","3.714286","3.591837","3.693878","3.44898","3.673469"
"VINSON,AUGUSTINE","6716","4.358586","4.222222","3.89899","4.363636","4.31383","4.338624","4.470899","4.396825","4.475676","4.444444"
"VINSON,AVERY M","6717","4.466667","4.466667","4.266667","4.2","4.7","4.833333","4.666667","4.8","4.766667","4.633333"
"VINTON,MATTHEW RUSSELL","6718","4.253731","4.358209","4.104478","4.238806","4.476923","4.415385","4.523077","4.569231","4.569231","4.584615"
"VIRGÜEZ,LILY","6719","4.036939","4.10642","3.450308","4.141601","3.778855","4.020282","4.233686","4.34127","3.997357","4.294273"
"VITALE,VINCENT THOMAS","6720","4.425806","4.380645","3.935484","4.406452","4.298387","4.467742","4.387097","4.354839","4.379032","4.379032"
"VITO,VALENTINO","6721","3.844037","3.853211","3.449541","3.779817","3.962617","4.330189","4.252336","4.504673","4.074766","4.35514"
"VOGEL ANDERSON,KATIE","6722","4.601667","4.548333","4.59","4.538333","4.796327","4.797997","4.824708","4.819699","4.796327","4.873122"
"VOGEL,ANDREW ARTHUR","6723","3.987654","3.888889","3.160494","4.12963","3.512346","3.722222","4.030864","4.12963","3.907407","4.012346"
"VOGEL,JASON","6724","4.544304","4.518987","4.607595","4.493671","4.708861","4.721519","4.833333","4.653846","4.632911","4.848101"
"VOGEL,MEREDITH","6725","3.914286","4.028571","3.228571","3.971429","4.657143","4.8","4.657143","4.685714","4.657143","4.6"
"VOGEL,W. BRUCE","6726","4.142857","4.285714","4.142857","4.285714","3.857143","3.714286","4.142857","4.142857","4.285714","4.142857"
"VOGL,JAMES J","6727","4.032755","4.007707","3.608863","4.132948","4.0375","3.9875","4.13125","4.3","4.177083","4.235417"
"VOINICIUC,CATALIN","6728","4.631579","4.526316","4.657895","4.552632","4.710526","4.789474","4.763158","4.710526","4.710526","4.815789"
"VOLK,MICHAEL IVES","6729","4.466667","4.433333","4.366667","4.4","4.733333","4.566667","4.9","4.8","4.766667","4.866667"
"VOLLMER,BEN TIMOTHY","6730","4.564516","4.508065","4.540323","4.475806","4.879032","4.879032","4.983871","4.919355","4.943548","4.927419"
"VOLLMER,TIMOTHY RAYMOND","6731","4.333333","4.292237","4.278539","4.401826","4.356164","4.426606","4.639269","4.623853","4.561644","4.680365"
"VON CHAMIER,MARIA M","6732","4.471698","4.396226","4.433962","4.433962","4.163265","4.285714","4.265306","4.326531","4.306122","4.346939"
"VON FRICKEN,MICHAEL EMERY","6733","4.282353","4.352941","4.047059","4.258824","4.211765","4.423529","4.517647","4.505882","4.282353","4.623529"
"VON MEDING,JASON KYLE","6734","4.163636","4.127273","4.136364","4.147727","4.228111","4.261574","4.456221","4.524138","4.422989","4.537931"
"VORBURGER,TAYLOR B","6735","4.71875","4.671875","4.625","4.5625","4.828125","4.765625","4.859375","4.671875","4.828125","4.828125"
"VOSS,KATHLEEN GEARY","6736","4.179487","4.179487","4.461538","4.205128","4.410256","4.717949","4.538462","4.692308","4.538462","4.820513"
"VOY,MCCALL","6737","4.204082","4.22449","4.387755","4.163265","4.340426","4.510638","4.574468","4.574468","4.340426","4.617021"
"VOZAR,THOMAS MATTHEW","6738","4.4","4.233333","4.633333","4.3","4.5","4.5","4.733333","4.7","4.6","4.9"
"VOZMEDIANO ESTEBAN,VALVANERA","6739","4.71875","4.59375","4.59375","4.65625","4.59375","4.46875","4.65625","4.59375","4.53125","4.65625"
"VRANA,HEATHER A","6740","4.709677","4.66129","4.758065","4.645161","4.819672","4.754098","4.885246","4.770492","4.819672","4.918033"
"VULPE,CHRISTOPHER","6741","3.427885","3.552885","3.778846","3.509615","3.834146","3.936275","4.414634","4.082927","3.843902","4.570732"
"VYAS,DIWAKAR","6742","4.671233","4.60274","4.671233","4.616438","4.708333","4.666667","4.819444","4.805556","4.666667","4.902778"
"VYAS,RUTVI","6743","4.526316","4.526316","4.526316","4.526316","4.5","4.5","4.5","4.5","4.5","4.5"
"WACASEY,KAY ELIZABETH","6744","4.035714","3.857143","3.5","4.178571","4.08","4.36","4.32","4.36","4.32","4.4"
"WADA,RISA","6745","4.80198","4.618812","4.851485","4.683168","4.850746","4.871287","4.920792","4.920792","4.876238","4.89604"
"WADDELL,FRANK","6746","4.484375","4.484375","4.28125","4.515625","4.515625","4.5","4.5","4.703125","4.609375","4.578125"
"WADE,MEISHA S","6747","4.214286","3.857143","3.357143","4.178571","3.5","3.714286","4.111111","4.285714","4.071429","3.964286"
"WAGMAN,ROBERT SERGIUS","6748","4.54185","4.281938","4.057269","4.480176","4.674009","4.464286","4.731278","4.682819","4.656388","4.806167"
"WAGNER,CELESTE","6749","4.424242","4.434343","4.545455","4.363636","4.767677","4.808081","4.858586","4.878788","4.828283","4.828283"
"WAGNER,HUBERT","6750","4.726708","4.701863","4.670807","4.708075","4.658385","4.484472","4.726708","4.807453","4.391304","4.900621"
"WAGNER,JASON","6751","4.3125","4.4375","4.6875","4.625","4.75","4.6875","4.75","4.75","4.75","4.875"
"WAGNER,KELLY","6752","4.365854","4.292683","3.95122","4.170732","4.04878","3.97561","4.390244","4.390244","4.487805","4.634146"
"WAISOME,JEREMY A. MAGRUDER","6753","4.307692","4.321678","4.244755","4.27972","4.41958","4.286713","4.678322","4.643357","4.573427","4.699301"
"WAITE,MICHAEL ERIC","6754","4.384615","4.331361","3.769231","4.420118","4.393939","4.606061","4.721212","4.672727","4.515152","4.806061"
"WALDEN,HEATHER D S","6755","4.586387","4.481675","4.418848","4.534031","4.696629","4.642045","4.735955","4.700565","4.670391","4.797753"
"WALDRON,NANCY L","6756","4.055556","4.333333","4.333333","4.388889","4.733333","4.466667","4.733333","4.4","4.6","4.733333"
"WALKER-JACKSON,DONI RENEE","6757","4.117871","4.007605","4.015209","3.961977","4.054264","4.085603","4.244186","4.23166","4.125","4.220077"
"WALKER,ASHBY F","6758","4.666667","4.6","4.577778","4.622222","4.8","4.755556","4.888889","4.911111","4.844444","4.933333"
"WALKER,BRIDGET","6759","4.5","4.478261","4.456522","4.5","4.615385","4.576923","4.576923","4.769231","4.692308","4.769231"
"WALKER,JASON GORDY","6760","3.75","3.7","3.4","3.7","3.55","4.15","4.25","4.5","4.15","4.05"
"WALKER,JUSTIN","6761","4.888889","4.777778","5","4.555556","5","4.444444","5","4.555556","5","5"
"WALKER,LEO","6762","3.75","3.791667","3.208333","3.958333","3.391304","3.913043","3.782609","4.043478","3.782609","3.913043"
"WALKER,MATTHEW L","6763","4.714286","4.428571","4.857143","5","5","4.857143","5","5","5","5"
"WALKER,ROBERT T","6764","5","5","5","5","4.75","4.5","5","4.75","4.5","4.5"
"WALKER,RYAN","6765","4.62069","4.551724","4.137931","4.448276","4.206897","4.448276","4.551724","4.655172","4.241379","4.62069"
"WALL,DONALD","6766","4.229358","4.165138","4.119266","4.137615","4.224299","4.009346","4.411215","3.944444","4.268519","4.62037"
"WALL,NATHALIE A","6767","4.54902","4.588235","4.509804","4.431373","4.568627","4.627451","4.647059","4.54902","4.372549","4.627451"
"WALLACE,BILL","6768","4.56","4.36","3.32","4.4","4.56","4.76","4.52","4.68","4.8","4.72"
"WALLACE,MARGARET ""PEGGY""","6769","4.246575","4.191781","4.328767","4.273973","4.633803","4.642857","4.619718","4.591549","4.605634","4.704225"
"WALLET,SHANNON MARGARET","6770","4.617647","4.647059","4.661765","4.617647","4.764706","4.779412","4.823529","4.794118","4.764706","4.867647"
"WALLIS,NEILL JANSEN","6771","4.35","4.35","4.45","4.425","4.825","4.8","4.825","4.8","4.9","4.85"
"WALLSINGER,GRACE ELLEN","6772","4.615385","4.589744","4.333333","4.538462","4.387097","4.46875","4.516129","4.5","4.322581","4.5"
"WALSER,MATTHEW PAUL","6773","4.588235","4.352941","4.333333","4.352941","4.490196","4.156863","4.588235","4.254902","4.411765","4.862745"
"WALSH-CHILDERS,KIM B","6774","4.134615","4.134615","4.211538","4.269231","4.333333","4.058824","4.333333","4.372549","4.392157","4.666667"
"WALSH,ALISON MARIE","6775","4.537736","4.415094","4.471698","4.509434","4.215686","4.466019","4.533981","4.627451","4.495146","4.621359"
"WALSH,JENNIFER ANN","6776","4.226415","4.169811","4.150943","4.169811","4.132075","4.471698","4.301887","4.45283","4.226415","4.490566"
"WALSH,MICHAEL T","6777","4.357143","4.133929","4.357143","4.321429","4.531532","4.414414","4.540541","4.432432","4.495495","4.63964"
"WALSH,RACHEL LAUREN","6778","4.454545","4.5","4.227273","4.545455","4.409091","4.636364","4.681818","4.772727","4.636364","4.772727"
"WALTER,BRITTANY S","6779","4.5","4.38","4.11","4.51","4.46","4.56","4.69","4.6","4.57","4.7"
"WALTER,GLENN","6780","4.48","4.48","4.48","4.32","4.590909","4.545455","4.727273","4.636364","4.636364","4.818182"
"WALTERS,BRADLEY","6781","4.644628","4.61157","4.528926","4.644628","4.826446","4.68595","4.834711","4.694215","4.752066","4.909091"
"WALTERS,DARBY","6782","4.525974","4.545455","4.626623","4.373377","4.642857","4.38961","4.795455","4.691558","4.62013","4.840909"
"WALTERS,MITCHELL J","6783","4.340909","4.318182","4.261364","4.25","4.556962","4.594937","4.708861","4.683544","4.620253","4.759494"
"WALTERS,RUSSELL C","6784","4.221477","4.201342","4.255034","4.228188","4.395973","4.45302","4.506711","4.489933","4.302013","4.64094"
"WALTHER,OLIVIER JEAN","6785","4.126582","4.189873","4.025316","3.873418","4.303797","4.56962","4.417722","4.658228","4.291139","4.835443"
"WALTON,DARCI ELLEN","6786","4.608696","4.652174","4.73913","4.521739","4.73913","4.869565","4.826087","4.913043","4.826087","4.73913"
"WALTON,LENONAR E","6787","3.6","3.8","3.8","3.8","3.6","3.4","2.8","3.4","3.6","3.8"
"WALTON,STUART ANDREW","6788","4.560865","4.494881","4.460751","4.514221","4.597201","4.55296","4.645412","4.61215","4.562986","4.70451"
"WALTZ,JOSHUA","6789","4","3.764706","3.741176","3.952941","3.905405","3.84","4.337838","4.146667","4.22973","4.243243"
"WALZ,EMILY","6790","4.433333","4.333333","4.15","4.366667","4.438596","4.508772","4.631579","4.649123","4.508772","4.578947"
"WALZER,MAX","6791","4.206186","4.185567","3.56701","4.268041","3.969072","4.350515","4.371134","4.494845","4.226804","4.237113"
"WANG,ALBERTUS SUNLIANG-LIU","6792","4.516129","4.483871","4.612903","4.387097","4.821429","4.857143","4.785714","4.857143","4.821429","4.821429"
"WANG,BAOLIAN","6793","4.205128","4.217949","4.397436","4.294872","4.141026","4.141026","4.435897","4.525641","4.166667","4.730769"
"WANG,BOWEN","6794","4.407407","4.333333","4.148148","4.481481","4.259259","4.444444","4.444444","4.62963","4.37037","4.481481"
"WANG,CHAOFENG","6795","3.615385","3.74359","3.679487","3.807692","3.564103","3.961538","3.833333","4.102564","3.551282","4.025641"
"WANG,CHUAN","6796","4.8","4.9","4.9","4.8","5","5","5","5","5","5"
"WANG,CHUNMEI","6797","4.224719","4.325843","4.179775","4.359551","4.067416","4.235955","4.393258","4.477273","4.089888","4.404494"
"WANG,DANXIN","6798","4.178571","4.160714","3.910714","4.267857","4.163636","4.4","4.363636","4.454545","4.236364","4.4"
"WANG,DAZHI","6799","3.884058","3.971014","3.217391","4.014493","3.173913","3.478261","3.57971","3.884058","3.391304","3.536232"
"WANG,DENGJUN","6800","4.916667","4.833333","4.75","4.833333","5","5","4.916667","5","4.916667","5"
"WANG,DIXI","6801","4.096774","4.208211","3.580645","4.27566","3.755245","3.838028","3.900709","4.014085","3.822695","3.964539"
"WANG,ERIC","6802","3.982143","3.928571","4.107143","3.982143","4.358491","4.339623","4.396226","4.283019","4.415094","4.433962"
"WANG,FEIHONG","6803","4.3386","4.217457","3.831452","4.346877","4.223352","4.479411","4.622549","4.624434","4.415222","4.687641"
"WANG,FENQI","6804","3.911765","4.029412","3.455882","4.132353","3.657895","3.921053","3.894737","4.131579","3.868421","3.947368"
"WANG,FLORA","6805","4.1","3.9","4.5","4","4.8","4.7","4.8","4.8","4.8","4.8"
"WANG,GE","6806","4","4.16","4.04","4.04","3.8","4.05","4","3.95","4.1","3.7"
"WANG,HAIQIAO","6807","4.428571","4.428571","4.714286","4.571429","4.142857","4.142857","4.571429","4.285714","3.714286","4.571429"
"WANG,HONGSHENG","6808","3.741935","3.806452","2.774194","4.096774","3.2","3.466667","3.866667","4.166667","3.466667","3.8"
"WANG,HONGWU","6809","4.145455","4.254545","4.3","4.072727","4.345455","4.431193","4.522936","4.409091","4.163636","4.781818"
"WANG,JIANPING","6810","4.178344","4.038217","4.101911","4.178344","4.063694","4.254777","4.477707","4.509554","3.917197","4.611465"
"WANG,JINPENG","6811","4.205674","4.205674","3.453901","4.120567","3.883929","4.166667","4.045045","4.151786","3.944954","3.981982"
"WANG,JINPING","6812","4.305085","4.372881","4.474576","4.355932","4.423729","4.627119","4.644068","4.711864","4.423729","4.59322"
"WANG,LIXIA","6813","4.248619","4.331492","3.98895","4.270718","4.220994","4.486188","4.519337","4.629834","4.226519","4.60221"
"WANG,LUWEI","6814","3.851852","3.851852","3.925926","3.740741","4.074074","4.185185","4.296296","4.37037","4.037037","4.592593"
"WANG,MO","6815","4.636364","4.636364","4.818182","4.454545","4.727273","4.727273","5","4.909091","4.818182","4.818182"
"WANG,NIAN","6816","4","3.925373","4.074627","4.164179","4.257576","4.19697","4.484848","4.348485","4.227273","4.69697"
"WANG,PHILIP","6817","4.131004","4.174672","4.20524","4.144105","4.004386","4.197368","4.343612","4.444934","3.947368","4.546256"
"WANG,QILI","6818","4.474576","4.508475","4.355932","4.508475","4.423729","4.542373","4.661017","4.677966","4.457627","4.576271"
"WANG,RICHARD G","6819","4.682692","4.336538","4.586538","4.490385","4.634615","4.509615","4.728155","4.701923","4.605769","4.846154"
"WANG,RUIXUAN","6820","3.25","3.321429","3.464286","3.464286","3.75","4.464286","4.428571","4.535714","4.214286","4.285714"
"WANG,SABRINA","6821","4","4.032258","4.16129","3.967742","3.233333","3.366667","3.333333","3.6","3.133333","3.666667"
"WANG,SHENHAO","6822","4.46875","4.4375","4.40625","4.4375","4.71875","4.65625","4.71875","4.6875","4.71875","4.8125"
"WANG,SHUO","6823","4.355263","4.350877","4.135965","4.364035","4.197115","4.241546","4.304348","4.2657","4.182692","4.386473"
"WANG,TIANYI","6824","4.443038","4.265823","4.063291","4.278481","3.605263","3.828947","4.078947","4.131579","3.763158","4.078947"
"WANG,WANYUE","6825","4.157895","4.105263","4.473684","3.947368","4.736842","4.894737","4.842105","4.789474","4.842105","4.684211"
"WANG,XIAOMAN","6826","4.348315","4.280899","4.337079","4.303371","4.651685","4.730337","4.764045","4.696629","4.539326","4.752809"
"WANG,XIN","6827","3.929878","3.948171","3.378049","3.85061","3.871166","3.733129","4.09816","4.184049","3.95092","4.199387"
"WANG,XU (KEVIN)","6828","4.805556","4.694444","4.638889","4.722222","4.861111","4.833333","4.861111","4.861111","4.805556","4.916667"
"WANG,YAN","6829","4.474359","4.435897","4.294872","4.397436","4.25641","4.397436","4.435897","4.576923","4.320513","4.512821"
"WANG,YAO-CHIN","6830","4.456311","4.378641","4.475728","4.378641","4.509804","4.666667","4.77451","4.813725","4.539216","4.911765"
"WANG,YING","6831","4.428571","4.357143","4.392857","4.392857","4.5","4.392857","4.571429","4.571429","4.464286","4.571429"
"WANG,YU","6832","4.190789","4.25","3.927632","4.302632","4.032895","3.960265","4.296053","4.410596","4.125","4.407895"
"WANG,YUANXIN","6833","4.57377","4.540984","4.590164","4.442623","4.75","4.7","4.8","4.833333","4.666667","4.95"
"WANG,YUXUAN","6834","4.25","4.2","4","4.05","4.225","3.95","4.45","4.3","4.375","4.525"
"WANG,ZHE","6835","4.216783","4.230769","3.853147","4.118881","4.021127","4.107143","4.244755","4.340426","4.105634","4.398601"
"WANG,ZHENG","6836","4.5","4.333333","4.454545","4.348485","4.363636","4.5","4.530303","4.651515","4.181818","4.69697"
"WANG,ZHIYUAN","6837","4.427586","4.358621","4.337931","4.475862","4.551724","4.710345","4.710345","4.786207","4.524138","4.82069"
"WANG,ZHUOLUN","6838","3.925926","4.037037","4.222222","4","4.62963","4.703704","4.740741","4.703704","4.666667","4.666667"
"WARD,MEGAN","6839","3.734375","3.921875","3.453125","3.9375","3.909091","4.090909","4","4","4","4"
"WARD,PATRICK S","6840","4.347639","4.381974","4.150215","4.309013","4.512931","4.646552","4.543103","4.718615","4.405172","4.703863"
"WARFIELD,MYRANDA","6841","4.365854","4.227642","3.804878","4.398374","4.04918","4.188525","4.418033","4.508197","4.393443","4.442623"
"WARM,KELLY J","6842","4.166667","4.083333","3.5","4.166667","2.833333","3.083333","3.666667","3.083333","3.416667","3.583333"
"WARM,ROCHELLE ROBINSON","6843","4.711538","4.692308","4.576923","4.673077","4.826923","4.923077","4.923077","4.942308","4.846154","4.961538"
"WARMKE,BRANDON D","6844","4.846154","4.692308","4.923077","4.384615","4.923077","4.692308","5","4.615385","4.923077","5"
"WARNER,RACHEL C","6845","4.703704","4.518519","4.740741","4.296296","4.555556","4.888889","4.962963","4.925926","4.703704","4.962963"
"WARPINSKI,CHLOE LARUE","6846","4.145833","4.020833","3.541667","4.208333","3.625","3.645833","4.083333","4.0625","3.916667","4.166667"
"WARREN,BRANDON","6847","4.347826","4.130435","4.086957","4.043478","4.583333","3.909091","4.5","4.272727","4.5","4.5"
"WARREN,LORI K","6848","4.095571","4.079254","4.347319","4.088578","4.388235","4.336471","4.494118","4.390588","4.505882","4.602353"
"WARRICK JR,LEE A","6849","4.054054","4.189189","3.594595","4.081081","4.027027","4.054054","4.108108","4.189189","3.837838","4.405405"
"WASHBURN,SCOTT STUART","6850","3.816327","4.020408","3.673469","4.142857","4.466667","4.433333","4.366667","4.533333","4.448276","4.4"
"WASHINGTON,ELIZABETH ANNE","6851","4.675676","4.608108","4.540541","4.689189","4.567568","4.756757","4.824324","4.77027","4.716216","4.810811"
"WASHINGTON,LANE R","6852","3.9","3.8","3.8","4","4.3","4.6","4.5","4.2","4.4","4.5"
"WASSERFALL,CLIVE H","6853","4.555556","4.583333","4.388889","4.472222","4.25","4.194444","4.472222","4.444444","4.277778","4.444444"
"WATANAVE,ALDO IVAN","6854","4.009615","4.028846","4.076923","4.009615","3.806818","4.177778","4.157303","4.235955","4.05814","4.204545"
"WATERS,KENDALL","6855","4","4.070175","4.491228","4.070175","4.280702","4.45614","4.666667","4.631579","4.333333","4.596491"
"WATKINS JR,JOHN (JAY) M","6856","4.355204","4.282805","4.332579","4.368778","4.251701","4.206818","4.14966","4.238095","4.278912","4.528345"
"WATSON,ELIZABETH","6857","4.093023","4.046512","3.302326","4.162791","3.769231","4.128205","4.307692","4.333333","4.051282","4.358974"
"WATSON,JACOB TOY","6858","4.284314","4.27451","4.029412","4.294118","4.156863","4.411765","4.54902","4.54902","4.490196","4.54902"
"WATSON,JONATHAN A","6859","4.515789","4.421053","4.326316","4.421053","4.778947","4.768421","4.768421","4.810526","4.757895","4.789474"
"WATSON,JUSTIN K","6860","4.534091","4.534091","4.556818","4.545455","4.670455","4.659091","4.75","4.863636","4.579545","4.784091"
"WATSON,MARIA KATHERINE","6861","4.330798","4.235741","4.30038","4.296578","4.631179","4.536122","4.737643","4.688213","4.745247","4.851711"
"WATT,MARY A","6862","4.736842","4.684211","4.736842","4.684211","4.789474","4.736842","4.736842","4.736842","4.736842","4.789474"
"WATTS II,ELGIN D","6863","4.333333","4.333333","4.333333","4.333333","5","4.666667","5","5","5","5"
"WATTS,EMILY G","6864","4.321429","4.258929","3.991071","4.401786","4.395604","4.434783","4.461538","4.505495","4.472527","4.516484"
"WATTS,JENS","6865","4.321429","4.314286","4.642857","4.221429","4.343066","4.671533","4.656934","4.678832","4.591241","4.649635"
"WATTS,JOSEPH V","6866","3.833333","3.833333","3.589744","3.871795","3.753247","3.909091","4.078947","4.039474","4","4.428571"
"WAUGH,CHRISTIAN WOOD","6867","5","4.857143","5","4.571429","5","5","5","5","5","5"
"WAX,SAMI","6868","4.826087","4.73913","4.869565","4.652174","4.913043","4.869565","4.956522","4.956522","4.73913","5"
"WAXENBERG,LORI B","6869","4.086957","4.130435","4.391304","4.043478","4.478261","4","4.217391","4.173913","4.391304","4.695652"
"WAYBRIGHT,DAVID ALLEN","6870","4.348837","4.44186","4.372093","4.488372","4.348837","4.372093","4.116279","4.162791","4.44186","4.511628"
"WAYLAND,RATREE","6871","4.643678","4.643678","4.494253","4.494253","4.712644","4.574713","4.793103","4.724138","4.632184","4.885057"
"WAYNE,MARTA L","6872","3","4","4","4","4","4","5","5","5","5"
"WEATHERFORD,SHAWN","6873","3.793154","3.927895","3.656227","3.894392","4.139793","4.152077","4.547337","4.476331","4.334072","4.779749"
"WEAVER,CONSTANCE A","6874","4.5","4.392857","4.375","4.285714","4.678571","4.607143","4.785714","4.660714","4.767857","4.821429"
"WEAVER,JASON F","6875","4.088889","4.077778","4.044444","4.122222","4.288889","4.123596","4.366667","4.622222","4.211111","4.633333"
"WEAVER,MICHAEL","6876","4.611111","4.611111","4.666667","4.611111","4.888889","4.888889","4.888889","4.888889","4.888889","4.888889"
"WEBB,MONICA CECILIA","6877","4.283333","4.3","4.05","4.3","4.35","4.333333","4.5","4.483333","4.433333","4.666667"
"WEBB/HILL,JESSICA F","6878","3.766277","3.790206","3.651085","3.823595","3.377907","3.522463","3.653146","3.673029","3.600833","3.715232"
"WEBBER,ALEXANDER R","6879","3.613636","3.681818","3.386364","3.363636","3.909091","3.863636","4.25","4.409091","3.909091","4.272727"
"WEBSTER,GREGORY DANIEL","6880","4.615385","4.557692","4.461538","4.634615","4.807692","4.807692","4.865385","4.961538","4.884615","4.942308"
"WEBSTER,PETER","6881","4.52","4.48","4.24","4.4","4.6","4.8","4.76","4.64","4.6","4.96"
"WEED SR,JAMES DAVID","6882","4.142857","4.090909","3.987013","4.103896","4.131579","4.131579","4.328947","4.328947","4.052632","4.223684"
"WEED,SUZANNE S","6883","4.565068","4.465753","4.476027","4.482877","4.735915","4.788732","4.795775","4.785211","4.728873","4.799296"
"WEEKES,JALISSA DIAZ","6884","4.176923","4.261538","4.138462","4.261538","4.127273","4.234234","4.245455","4.227273","4.209091","4.209091"
"WEEKS,JENNIFER","6885","4.403471","4.266811","3.813449","4.440347","4.468547","4.370933","4.590022","4.524946","4.650759","4.652928"
"WEEKS,MEG","6886","4.547619","4.404762","4.678571","4.452381","4.77381","4.785714","4.738095","4.761905","4.785714","4.880952"
"WEERATHUNGA,WEERATHUNGA ARACHCHIGE MANASEE THISARAMALEE","6887","3.72","3.64","3.52","3.696","3.77551","3.653061","3.94898","3.845361","3.897959","3.969388"
"WEGNER,CHRISTINE ELAINE","6888","4.173423","4.137387","3.927928","4.227477","4.15","4.29385","4.390023","4.462585","4.356818","4.453515"
"WEGNER,PHILLIP E","6889","4.666667","4.636364","4.636364","4.560606","4.787879","4.575758","4.818182","4.848485","4.5","4.969697"
"WEHLE,ANDREW J","6890","4.543353","4.450867","4.50289","4.508671","4.668605","4.517442","4.668605","4.593023","4.674419","4.831395"
"WEHMEYER,ANN","6891","4.010309","4.123711","3.701031","4.175258","4.226804","4.309278","4.216495","4.525773","4.226804","4.309278"
"WEHRENBERG,ALEX","6892","3.666667","3.333333","4.25","3.916667","4.333333","4.083333","4.416667","4.666667","4.583333","4.833333"
"WEI-LAPIERRE,LAN","6893","4.477273","4.363636","4.590909","4.386364","4.790698","4.744186","4.75","4.767442","4.545455","4.772727"
"WEI,WEI DAVID","6894","3.837209","3.953488","4.139535","4.302326","3.55814","3.809524","3.953488","4.418605","3.418605","4.697674"
"WEI,XIAOFAN SOPHIE","6895","4.5","4.4","4.5","4.4","4.6","4.4","4.6","4.6","4.6","4.7"
"WEIDIG,NOAH","6896","5","5","5","4.5","5","5","5","5","5","5"
"WEIGOLD,MICHAEL","6897","3.403766","3.405858","3.079498","3.73431","3.617336","3.581741","3.813953","3.896406","3.978858","4.317125"
"WEIMORTS,JUSTIN LEE","6898","4.8","4.8","4.4","4.6","4.4","4.8","4.6","5","4.4","4.4"
"WEINGART,NICOLE","6899","4.128205","4.051282","3.717949","4.205128","3.897436","4.128205","4.333333","4.384615","4.128205","4.333333"
"WEINTRAUB,CAYLEE","6900","4.458333","4.458333","4.6875","4.458333","4.833333","4.895833","4.979167","4.916667","4.854167","4.9375"
"WEISBERG,LAUREN RACHEL","6901","4.655172","4.551724","4.241379","4.62069","4.62069","4.758621","4.586207","4.655172","4.62069","4.862069"
"WEISBERG,STEVEN M","6902","4.544304","4.405063","4.481013","4.316456","4.691176","4.686567","4.852941","4.835821","4.573529","4.926471"
"WEISBROD,TATIANA","6903","4.325","4.3","3.975","4.275","4.310345","4.148148","4.448276","4.37037","4.517241","4.482759"
"WEISER,JAIME ANN","6904","4.387097","4.032258","4.483871","4.290323","4.483871","4.645161","4.709677","4.709677","4.612903","4.741935"
"WEISGAL,JAKOB ANTHONY","6905","4.388889","4.222222","4.555556","4.333333","4.888889","5","5","4.944444","4.944444","5"
"WEISS,GREGORY SCOTT","6906","4.909091","4.818182","4.909091","4.727273","5","5","5","5","5","5"
"WEISS,MICHAEL D","6907","","","","","","","","","",""
"WEITZEL,LAYNE","6908","4.25","4.071429","3.928571","4.25","4.178571","4.232143","4.464286","4.446429","4.392857","4.446429"
"WELLEHAN,JIM","6909","4.503145","4.45283","4.509434","4.446541","4.521401","4.498054","4.673152","4.540856","4.509728","4.758755"
"WELLS,CALLAWAY","6910","4.375","4.25","4.375","4.25","4.6875","4.6875","4.6875","4.6875","4.625","4.6875"
"WELLS,HOUSTON A","6911","4.730964","4.690355","4.675127","4.720812","4.822335","4.781726","4.93401","4.857868","4.878173","4.949239"
"WELLS,JAMIN","6912","4.8","4.8","4.8","4.8","5","5","5","5","4.8","5"
"WELLS,RANDALL STEWART","6913","4","4","4","4.5","4.5","4.5","4.5","4.5","4.5","4.5"
"WELT,BRUCE ARI","6914","4.348485","4.212121","4.393939","4.227273","4.378788","4.151515","4.439394","4.5","4.257576","4.727273"
"WELTMAN-ARON,BRIGITTE","6915","4.472362","4.311558","4.60804","4.407035","4.616438","4.684932","4.684932","4.684932","4.575342","4.726027"
"WELTON,ANDREW J","6916","4.228346","4.165354","3.913386","4.291339","4.048","3.688","4.32","4.008","4.370968","4.467742"
"WEN,YIXIN","6917","4.396552","4.344828","4.551724","4.362069","4.637931","4.551724","4.793103","4.724138","4.672414","4.844828"
"WENDE,MARILYN E","6918","4.714286","4.678571","4.607143","4.5","4.642857","4.714286","4.857143","4.714286","4.821429","4.892857"
"WENDLING,ELODIE","6919","4.214286","4.190476","3.571429","4.309524","3.857143","4.261905","4.268293","4.404762","4.071429","4.142857"
"WENDRICK,NICHOLAS A","6920","4.47619","4.428571","4.619048","4.333333","4.238095","4.3","4.428571","4.47619","4","4.47619"
"WESSON,DAN","6921","4.467391","4.423913","4.467391","4.380435","4.395349","4.341176","4.511628","4.423529","4.523256","4.616279"
"WEST,DEANA","6922","4.625","4.625","4.625","4.625","5","5","5","5","4.875","5"
"WEST,RACHEL LOUISE","6923","4.633333","4.5","4.6","4.766667","4.733333","4.766667","4.966667","4.8","4.8","4.933333"
"WEST,RASHEEDA T","6924","4.606061","4.575758","4.454545","4.575758","4.553846","4.738462","4.692308","4.723077","4.630769","4.723077"
"WEST,ROSA M","6925","4","4","3.6","4.2","4.2","3.8","4.4","4.4","4.2","4.2"
"WESTEN,SARAH CATHLEEN","6926","4.759494","4.683544","4.746835","4.683544","4.873418","4.734177","4.936709","4.911392","4.898734","4.936709"
"WESTERFIELD,ALLISON H","6927","4.558824","4.529412","4.264706","4.411765","4.176471","4","4.647059","4.352941","4.470588","4.764706"
"WESTGATE,ERIN","6928","4.619205","4.433775","4.317881","4.476821","4.649007","4.304636","4.834437","4.635762","4.725166","4.910596"
"WESTHEIMER,SCOTT","6929","4.904762","4.904762","4.904762","4.857143","4.904762","4.7","4.904762","4.857143","4.809524","4.904762"
"WESTMORELAND,DREW ANNE","6930","3.962963","3.925926","4.222222","3.851852","4.148148","4.259259","4.555556","4.407407","3.925926","4.62963"
"WETZEL,JAMES WILLIAM","6931","4.228814","4.241525","4.033898","4.309322","4.194915","4.152542","4.372881","4.394068","4.319149","4.529661"
"WHALEN,KAREN","6932","4.733333","4.67619","4.733333","4.695238","4.932692","4.884615","4.932692","4.932692","4.923077","4.932692"
"WHANG,JANICE BUYONG","6933","4.777778","4.777778","4.666667","4.666667","4.888889","5","5","5","4.777778","4.888889"
"WHEAT,GILLIAN","6934","4.470588","4.411765","4.323529","4.558824","4.529412","4.323529","4.558824","4.588235","4.676471","4.617647"
"WHEELER,DEREK","6935","4.618421","4.539474","4.592105","4.447368","4.644737","4.276316","4.723684","4.5","4.552632","4.842105"
"WHEELER,JERRON R","6936","4.555556","4.481481","4.703704","4.555556","4.62963","4.592593","4.666667","4.555556","4.592593","4.740741"
"WHEELER,JESSICA MARJORIE JONES","6937","5","4.875","4.75","5","4.875","5","5","5","5","5"
"WHEELER,STEPHANIE R","6938","4.033251","3.981527","3.722906","4.049261","3.834382","3.918239","3.949686","4.035343","3.928571","3.989562"
"WHILES,MATTHEW R","6939","2.6875","2.5625","2.9375","3.1875","2.8125","2.6875","3.375","2.8125","3.3125","3.9375"
"WHITAKER,BROOKE A","6940","4.630137","4.630137","4.69863","4.60274","4.835616","4.712329","4.876712","4.890411","4.876712","4.917808"
"WHITAKER,VANCE M","6941","4.75","4.625","4.625","4.75","4.875","4.875","4.875","4.875","4.875","4.875"
"WHITE,ASHLEIGH KATHRYN","6942","4.186992","4.136585","3.665041","4.186992","4.099673","4.310966","4.379705","4.428805","4.378069","4.47549"
"WHITE,ELIZABETH A","6943","3.125","2.9375","3.3125","3.5625","4.5625","4.375","4.625","4.5","4.5625","4.6875"
"WHITE,ETHAN P","6944","4.845238","4.77381","4.678571","4.833333","4.927711","4.891566","4.951807","4.927711","4.963855","4.927711"
"WHITE,FRANK","6945","4.489362","4.276596","4.425532","4.446809","4.425532","4.574468","4.574468","4.531915","4.319149","4.553191"
"WHITE,MELISSA MAE","6946","4.01573","4.067416","4.21573","3.970787","4.070295","4.162528","4.31377","4.451247","4.218468","4.620767"
"WHITE,RACHEL","6947","4.225","4.175","4.25","3.95","4.325","4.375","4.6","4.575","4.3","4.75"
"WHITE,RACHEL ELIZABETH","6948","4.354167","4.1875","4.5","4.25","4","4.212766","4.212766","4.297872","4.021277","4.191489"
"WHITE,SHANE","6949","4.791667","4.791667","4.708333","4.833333","4.916667","4.916667","4.916667","4.875","4.875","4.875"
"WHITE,WENDY DOSTIE","6950","4.478261","4.130435","4.347826","4.217391","4.625","4.5625","4.6875","4.5","4.625","4.6875"
"WHITEHOUSE,CRISTINA M","6951","4.471429","4.478571","4.014286","4.471429","4.316547","4.413043","4.647482","4.640288","4.654676","4.607143"
"WHITELY,THERESA","6952","4.463415","4.398374","4.479675","4.382114","4.683333","4.666667","4.775","4.766667","4.775","4.883333"
"WHITHAM,WILLIAM","6953","4.818182","4.818182","4.886364","4.659091","4.977273","4.977273","4.977273","4.977273","4.977273","4.977273"
"WHITMAN,KALISHA","6954","4.440476","4.452381","4.392857","4.357143","4.592593","4.666667","4.790123","4.469136","4.604938","4.864198"
"WHITNER,CHARDAÈ L","6955","4.364407","4.292373","4.381356","4.233051","4.635593","4.59322","4.707627","4.677966","4.610169","4.766949"
"WHITNEY,PREMILA ANGELA","6956","4.2","4.266667","3.933333","4.466667","4.133333","4.4","4.333333","4.466667","4.266667","4.4"
"WHITTEN,ORRIN T","6957","2.266667","2.6","2.4","2.533333","3.857143","3.857143","3.857143","3.857143","3.857143","3.857143"
"WIAFE,ROSALYN DANSOA","6958","4.058824","3.705882","4.470588","4.176471","4.117647","4.058824","4.176471","4.823529","4.058824","4"
"WIBERG,CODY C","6959","4.714286","4.678571","4.535714","4.678571","4.857143","4.857143","4.892857","4.928571","4.857143","4.857143"
"WIDMER,CHARLES G","6960","3.979167","3.875","4.125","3.979167","4.0625","4.042553","4.0625","4.166667","4.083333","4.375"
"WIENS,BRENDA A","6961","4.655172","4.689655","4.655172","4.586207","4.931034","5","5","4.896552","4.965517","4.931034"
"WIENS,GLORIA J","6962","4","4","4","4","4","4","4","5","5","5"
"WIGGINS,BRIANA CHRISTINE","6963","4.4375","4.3125","4.3125","4.4375","4.6875","4.75","4.75","4.8125","4.75","4.5625"
"WIIG,ALAN GRANNIS","6964","4.487179","4.512821","4.128205","4.410256","4.394737","4.526316","4.657895","4.710526","4.578947","4.763158"
"WIJERATHNE,NAMODHI","6965","4.5","4.615385","4.807692","4.5","4.769231","4.730769","4.807692","4.923077","4.653846","4.961538"
"WIJERATHNE,UMESHA DARSHANI","6966","4.33945","4.316514","3.490826","4.385321","3.645349","4.046512","4.069767","4.19186","3.843023","4.168605"
"WIKOWSKY,NATHAN","6967","3","4","5","5","5","5","5","5","5","5"
"WILBER,WENDY LYDIA","6968","4.5","4.5","3.5","4.5","4","4.5","4.5","4.5","4.5","4.5"
"WILD,ROBERT ERIC","6969","4.378788","4.393939","4.106061","4.393939","4.515152","4.439394","4.545455","4.545455","4.636364","4.636364"
"WILDER,ASHLEY VICTORIA","6970","3.928571","4","3.785714","4.083333","4.189189","4.297297","4.351351","4.324324","4.27027","4.27027"
"WILEY,KIMBERLY KAY","6971","4.208333","4.239583","4.041667","4.223958","4.088542","4.057292","4.3125","4.333333","4.25","4.5"
"WILEY,SEAN D","6972","4.8","4.8","4.8","5","4.4","4.4","4.4","4.4","4.6","4.4"
"WILHELMI,RYAN","6973","3.967374","3.936378","3.559543","4.151713","3.892739","4.033058","4.200331","4.365894","4.171901","4.29538"
"WILKEY,JAMIE","6974","4.666667","4.5","4.333333","4.666667","4","3.5","4.833333","4.5","4.666667","4.666667"
"WILKINSON,BENJAMIN E","6975","4.405172","4.344828","4.318966","4.336207","4.504348","4.46087","4.582609","4.626087","4.478261","4.713043"
"WILKINSON,COURTNEY SUSANNE","6976","4.666667","4.166667","4.416667","4.333333","4.75","4.833333","4.916667","4.833333","4.75","4.916667"
"WILLCOCKS,REBECCA J","6977","4.6","4.484848","4.345455","4.569697","4.424242","4.5","4.593939","4.606061","4.387879","4.733333"
"WILLIAMS JR,TRENT DWIGHT","6978","2.833333","3","2.833333","2.333333","2.333333","2","3.5","2.166667","2.833333","3"
"WILLIAMS-FRANKLIN,MORGAN H","6979","4.16129","4.032258","4.548387","4.322581","4.677419","4.677419","4.774194","4.645161","4.774194","4.774194"
"WILLIAMS,AMY J","6980","4.496815","4.433121","4.10828","4.490446","4.477477","4.378378","4.621622","4.747748","4.486486","4.693694"
"WILLIAMS,ANTOINE","6981","4.5","4.566667","4.6","4.4","4.5","4.517241","4.655172","4.633333","4.55","4.655172"
"WILLIAMS,BRENDAN MARSHALL","6982","4.197917","4.322917","3.8125","4.28125","3.866667","4.210526","4.213333","4.328947","3.933333","4.226667"
"WILLIAMS,CARLINA D","6983","3.895833","4.020833","3.854167","4.0625","3.666667","3.75","3.645833","3.8125","3.770833","4.041667"
"WILLIAMS,CHRISTOPHER","6984","4.120419","4.151832","3.680628","4.193717","4.105556","4.183333","4.288889","4.388889","4.244444","4.288889"
"WILLIAMS,CHRISTOPHER ANDREW","6985","4.785714","4.785714","4.857143","4.714286","5","4.785714","5","4.928571","4.928571","5"
"WILLIAMS,CINNAMON","6986","4.72","4.64","4.533333","4.666667","4.6","4.746667","4.786667","4.826667","4.72","4.853333"
"WILLIAMS,JASON L","6987","4.444444","4.203704","4.277778","4.092593","4.277778","4.333333","4.648148","4.537037","4.5","4.722222"
"WILLIAMS,JESSICA JENNINGS","6988","4","4.090909","3","4","3.454545","4.363636","4","4.272727","4.272727","4.454545"
"WILLIAMS,JOSEPH","6989","4.75","4.75","4.75","4.75","4.75","4.75","4.75","4.75","5","4.75"
"WILLIAMS,KIMBERLY","6990","4.484848","4.333333","4.484848","4.333333","4.469697","4.430769","4.590909","4.651515","4.424242","4.772727"
"WILLIAMS,LAKIESHA N.","6991","4.333333","4.245098","4.186275","4.245098","4.329897","4.329897","4.536082","4.443299","4.525773","4.632653"
"WILLIAMS,LAVONIA SHANETTA","6992","4.708333","4.5","4.666667","4.541667","4.428571","4.428571","4.428571","4.428571","4.428571","4.285714"
"WILLIAMS,MEGAN","6993","4.089744","4.089744","3.692308","4.25641","3.970149","4.134328","4.19403","4.41791","4.166667","4.283582"
"WILLIAMS,NAOMI FAYTH","6994","4.208333","4.333333","4.166667","4.083333","4.416667","4.291667","4.625","4.416667","4.375","4.666667"
"WILLIAMS,RACHEL W","6995","4.375291","4.277389","4.393939","4.251748","4.750809","4.71521","4.770227","4.728155","4.79288","4.825243"
"WILLIAMSON,ETHAN J","6996","4.366038","4.354717","4.369811","4.456604","4.646388","4.665399","4.784091","4.775665","4.760456","4.825758"
"WILLIAMSON,JEFFREY G","6997","4.347826","4.086957","4.173913","4.478261","4.304348","3.869565","4.26087","4.130435","4.434783","4.565217"
"WILLIAMSON,LARISSA GRIGORIEVNA","6998","2.913625","3.094891","2.506083","3.248175","2.172457","2.72401","2.675341","3.424318","2.192308","3.260223"
"WILLIS,STEVEN J","6999","4.162791","4.116279","4.449612","4.348837","4.387597","4.27907","4.565891","4.503876","4.232558","4.79845"
"WILLMING,CYNTHIA","7000","4.186047","4.156977","4.127907","4.236434","4.261209","4.389864","4.471735","4.567251","4.436647","4.596491"
"WILLMOTT,KEITH RICHARD","7001","4.666667","4.5","4.75","4.666667","4.916667","4.833333","5","4.833333","4.916667","5"
"WILLOUGHBY,TWYLA R","7002","4.631579","4.210526","4.473684","4.578947","4.842105","4.736842","4.736842","4.631579","4.631579","4.842105"
"WILMOTH,ZACHARY TYLER","7003","4.052632","4.052632","3.789474","3.578947","4.736842","4.894737","4.894737","4.842105","4.736842","4.789474"
"WILSON,ALEXIS","7004","4.535714","4.535714","4.428571","4.535714","4.607143","4.464286","4.714286","4.464286","4.75","4.821429"
"WILSON,BREUNA","7005","3.952381","3.952381","3.857143","3.857143","3.714286","4.095238","4.619048","4.333333","3.714286","4.761905"
"WILSON,CHRIS HOLLISTER","7006","4.65","4.6125","4.4875","4.6125","4.7125","4.7875","4.7875","4.7875","4.775","4.825"
"WILSON,GEORGINA","7007","4.531469","4.405594","4.531469","4.461538","4.711268","4.739437","4.84507","4.765957","4.760563","4.823944"
"WILSON,JOSEPH N","7008","4.498024","4.509881","4.375494","4.509881","4.452381","4.031873","4.630952","4.65873","4.474308","4.841897"
"WILSON,KARINA E","7009","4.272727","4.272727","4.090909","4.090909","4.363636","4.363636","4.454545","4.363636","4.363636","4.363636"
"WILSON,KENDALL PAGE","7010","4.666667","4.636364","4.69697","4.606061","4.727273","4.69697","4.939394","4.757576","4.939394","4.878788"
"WILSON,MELVENA N","7011","3.839024","3.839024","3.331707","4.014634","3.487805","3.604878","3.926829","3.863415","3.77561","3.931707"
"WILSON,PATRICK CHRISTOPHER","7012","4.1875","3.9375","4.3125","4.375","4.125","3.8125","4.25","4.125","4.0625","4.8125"
"WILSON,REBECCA LOUISE","7013","5","5","5","5","4.5","4","4","5","4.5","4.5"
"WILSON,RICHARD ""BRIAN""","7014","3.921569","3.754902","3.617647","3.794118","3.930693","4.247525","4.19802","4.376238","4.080808","4.27"
"WILSON,SANDRA BARBOUR","7015","4.472727","4.272727","4.254545","4.563636","4.622642","4.641509","4.773585","4.641509","4.716981","4.943396"
"WILSON,SCOTT TRIPLETT","7016","4.1841","4.002092","3.656904","4.280335","3.858696","4.034783","4.26087","4.476087","4.2","4.37744"
"WILSON,THERESA A","7017","4.6875","4.4375","4.5","4.375","4.666667","4.666667","4.666667","4.666667","4.666667","4.666667"
"WILSON,WHITNEY ROSE","7018","4.756098","4.463415","4.780488","4.512195","4.853659","4.780488","4.878049","4.853659","4.780488","4.878049"
"WILTSHIRE,CAROLINE","7019","4.353383","4.330827","4.082707","4.353383","4.338346","4.383459","4.353383","4.62406","4.383459","4.421053"
"WINCHESTER,DAVID E","7020","4.631579","4.473684","4.684211","4.631579","4.947368","4.842105","4.947368","4.842105","4.894737","4.894737"
"WINCKO,RAYMOND MICHAEL","7021","5","5","5","4.4","4.8","3.8","4.2","4.2","4","4.6"
"WINDELS,DANIEL M","7022","4.6825","4.6225","4.5775","4.5975","4.864662","4.822055","4.914787","4.882206","4.877193","4.944862"
"WINDELS,KASEY FARRIS","7023","4.57277","4.431925","4.370892","4.455399","4.638498","4.535211","4.784038","4.746479","4.765258","4.873239"
"WINESETT,STEVEN","7024","4.596154","4.5","4.576923","4.576923","4.5","4.5","4.52","4.5","4.48","4.52"
"WINGER-BEARSKIN,AMELIA","7025","4.285714","4.215805","4.358663","4.255319","4.522936","4.530675","4.779817","4.691131","4.669725","4.880734"
"WINKELMAN,EMILY HAINE","7026","4.615385","4.538462","4.230769","4.461538","4.307692","4.461538","4.538462","4.538462","4.538462","4.538462"
"WINNER,LAWRENCE HERMAN","7027","3.869369","3.995495","3.576577","4.004505","3.565611","3.833333","3.815315","4.27027","3.463964","4.126126"
"WINSLER III,ROBERT J","7028","4.528958","4.455598","4.528958","4.451737","4.847656","4.804688","4.894531","4.871094","4.824219","4.921875"
"WINSTEAD,KEVIN CHRISTOPHER","7029","4.55814","4.488372","4.139535","4.534884","4.348837","4.209302","4.44186","4.186047","4.44186","4.534884"
"WINTER,ALLISON","7030","4.052632","4","4.210526","3.842105","3.705882","4","4","4.111111","4","4.176471"
"WINTER,MATTHEW D","7031","4.709924","4.694656","4.755725","4.656489","4.6875","4.6875","4.6875","4.6875","4.6875","4.6875"
"WINTER,SANDRA M","7032","4.090909","4.386364","4.318182","4.25","3.386364","4.045455","3.772727","4.227273","3.522727","3.977273"
"WINTER,WILLIAM E","7033","4.333333","4.5","4.166667","4.166667","4.5","4.5","4.5","4.666667","4.666667","4.666667"
"WINTERSTEIN,ALMUT G","7034","4.319149","4.234043","4.021277","4.297872","4.608696","4.5","4.652174","4.630435","4.652174","4.673913"
"WISE,BENJAMIN","7035","4.625","4.470588","4.448529","4.485294","4.75","4.422222","4.889706","4.794118","4.794118","4.977941"
"WISENER,TRISTIN","7036","4.1","4.1","4.8","4","4.7","4.8","4.9","4.9","4.9","5"
"WISNIONSKI,ALYSON ROSE","7037","4.25","4.25","4.308824","4.220588","4.883333","4.9","4.9","4.916667","4.9","4.883333"
"WISSEL,CHARLOTTE","7038","4.753582","4.69914","4.707736","4.621777","4.714286","4.737143","4.754286","4.699422","4.725714","4.748571"
"WITKOWICH,ISABELLA FRANCESS","7039","4.777778","4.666667","4.777778","4.333333","4.666667","4.777778","4.777778","4.555556","4.555556","4.777778"
"WITMER,GENE","7040","3.612069","3.758621","4.077586","3.75","3.965517","4.034483","3.887931","4.387931","3.913793","4.62069"
"WITTEBORT,MANDA N","7041","3.5","3.25","4.5","3.75","3.5","4.25","4.25","4.25","4.25","4.5"
"WIXSON,JOEL G","7042","4.354545","4.309091","4.063636","4.318182","4.36","4.49505","4.51","4.663366","4.5","4.554455"
"WLADYKA,GALINA I","7043","4.90625","4.75","4.96875","4.875","4.967742","4.83871","4.903226","4.83871","4.806452","4.967742"
"WOHLGEMUTH,STEPHANIE","7044","4.649123","4.526316","4.350877","4.526316","4.649123","4.684211","4.754386","4.736842","4.596491","4.807018"
"WOLF,JAKE","7045","4.647651","4.590604","4.553691","4.536913","4.782875","4.711656","4.792049","4.714724","4.788991","4.825688"
"WOLF,JONAH REUBEN","7046","4.1","4.033333","4.133333","3.966667","4.266667","4.433333","4.5","4.666667","4.333333","4.5"
"WOLF,JONATHAN","7047","4.46","4.48","4.84","4.34","4.612245","4.673469","4.755102","4.74","4.68","4.98"
"WOLF,MICHAEL ALLAN","7048","4.466321","4.326425","4.295337","4.19171","4.367876","4.331606","4.34715","4.585492","4.181347","4.891192"
"WOLFE,CHRISTIAN D","7049","3.846154","3.846154","3.846154","3.884615","3.846154","3.5","4.192308","3.923077","3.884615","4.346154"
"WOLFER,ALEXANDRA E","7050","4.019231","4.038462","4.115385","4.076923","4.183673","4.673469","4.44898","4.673469","4.469388","4.408163"
"WOLFF,PAUL B","7051","4.339623","4.377358","4.09434","4.358491","4.326923","4.461538","4.673077","4.692308","4.576923","4.596154"
"WOLIVER,CORY","7052","4.738717","4.68171","4.684086","4.5962","4.680365","4.689498","4.721461","4.682028","4.69863","4.712329"
"WOLIVER,ROBBIE","7053","4.458333","4.458333","4.5","4.333333","4.625","4.625","4.541667","4.75","4.541667","4.625"
"WOLKING,SARAH HORN","7054","4.495362","4.356215","4.543599","4.512059","4.267161","4.415584","4.667904","4.680891","4.311688","4.883117"
"WOLLNEY,EASTON N","7055","4.466667","4.4","4.466667","4.4","4.733333","4.8","4.733333","4.733333","4.666667","4.733333"
"WOLPERT,ANDREW OXMAN","7056","4.590909","4.590909","4.659091","4.681818","4.772727","4.636364","4.863636","4.840909","4.727273","4.931818"
"WONG,ALEXANDER JIN","7057","4.002451","4.090686","3.259804","4.10049","3.702703","3.904192","3.97619","4.18209","3.960961","3.964072"
"WONG,CHUN NIN","7058","4.588235","4.352941","4.764706","4.5","4.764706","4.911765","4.823529","4.852941","4.735294","4.970588"
"WONG,TAN F","7059","4.237903","4.221774","4.112903","4.241935","4.226721","4.133603","4.441296","4.538462","4.121457","4.813765"
"WONG,VIVIAN","7060","4.448276","4.310345","4.103448","4.413793","4.428571","4.571429","4.678571","4.714286","4.551724","4.758621"
"WONKKA,CARISSA","7061","3.727273","3.363636","4","3.454545","3.5","4","3.7","4.5","3.9","4.3"
"WOOD,CASEY GLENN","7062","4.303191","4.202128","4.164894","4.340426","4.421622","4.318919","4.664865","4.567568","4.627027","4.648649"
"WOOD,MARK A","7063","5","5","4.714286","4.714286","4.428571","4.142857","4.714286","4.714286","4.714286","5"
"WOOD,TRISTAN DANIEL","7064","4.333333","4.666667","4.333333","4.166667","3.666667","4","4.166667","4.333333","4.5","4.833333"
"WOODARD,DAMON LAMAR","7065","4.495146","4.456311","4.281553","4.436893","4.592233","4.543689","4.679612","4.669903","4.660194","4.728155"
"WOODARD,RICHARD P","7066","3.975439","4.017544","3.729825","4.010526","3.66171","3.88764","3.977695","4.185874","3.639405","4.472119"
"WOODS,BREANNE","7067","4.339286","4.303571","3.982143","4.375","4.214286","4.392857","4.464286","4.464286","4.428571","4.375"
"WOODS,SHEMAR RUSSELL","7068","4.666667","4.5","4.833333","4.5","5","5","5","4.833333","5","5"
"WOODS,THOMAS GENNARO","7069","4.137931","4.103448","4.068966","4.103448","4.482759","4.448276","4.551724","4.482759","4.551724","4.689655"
"WOOTEN,JENNIFER ANN","7070","4.36","4.333333","4.406667","4.36","4.506667","4.34","4.706667","4.6","4.553333","4.813333"
"WORDEN,NATALIE J","7071","4.111111","4.101852","4.240741","4.138889","4.18","4.14","4.02","4.24","4.34","4.04"
"WORTH,MEGAN R","7072","3.933333","4.266667","3.6","4.2","3.8","4.6","4.066667","4.8","3.666667","4.333333"
"WORTHINGTON,TYLER WESTSCOTT","7073","4.491228","4.280702","3.982456","4.438596","4.807018","4.859649","4.842105","4.824561","4.842105","4.842105"
"WREGE,COLESON","7074","4.571429","4.571429","4.571429","4.571429","4.857143","4.857143","4.857143","4.857143","4.857143","4.857143"
"WRIGHT,DANAYA C","7075","4.287879","4.295455","4.348485","4.25","4.181818","4.151515","4.409091","4.287879","4.030303","4.757576"
"WRIGHT,DAVID H","7076","4.423529","4.258824","4.164706","4.270588","4.305882","4.341176","4.564706","4.458824","4.458824","4.564706"
"WRIGHT,ERIC A","7077","4.247253","4.346154","4.142857","4.269231","4.307692","4.5","4.434066","4.615385","4.340659","4.60989"
"WRIGHT,JAMIR","7078","4.111111","3.944444","4.583333","4.305556","4.257143","4.457143","4.571429","4.542857","4.371429","4.542857"
"WRIGHT,KRISTINA LYNN","7079","4.525773","4.443299","4.42268","4.484536","3.566667","4.032787","3.898305","3.949153","3.793103","3.813559"
"WRIGHT,KYLIE","7080","4.243243","3.972973","3.918919","4.27027","4.189189","4.621622","4.486486","4.675676","4.351351","4.459459"
"WRIGHT,LAURENE K","7081","4.5","4.452381","3.833333","4.507937","4.168","4.325397","4.428571","4.531746","4.31746","4.380952"
"WRIGHT,ROBIN M","7082","3.897059","3.808824","3.367647","3.955882","3.676471","3.985294","4","4.235294","3.75","4.323529"
"WRIGHT,SAGE A","7083","4.5","4.333333","4.555556","4.277778","4.777778","4.888889","4.722222","5","4.777778","4.944444"
"WRIGHT,TRACY B","7084","4.363636","4.454545","3.818182","4.181818","3.545455","3.545455","3.727273","4.090909","3.909091","3.818182"
"WRIGHT,WILLIE","7085","2.285714","2.571429","1.952381","2.809524","2.047619","2.261905","2.166667","2.047619","2.142857","2.333333"
"WU,CHI-YEN","7086","4.624183","4.552288","4.643791","4.584967","4.63986","4.559441","4.664336","4.604895","4.685315","4.678322"
"WU,CHIEN-TE (VINCE)","7087","4","4.085714","4.028571","3.657143","3.8","3.8","4.057143","4.085714","3.742857","4.314286"
"WU,JUE","7088","4.47619","4.47619","4.190476","4.380952","4.595238","4.714286","4.690476","4.857143","4.547619","4.785714"
"WU,LIZI","7089","4.333333","4.2","3.866667","4.333333","4.785714","4.785714","4.785714","4.785714","4.785714","4.785714"
"WU,SIYUAN","7090","2.833333","2.75","3.5","2.916667","3.416667","4.454545","3.666667","4.333333","3.833333","4"
"WU,XINLEI","7091","4.180723","4.168675","3.987952","4.180723","4.272727","4.515152","4.545455","4.612121","4.345455","4.630303"
"WU,YANBIN","7092","3.745098","3.941176","3.75817","3.875817","3.72549","3.69281","4.013072","4.006536","3.614379","4.392157"
"WU,YINGYING","7093","4.287129","4.227723","3.851485","4.405941","3.841584","3.970297","4.128713","4.267327","3.821782","4.336634"
"WU,YONGHUI","7094","4.666667","4.7","4.633333","4.5","4.833333","4.7","4.933333","4.9","4.833333","4.966667"
"WU,ZHENFEI","7095","3.730159","3.857143","3.174603","3.68254","3.33871","3.435484","3.677419","3.854839","3.516129","3.758065"
"WUERZ,JULIA ANN","7096","4.670922","4.590071","4.662411","4.598582","4.731634","4.689189","4.773613","4.741742","4.742129","4.808096"
"WULFF,STEFANIE","7097","4.75","4.75","4.783333","4.716667","4.916667","4.866667","4.95","4.966667","4.933333","4.95"
"WUSYLKO,CHRISTINE","7098","4.142857","4.214286","4.857143","4","4.785714","4.857143","4.928571","4.785714","4.857143","4.928571"
"XHUMARI,JESSICA","7099","4.414634","4.512195","4.536585","4.487805","4.9","4.725","4.95","4.925","4.8","4.85"
"XI,ZEXU","7100","4.625","4.5","4.5","4.375","4.5","4.875","4.75","4.75","4","5"
"XIA,YE","7101","3.508197","3.595628","3.112022","3.672131","3.153005","3.457534","3.516393","3.959016","3.352459","3.737705"
"XIAN,XIAOCHEN","7102","4.406593","4.450549","4.285714","4.417582","4.538462","4.56044","4.725275","4.736264","4.538462","4.769231"
"XIANG,QINGYUAN","7103","3.692308","3.846154","3.846154","3.846154","4.076923","4.307692","4.230769","4.307692","4","4.461538"
"XIAO,FEIFEI","7104","4.571429","4.642857","4.571429","4.535714","4.5","4.714286","4.75","4.714286","4.464286","4.785714"
"XIAO,LONG","7105","4.458904","4.39726","4.287671","4.356164","4.623288","4.691781","4.753425","4.8","4.582192","4.869863"
"XIAO,RUI","7106","4.575758","4.464646","4.313131","4.484848","4.545455","4.765306","4.707071","4.785714","4.585859","4.676768"
"XIAO,YING","7107","4.135714","4.071429","4.278571","4.128571","4.244604","4.434783","4.546763","4.517986","4.273381","4.791367"
"XIE,MINGYI","7108","3.412073","3.446194","3.566929","3.745407","3.682796","3.565341","3.765193","3.621469","3.756684","4.005348"
"XIE,SHICHU","7109","4.308824","4.044118","4.404412","4.058824","4.404412","4.492647","4.647059","4.595588","4.477941","4.544118"
"XIE,WENJUN","7110","4.294118","4.235294","4.294118","4.294118","4.529412","4.294118","4.647059","4.470588","4.529412","4.705882"
"XING,CHENGGUO (CX)","7111","4.132353","4.014706","3.794118","4.147059","4.402985","4.268657","4.432836","4.378788","4.462687","4.522388"
"XING,WANLI","7112","4.25","4.166667","3.916667","4","3.75","4.5","4.083333","4.5","3.916667","4.416667"
"XIONG,XIAOMENG","7113","4.408451","4.323944","4.126761","4.309859","4.380282","4.549296","4.535211","4.605634","4.478873","4.422535"
"XIRAU-PROBERT,PATRICIA M","7114","4.578947","4.578947","4.578947","4.578947","4.684211","4.684211","4.684211","4.684211","4.684211","4.684211"
"XU,DOUGLAS","7115","2.69697","2.848485","2.757576","3.075758","2.575758","2.69697","2.924242","3.121212","2.523077","3.378788"
"XU,HAN","7116","4.782051","4.698718","4.788462","4.711538","4.935897","4.897436","4.955128","4.903846","4.929487","4.974359"
"XU,HENG","7117","4.244898","4.204082","4.408163","4.183673","4.653061","4.734694","4.755102","4.714286","4.673469","4.918367"
"XU,JIE","7118","4.078652","4.213483","3.966292","4.325843","4.119048","4.369048","4.238095","4.5","4.285714","4.369048"
"XU,KUN","7119","4.805556","4.75","4.833333","4.75","4.861111","4.777778","4.888889","4.888889","4.805556","4.944444"
"XU,SIYAO","7120","4.116279","4.046512","3.953488","4.093023","3.767442","4.093023","4.27907","4.488372","3.976744","4.325581"
"XU,SUNNY","7121","4.05","4.1","4.35","4.05","4.5","4.6","4.75","4.8","4.15","4.65"
"XU,XINGJIAN","7122","4.395349","4.372093","3.813953","4.418605","4.690476","4.904762","4.857143","4.952381","4.666667","4.880952"
"XU,YINGCHEN","7123","4.043478","4.173913","4.347826","4.086957","3.666667","3.666667","3.833333","3.666667","3.666667","3.833333"
"XU,YUE","7124","4.333333","4.333333","4.166667","4.333333","4.5","4.833333","4.833333","4.833333","4.5","4.666667"
"XU,ZHEN","7125","4.4","4.266667","3.8","4.266667","4.333333","4.6","4.666667","4.6","4.466667","4.666667"
"XUE,BINGKAN","7126","4.13245","4.205298","3.913907","4.119205","4.139073","4.072848","4.417219","4.437086","4.238411","4.649007"
"XUE,JIANGENG","7127","4.125","4.099138","3.866379","4.086207","3.961207","4.025862","4.237069","4.461207","4.012931","4.625"
"XUE,LINGQIN","7128","3.681818","3.852273","3.409091","3.988636","3.534091","3.909091","4.090909","4.340909","3.647727","4.352273"
"XUE,WEI","7129","4.237624","4.257426","3.70297","4.178218","3.90099","3.950495","4.029703","4.24","3.80198","4.128713"
"YACOE,MORGAN E","7130","3.55102","3.596939","3.52551","3.52551","3.627551","3.931579","4.163265","4.397959","4.117347","4.642857"
"YACOUBI KEYHANI,BASMA","7131","4.054054","4.135135","3.837838","4.297297","3.972973","4.081081","4.27027","4.324324","4.027027","4.486486"
"YADAV,HIMANSHU","7132","3.925234","4.056075","3.401869","4.018692","3.633136","3.840237","3.893491","3.982353","3.794118","3.881657"
"YAGHJYAN,LUSINE","7133","4.375","4.625","4.5","4.125","4.5","4.125","4.5","4.375","4.375","4.5"
"YAMAMOTO,JANET K","7134","5","5","5","5","5","5","5","5","5","5"
"YAN,HUA","7135","3.904925","3.826949","3.264706","4.054036","3.482759","3.575967","4.116713","4.240664","3.609235","4.347586"
"YAN,RAE","7136","4.872727","4.872727","4.890909","4.763636","4.945455","4.927273","4.945455","4.981818","4.927273","4.945455"
"YAN,SIYIN","7137","2.545455","2.848485","3.121212","2.939394","3.466667","3.533333","3.666667","3.633333","3.666667","3.9"
"YAN,XIANG 'JACOB'","7138","4.730769","4.730769","4.769231","4.615385","4.884615","4.884615","4.884615","4.923077","4.923077","4.923077"
"YANES,KARINA","7139","4.666667","4.666667","4.666667","4.416667","4.75","4.583333","4.916667","4.833333","4.833333","5"
"YANG,ANQI","7140","3.671429","3.628571","3.928571","4.028571","3.471429","3.571429","3.8","3.871429","3.371429","3.985714"
"YANG,BIXUAN","7141","2.515152","3.121212","2.787879","3.181818","2.666667","3.424242","2.909091","3.645161","2.757576","2.969697"
"YANG,BOYA","7142","4.096491","4.236842","3.622807","4.280702","3.9125","4.15","4.075","4.2375","3.936709","4.1"
"YANG,DI","7143","4.380952","4.428571","3.857143","4.380952","4.380952","4.380952","4.333333","4.619048","4.333333","4.761905"
"YANG,HAIYIN","7144","4.44186","4.418605","4.55814","4.418605","4.534884","4.651163","4.697674","4.790698","4.55814","4.813953"
"YANG,HUIPING","7145","4.090909","3.909091","4.363636","4.090909","4.545455","4.545455","4.818182","4.636364","4","4.818182"
"YANG,JINGJIE","7146","4","4","4","4.25","3.5","4","4.25","5","4.25","4.25"
"YANG,JINSUNG","7147","4.1","3.95","4.35","4.125","3.575","3.6875","4.075","4.125","3.35","4.65"
"YANG,JUNHUI","7148","4.116279","4.139535","4.186047","4.116279","4.255814","4.348837","4.581395","4.44186","4.302326","4.534884"
"YANG,QINGYUAN","7149","3.333333","3.666667","3.333333","3.75","3.416667","4.25","4","4.5","3.583333","3.916667"
"YANG,XIANRUI","7150","4.733333","4.733333","4.733333","4.733333","4.866667","4.933333","4.866667","4.933333","4.933333","4.866667"
"YANG,YAN","7151","4.75","4.25","3.75","4.25","5","4","4","4","5","5"
"YANG,YANG","7152","4.486486","4.452703","4.277027","4.506757","4.621622","4.702703","4.736486","4.763514","4.722973","4.763514"
"YANG,YONG","7153","4.425743","4.346535","4.19802","4.336634","4.425743","4.415842","4.554455","4.613861","4.29703","4.643564"
"YANG,YU","7154","3.668367","3.821429","3.55102","3.867347","3.312821","3.494898","3.479592","3.984694","3.142857","3.846939"
"YANG,ZHECHAO","7155","4.325","4.4375","4.2875","4.45","4.3375","4.55","4.5125","4.65","4.2125","4.6125"
"YANG,ZIQIAN","7156","3.179775","3.393258","2.797753","3.764045","2.75","3.261364","3.261364","4.034091","2.806818","3.693182"
"YANONG,ROY P","7157","4.533333","4.433333","4.377778","4.611111","4.6","4.347222","4.733333","4.60274","4.697368","4.763158"
"YAO,SHUO","7158","4.6","4.6","4.8","4.6","4.8","4.8","5","4.8","4.8","5"
"YAO,ZEPENG","7159","4.135135","4.047297","3.77027","4.189189","3.763514","3.939189","4.168919","4.452703","3.932432","4.371622"
"YARED,UNNA MARIE","7160","4.744444","4.711111","4.722222","4.7","4.877778","4.911111","4.9","4.9","4.911111","4.911111"
"YASAR,ISMAIL DOGANCAN","7161","4.628571","4.6","4.685714","4.657143","4.888889","4.777778","4.888889","4.888889","4.888889","4.777778"
"YATES,VELVET","7162","4.592593","4.555556","4.666667","4.62963","4.703704","4.37037","4.814815","4.851852","4.703704","4.703704"
"YATES,ZOE MARIE","7163","3.777778","3.861111","4.055556","3.916667","3.694444","4.027778","4","4.25","3.972222","4.277778"
"YAVUZ,TUBA","7164","4.545455","4.464646","4.333333","4.545455","4.494845","4.459184","4.581633","4.693878","4.367347","4.785714"
"YAZZIE,OWEN MIKE","7165","4.714286","4.571429","4.428571","4.285714","4.75","4.75","4.75","4.75","4.75","4.75"
"YE,CARL","7166","4.372093","4.383721","3.639535","4.401163","4.007407","4.283582","4.444444","4.377778","3.955556","4.488889"
"YE,HONGLI","7167","4.202899","4.227053","4.188406","4.26087","4.251208","4.533981","4.468599","4.589372","4.217391","4.613527"
"YEATMAN,DUSTIN TATE","7168","4.328814","4.257627","3.813559","4.271186","4.039146","4.228571","4.287234","4.355872","4.163701","4.212766"
"YEBOAH,AKWASI","7169","4.234783","4.243478","4.295652","4.208696","4.121739","4.104348","4.408696","4.26087","4.069565","4.530435"
"YEE,JAYME CELESTE","7170","5","5","5","5","5","5","5","5","5","5"
"YEH,SHU-HAN","7171","4.800905","4.638009","4.778281","4.638009","4.859729","4.846154","4.914027","4.846154","4.78733","4.927602"
"YELTON,JOHN M","7172","3.806051","3.961986","3.357642","3.94104","3.929811","3.898104","4.280536","4.272656","4.064618","4.580772"
"YEROS,STATHIS G","7173","4.384615","4.192308","4.423077","4.057692","4.434783","4.23913","4.456522","4.347826","3.869565","4.717391"
"YESENOSKY,DANIEL","7174","4.381443","4.360825","4.123711","4.340206","4.329897","4.56701","4.474227","4.56701","4.443299","4.43299"
"YESILYURT,BORAN","7175","4.4","4.466667","4.533333","3.866667","4.8","4.733333","4.933333","4.866667","4.8","4.933333"
"YESMIN,AFSANA","7176","3.624","3.672","3.216","3.792","3.484848","3.590909","3.878788","3.863636","3.727273","3.818182"
"YETKE,NIKKI","7177","4.571429","4.428571","4.178571","4.5","4.142857","4.285714","4.535714","4.571429","4.464286","4.464286"
"YIN,MINGZHANG","7178","4.458824","4.505882","4.364706","4.482353","4.517647","4.623529","4.623529","4.705882","4.388235","4.729412"
"YIN,RUI","7179","4.071429","3.964286","4.178571","3.964286","4.321429","4.357143","4.5","4.571429","4.464286","4.642857"
"YING,GELAN","7180","4.469388","4.428571","4.244898","4.469388","3.923077","4.115385","4","4.08","3.884615","4"
"YOON,ALEX H","7181","4.75","4.5","4.75","4.5","5","5","5","5","5","5"
"YOON,HYUNCHEOL","7182","4.8","4.65","4.725","4.725","4.8","4.775","4.95","5","4.875","4.925"
"YOON,SAUN-JOO","7183","4.366906","4.172662","4.23741","4.251799","3.539326","4.078652","4.067416","4.303371","3.494382","4.393258"
"YOON,SEAN","7184","4.565217","4.5","4.326087","4.565217","4.192308","4.461538","4.5","4.730769","4.269231","4.5"
"YOON,SUNGEUN","7185","4.5","4.375","3.875","4.625","4.5","4.375","4.5","4.625","4.5","4.625"
"YOON,YONG-KYU","7186","4.5625","4.455357","4.339286","4.491071","4.580357","4.544643","4.660714","4.651786","4.553571","4.758929"
"YORK,ALEXANDER T","7187","4.137608","4.142299","3.438624","4.204848","3.620304","3.739792","3.952951","4.171451","3.838942","4.002392"
"YORK,DUSTIN","7188","4.589041","4.547945","4.561644","4.493151","4.808219","4.808219","4.849315","4.849315","4.794521","4.890411"
"YORKOWITZ,JONATHAN","7189","4.054054","3.945946","4.648649","4.054054","4.378378","4.459459","4.648649","4.567568","4.702703","4.783784"
"YOST,MICHAYLA","7190","4.516667","4.5","4.2","4.55","4.465517","4.724138","4.706897","4.775862","4.655172","4.689655"
"YOU,MYUNGHEE","7191","4.186441","4.161017","4.042373","4.177966","4.033898","4.307692","4.538462","4.487179","3.991525","4.847458"
"YOU,ZHENGZHONG","7192","3.311111","3.577778","3.488889","3.333333","2.888889","3.8","3.6","4.355556","2.555556","4.288889"
"YOUM,SANGPIL","7193","3.909091","3.854545","4.072727","3.909091","4.090909","4.309091","4.363636","4.436364","4.218182","4.472727"
"YOUNG,HEATHER L","7194","3.967041","3.962132","3.734923","3.942496","3.880113","4.053786","4.299929","4.345992","4.164673","4.420534"
"YOUNG,J. E","7195","4.692308","4.538462","4.769231","4.769231","4.615385","4.846154","4.692308","4.538462","4.384615","4.923077"
"YOUNG,JADE ALEXANDRIA","7196","4.012195","4.020325","3.621951","4.199187","4.363636","4.393939","4.44697","4.5","4.439394","4.424242"
"YOUNG,JUSTIN","7197","4.026667","4.163333","3.486667","4.18","3.898734","4.109705","4.113924","4.265823","4.067511","4.126582"
"YOUNG,NANCY GILL","7198","4.431718","4.290749","4.370044","4.321586","4.697183","4.746479","4.788732","4.774648","4.746479","4.78169"
"YOUNG,ZACHARY","7199","4.446429","4.321429","4.455357","4.455357","4.589286","4.803571","4.6875","4.803571","4.669643","4.642857"
"YOUNGS,KELLY ANNE","7200","3.75","4","3.5","4","3.5","3.75","4.25","4","3.75","3.75"
"YOUSEFI,ELMIRA","7201","4.5","4.3","4.45","4.3","4.15","4.55","4.75","4.55","4.4","4.6"
"YOUSEFI,PAYAM","7202","4.387097","4.354839","4.387097","4.290323","4.580645","4.354839","4.580645","4.580645","4.612903","4.903226"
"YU,CHENG","7203","4.398148","4.37963","4.148148","4.462963","4.055556","4.175926","4.388889","4.601852","3.944444","4.509259"
"YU,HAIPENG","7204","4.647059","4.558824","4.705882","4.5","4.764706","4.676471","4.852941","4.882353","4.647059","4.911765"
"YU,HAN","7205","4","3.823529","3.294118","3.882353","4.166667","4.166667","4.166667","4.166667","4.166667","4.166667"
"YU,JIABIN","7206","4.454545","4.363636","4.181818","4.454545","4.363636","4","4.454545","4.454545","4.363636","4.818182"
"YU,KEVIN","7207","4.416667","4.333333","4.166667","4.25","4.333333","4.5","4.5","4.333333","4.5","4.416667"
"YU,XIAO","7208","4.764706","4.764706","4.647059","4.764706","4.823529","4.823529","4.764706","4.882353","4.764706","4.823529"
"YU,ZIWEN","7209","4.857143","4.857143","4.571429","4.857143","4.428571","4.285714","4.571429","4.428571","4.571429","4.714286"
"YUAN,ANDY","7210","4.657143","4.514286","4.657143","4.6","4.657143","4.628571","4.8","4.8","4.257143","4.828571"
"YUAN,LIHUI","7211","4.440958","4.3782","4.409579","4.409579","4.758877","4.701653","4.804959","4.75124","4.74876","4.834847"
"YUE,FENG","7212","4.628141","4.512563","4.502513","4.58794","4.613065","4.59799","4.839196","4.78392","4.452261","4.874372"
"YUE,RUIQIU","7213","4.046296","4.12963","4","4.074074","3.771429","3.895238","4.180952","4.133333","3.92381","4.209524"
"YUKSEL,ECE","7214","3.794872","3.666667","3.205128","3.974359","3.102564","3.205128","3.692308","4.102564","3.410256","3.820513"
"YUN,LYDIA","7215","4.136986","4.082192","3.945205","4.178082","4.150685","4.30137","4.424658","4.541667","4.178082","4.493151"
"YUN,MINJI","7216","3.782609","3.608696","4.043478","3.608696","4.565217","4.826087","4.608696","4.826087","4.608696","4.956522"
"ZACHARIAH,TREVOR THEADORE","7217","4.6","4.8","4.8","4.8","5","5","5","5","5","5"
"ZACHMANN,GAYLE MOSKOWITZ","7218","4.675676","4.594595","4.702703","4.486486","4.810811","4.405405","4.513514","4.783784","4.540541","5"
"ZAFAR,SANA","7219","4.512821","4.444444","4.598291","4.367521","4.65812","4.717949","4.717949","4.760684","4.760684","4.820513"
"ZAHID,MONDAL HASAN","7220","3.0625","3.40625","3.28125","3.625","3.0625","3.5625","3.15625","3.875","3.0625","3.84375"
"ZAHRAN,WILLIAM","7221","4.777778","4.666667","4.555556","4.666667","4.777778","4.777778","4.777778","4.777778","4.777778","4.777778"
"ZAJAC-KAYE,MARIA","7222","4.111111","4.222222","4.222222","4","4.111111","4","4.444444","4.333333","4.222222","4.666667"
"ZALUZEC,MATTHEW J","7223","4.857143","4.809524","4.857143","4.666667","4.809524","4.619048","4.904762","4.857143","4.904762","5"
"ZAMBRANO,CARLOS J","7224","4.196078","4.205882","3.54902","4.137255","3.901961","4.088235","4.313725","4.352941","4.019608","4.22549"
"ZAMBRANO,REBECCA SOPHIA","7225","3.875","3.765625","3.78125","3.84375","3.685185","4.037037","3.925926","4.037037","3.944444","4"
"ZAMORA CARVAJAL,DAIREN","7226","4.4","4.5","4.8","4.4","4.65","4.7","4.9","4.75","4.55","4.75"
"ZANG,XINYU","7227","4.806452","4.677419","4.677419","4.677419","4.677419","4.967742","4.83871","4.935484","4.483871","4.903226"
"ZAPLETAL,JINDRICH","7228","4.287879","4.333333","3.833333","4.287879","4.090909","4.454545","4.106061","4.348485","4.060606","4.560606"
"ZAPPELLA,CHRISTINE","7229","3.555556","3.222222","3.222222","4.222222","3.333333","2.666667","3.777778","2.888889","3.555556","4.888889"
"ZARAGOZA,DOMINIQUE R","7230","2.55","2.7","3.15","3","3.4","3.35","3.65","3.5","3.8","3.85"
"ZARE,ZAHRA","7231","4.142857","4.142857","4.142857","4.178571","4.428571","4.607143","4.785714","4.642857","4.428571","4.571429"
"ZARICHNYY,MYKHAYLO","7232","4.21875","4.21875","3.65625","4.09375","3.3","3.3","3.533333","3.533333","3.5","3.8"
"ZARRINPAR,ALI","7233","4.259259","4.037037","4.111111","4.222222","4.37037","4.185185","4.481481","4.555556","4.555556","4.407407"
"ZAWAHRY,IMAN","7234","4.633609","4.556474","4.561983","4.498623","4.531856","4.495845","4.66205","4.609418","4.588889","4.808864"
"ZEDALIS,JENNIFER MARY","7235","4.714286","4.555556","4.650794","4.793651","4.857143","4.857143","4.888889","4.84127","4.873016","4.952381"
"ZEGARRA ACEVEDO,ALLEN JUAN","7236","4.368421","4.263158","4.473684","4.473684","4.789474","4.842105","4.947368","4.736842","4.789474","4.947368"
"ZEIGLER,CYD","7237","4.5","4.5","4.5","4.333333","4.833333","4.666667","4.666667","4.833333","4.833333","4.666667"
"ZEIGLER,TRAVIS M","7238","3.482759","3.827586","3.758621","3.724138","4.310345","4.310345","4.517241","4.448276","4.448276","4.344828"
"ZEILE,WILLIAM L","7239","4.172043","3.942652","3.827957","4.143369","3.978339","3.906475","4.165468","4.280576","3.910072","4.392086"
"ZELAYA,IVONNE ANDREA EUNICE","7240","4.5","4.4","4.62","4.44","4.68","4.68","4.8","4.78","4.7","4.9"
"ZELINSKY,KELSEY NICHOLE","7241","4.118812","4.108911","4.148515","4.237624","4.693069","4.732673","4.861386","4.782178","4.792079","4.930693"
"ZELL,MARK T","7242","4.291667","4.229167","3.916667","4.208333","4.291667","4.5625","4.5","4.583333","4.4375","4.395833"
"ZENG,CHENJIE","7243","4.234568","4.240741","4.04321","4.203704","3.75188","4","4.24812","4.340909","3.819549","4.604478"
"ZENG,LIN","7244","4.210526","3.947368","4.052632","4.157895","4.25","4.375","4.5","4.375","4.3125","4.375"
"ZENG,YONG","7245","3.62069","3.431034","3.396552","3.586207","3.275862","3.603448","3.948276","4.051724","3.413793","4.293103"
"ZENGOTITA,DANIEL HIRAM","7246","3.820225","3.88764","4.078652","3.786517","3.820225","3.876404","4.089888","4.258427","4","4.134831"
"ZENHOM,ESLAM MUHAMMED AHMED","7247","3.923077","4.038462","3.923077","4.076923","4.307692","4.461538","4.346154","4.423077","4.115385","4.192308"
"ZERINGUE,KATHERINE","7248","5","5","5","4.666667","5","5","5","5","5","5"
"ZHAI,YUSEN","7249","4.8125","4.8125","4.875","4.75","4.875","4.8125","5","4.9375","4.875","4.9375"
"ZHANG,BOCE","7250","4.72","4.58","4.56","4.64","4.836735","4.816327","4.918367","4.918367","4.88","4.938776"
"ZHANG,BORUI","7251","4","4.06","3.94","3.98","4.12","3.96","4.38","4.34","4.2","4.68"
"ZHANG,CHAO","7252","3.608696","4.086957","3.608696","4.086957","2.913043","3.652174","3.130435","3.913043","2.869565","3.043478"
"ZHANG,CHENG","7253","4.302703","4.313514","4.410811","4.297297","4.486486","4.724324","4.691892","4.789189","4.335135","4.810811"
"ZHANG,DEMI","7254","4.263636","4.245455","3.863636","4.118182","4.245098","4.431373","4.519608","4.415842","4.284314","4.392157"
"ZHANG,FAN","7255","4.5","4.5","4.6","4.366667","4.7","4.566667","4.8","4.666667","4.6","4.766667"
"ZHANG,HONG","7256","2.5","2.833333","3.75","2.5","4.583333","4.75","4.833333","4.666667","4.666667","4.75"
"ZHANG,HONGYI","7257","2.84","2.92","3.24","3.2","3.08","3.24","3.6","3.4","3.4","3.68"
"ZHANG,HUIMIN","7258","4.307692","4.230769","4.692308","4.461538","4.461538","4.538462","4.769231","4.769231","4.307692","4.692308"
"ZHANG,JAMIE","7259","4","4.166667","4.375","4.083333","4","4.166667","4.458333","4.208333","3.875","4.708333"
"ZHANG,JINGYU","7260","4.236842","4.263158","4.333333","4.263158","4.27193","4.438596","4.561404","4.570175","4.359649","4.605263"
"ZHANG,KAILI","7261","4.375","4.3125","4","4.3125","3.125","3.8","3.6875","3.8125","3.125","3.8125"
"ZHANG,KAIYU","7262","4.305085","4.338983","4.305085","4.288136","4.525424","4.542373","4.694915","4.610169","4.576271","4.694915"
"ZHANG,LEI","7263","4.075949","4.139241","4.164557","4.316456","4.202532","4.101266","4.253165","4.481013","4.037975","4.797468"
"ZHANG,NA","7264","3.876923","4.030769","4.153846","4.107692","3.876923","4.246154","4.2","4.230769","3.753846","4.630769"
"ZHANG,NAN","7265","4.428571","4.408163","4.285714","4.326531","4.469388","4.530612","4.571429","4.571429","4.489796","4.591837"
"ZHANG,RONG","7266","4.372493","4.389685","4.068768","4.409742","4.191977","4.252149","4.498567","4.52149","4.381089","4.567335"
"ZHANG,TOM","7267","3.786942","3.814433","3.62543","3.927835","3.773852","3.98227","4.063604","4.25","4.060071","4.275618"
"ZHANG,WEIZHOU","7268","4.551724","4.586207","4.37931","4.517241","4.068966","4.137931","4.206897","4.241379","3.862069","4.344828"
"ZHANG,XI","7269","4.333333","4.5","4.444444","4.5","4.444444","4.722222","4.5","4.833333","4.166667","4.777778"
"ZHANG,XIAO-XIAO","7270","4.307692","4.346154","4.134615","4.230769","3.73913","3.822222","3.869565","4.304348","3.652174","4.173913"
"ZHANG,XIAOGUANG","7271","3.509881","3.662055","3.288538","3.644269","3.206759","3.452191","3.918489","4.021869","3.469185","4.405567"
"ZHANG,XIAOJIAN","7272","3.666667","3.666667","3","3.666667","4","4","4","4","4","4"
"ZHANG,XIAOLIANG","7273","3.846154","3.884615","3.5","4","3.8125","4.3125","4.1875","4.3125","4","4.1875"
"ZHANG,XIAOYA","7274","4.724138","4.655172","4.62069","4.586207","4.758621","4.62069","4.827586","4.724138","4.62069","4.793103"
"ZHANG,XUMIN","7275","4.336824","4.282723","4.263525","4.331588","4.513089","4.647469","4.675393","4.699825","4.483421","4.783595"
"ZHANG,YICHI","7276","3.50436","3.674419","2.87936","3.643895","2.970545","3.247407","3.556701","3.726068","3.228277","3.864507"
"ZHANG,YING","7277","4.22619","4.25","4.190476","4.22619","4.095238","4.27381","4.428571","4.452381","4.083333","4.488095"
"ZHANG,YUAN","7278","4.578947","4.421053","4.578947","4.578947","4.526316","4.684211","4.789474","4.631579","4.578947","4.842105"
"ZHANG,YUHUA","7279","3.813333","3.826667","3.48","4.04","3.506667","3.946667","3.826667","4.4","3.4","3.946667"
"ZHANG,ZHAOXI","7280","4.428571","4.571429","4.428571","4.428571","4.285714","4.285714","4.571429","4.571429","4","4.571429"
"ZHAO,CHANG","7281","4.235294","4.411765","4.529412","4.294118","4.352941","4","4.882353","4.647059","4.294118","4.705882"
"ZHAO,CHEN","7282","4.294118","4.058824","4.176471","4.294118","4.4375","4.5625","4.5","4.5","4.375","4.5"
"ZHAO,DIANSHU","7283","3.333333","3.666667","4","3.333333","3.666667","4.666667","4","4.333333","4","4"
"ZHAO,GUANQI","7284","4.571429","4.5","4.714286","4.285714","4.642857","4.785714","4.928571","4.857143","4.857143","4.857143"
"ZHAO,JING","7285","4.602151","4.591398","4.55914","4.55914","4.732558","4.755814","4.767442","4.77907","4.604651","4.790698"
"ZHAO,JINYING","7286","4","4.2","4.2","4","3.4","3.4","3.6","3.6","3.4","4.8"
"ZHAO,LEXU","7287","4","4.166667","4.416667","3.916667","4.75","4.666667","4.75","4.666667","4.75","4.75"
"ZHAO,MEIXIA","7288","3.97093","3.965116","3.427326","3.909884","4","3.924198","4.183673","4.274052","4.075802","4.314869"
"ZHAO,PENGFEI","7289","4.666667","4.666667","4.833333","4.666667","4.833333","4.833333","5","5","5","5"
"ZHAO,VINCENT RUIDONG","7290","4.320755","4.320755","4.301887","4.358491","4.245283","4.603774","4.509434","4.622642","4.113208","4.509434"
"ZHAO,WANCHEN","7291","4.34375","4.364583","3.96875","4.385417","3.956522","4.111111","4.167702","4.31677","4.068323","4.154321"
"ZHAO,XILEI","7292","4.292308","4.292308","4.184615","4.307692","4.461538","4.415385","4.523077","4.615385","4.323077","4.646154"
"ZHAO,XIN","7293","4.7375","4.6625","4.6125","4.6125","4.65","4.25","4.75","4.5375","4.4625","4.875"
"ZHAO,XUEYING","7294","3.666667","3.933333","3.8","3.8","3.866667","3.933333","4.133333","4","3.733333","4.4"
"ZHAO,YUXIN","7295","4.227273","4.318182","4.272727","4.227273","4.409091","4.590909","4.409091","4.590909","4.409091","4.545455"
"ZHENG,GUANGRONG","7296","4.090909","4","4","4.090909","4.363636","4.409091","4.5","4.5","4.409091","4.454545"
"ZHENG,HAN","7297","4.076923","4.076923","3.884615","4.153846","3.923077","3.884615","4.423077","4.461538","4.115385","4.384615"
"ZHENG,JIA","7298","4.42","4.42","4.28","4.36","4.54","4.74","4.7","4.66","4.62","4.68"
"ZHENG,WENTONG","7299","4.6125","4.5625","4.515625","4.546875","4.734375","4.6","4.7625","4.78125","4.7875","4.7875"
"ZHENG,YU","7300","3.26","3.44","3.3","3.76","2.86","3.4","3.52","3.98","2.84","4.08"
"ZHI,NAN","7301","4.382716","4.506173","4.271605","4.518519","4.160494","4.432099","4.419753","4.802469","4.037037","4.728395"
"ZHI,TIAN","7302","3.658537","3.75","3.506098","3.670732","3.208","3.385827","3.484127","3.47619","3.301587","3.616"
"ZHONG,XIANG","7303","4.178571","4.178571","3.946429","4.160714","4.035714","4.214286","4.285714","4.357143","4","4.392857"
"ZHOU,ANNE Q","7304","4.481752","4.335766","4.262774","4.459854","4.50365","4.50365","4.729927","4.781022","4.671533","4.80292"
"ZHOU,JUANNAN","7305","3","2.85","2.57","3.11","2.59","2.62","3.06","3.31","2.71","3.393939"
"ZHOU,LEI","7306","4.636364","4.545455","4.636364","4.363636","4.818182","4.454545","4.727273","4.454545","4.363636","4.727273"
"ZHOU,LIANG","7307","4.594595","4.594595","4.459459","4.594595","4.142857","4.25","4.142857","4.25","4.321429","4.321429"
"ZHOU,LINGXIAO","7308","3.935484","4.032258","3.596774","4.048387","3.5","3.737705","3.758065","4.327869","3.435484","4.048387"
"ZHOU,LISHA","7309","4.335991","4.313212","3.702733","4.279613","4.01092","4.097589","4.39678","4.504318","4.229179","4.36092"
"ZHOU,SHI","7310","4.117978","4.174157","3.567416","4.202247","3.75817","4.03268","4.163399","4.281046","3.836601","4.143791"
"ZHOU,WENYI","7311","3.802395","3.646707","3.329341","3.796407","3.742574","4","4.049505","4.22549","3.970297","4.049505"
"ZHOU,XIAO","7312","4.057143","4.128571","3.8","4.114286","3.469388","3.673469","3.734694","3.77551","3.653061","3.77551"
"ZHOU,XUANYA","7313","4","3.8","3.6","4.1","3.7","4.333333","4.111111","4.1","4","4.4"
"ZHU,DAN","7314","3.166667","3.666667","4","3.333333","2.833333","3.166667","4","4","3.333333","4.833333"
"ZHU,MINGYIN","7315","4.230769","4.269231","4.269231","4.192308","4.08","3.64","4.32","4.28","3.8","4.36"
"ZHU,RUITAI","7316","4.15","4.22","3.61","4.27","3.068182","3.431818","3.556818","3.738636","3.238636","3.75"
"ZHU,RUOYU","7317","4.319149","4.234043","4.106383","4.212766","4.326087","4.434783","4.543478","4.630435","4.413043","4.413043"
"ZHU,SHIYI","7318","4.5","4.5","4.642857","4.428571","4.571429","4.357143","4.714286","4.357143","4.642857","4.642857"
"ZHU,WANGDA","7319","2.8","3.3","2.5","3.5","2.7","2.3","2.6","2.8","2.9","3"
"ZHU,YENAN","7320","4.52381","4.47619","4.47619","4.428571","4.571429","4.47619","4.619048","4.714286","4.571429","4.666667"
"ZHUANG,YUQI","7321","4.358974","4.230769","3.564103","4.358974","3.923077","4.025641","4.384615","4.384615","4.076923","4.25641"
"ZIEGLER,KIRK J","7322","4.139241","4.291139","4.012658","4.202532","3.822785","3.936709","4.025316","4.35443","3.810127","4.21519"
"ZIELINSKI,BRANDON","7323","4.263158","4.052632","4.105263","4","4.625","4.428571","4.75","4.428571","4.625","4.75"
"ZIMMER,TRACY","7324","4.470588","4.058824","4.588235","4.352941","4.117647","4.411765","4.529412","4.705882","3.941176","4.411765"
"ZIMMERMAN,ANDREW R","7325","4.171831","4.149296","4.039437","4.250704","4.223602","4.164087","4.406832","4.434783","4.213622","4.801242"
"ZIMMERMANN,ELLEN M","7326","4.261905","4.142857","4.130952","4.107143","4.265823","4.177215","4.291139","4.227848","4.278481","4.329114"
"ZLATKOVIC,KRISTINE","7327","4.375","4.333333","4.166667","4.375","4.25","4.541667","4.520833","4.458333","4.333333","4.479167"
"ZMUDA,HENRY","7328","3.914062","3.890625","3.53125","4.007812","3.71875","3.867188","4.15625","4.242188","4.023622","4.335938"
"ZOIDIS,PANAGIOTIS","7329","4.390863","4.360406","4.350254","4.365482","4.54023","4.551724","4.563218","4.545977","4.551724","4.58046"
"ZOLOTUKHIN,SERGEI","7330","4.5","4.5","4.5","4.75","4.333333","4.333333","5","4.333333","4.666667","4.666667"
"ZOMER,HELENA","7331","4.483871","4.451613","4.612903","4.451613","4.451613","4.645161","4.677419","4.741935","4.612903","4.709677"
"ZORI,ANDREAS GIOVANNI","7332","4.261905","4.142857","4.130952","4.107143","4.346667","4.243243","4.373333","4.306667","4.346667","4.373333"
"ZORI,GAIA LYNN","7333","4.703571","4.685714","4.628571","4.639286","4.835714","4.878571","4.892857","4.917857","4.882143","4.903571"
"ZOU,HUI","7334","3.980066","3.810631","3.30897","4.119601","3.966777","3.956522","4.086379","4.328904","3.800664","4.887043"
"ZOU,JIAN","7335","4.5","4.357143","4.428571","4.285714","4.5","4.5","4.428571","4.571429","4.428571","4.642857"
"ZOU,TIANXIN","7336","4.327586","4.310345","4.241379","4.362069","4.431034","4.413793","4.568966","4.517241","4.431034","4.603448"
"ZSEMBIK,BARBARA","7337","4.375","4.375","4.3125","4.5","4.25","4.0625","4.25","4.25","4.5","4.25"
"ZUBIA,AARON ALEXANDER","7338","3.96","4.066667","4.56","3.946667","4.351351","4.27027","4.513514","4.378378","4.391892","4.878378"
"ZUCKER,ALYSSA","7339","4.676923","4.646154","4.6","4.553846","4.6","4.738462","4.846154","4.830769","4.830769","4.861538"
"ZUMWALDE,BETHANY","7340","3.166667","3.3625","2.820833","3.379167","3.372881","3.623729","3.720539","3.741611","3.709459","3.774411"
"ZUNIGA,ANDRES F","7341","4.13986","4.223776","3.468531","4.237762","3.95122","4.121951","4.227642","4.252033","4.196721","4.211382"
"ZWILLING,LARA LYN","7342","4.700472","4.568396","4.639151","4.627358","4.799528","4.735849","4.910165","4.829787","4.8487","4.938534"
